instituicao,app_id,nota,data,texto
Estácio,br.estacio.estaciomobile,3,2026-09-26 01:02:34,"A interface e as funcionalidades são muito boas, mas depois da última atualização ficou lento para carregar as matérias, as vezes é necessário reiniciar o app."
Estácio,br.estacio.estaciomobile,1,2026-09-25 22:49:38,"tem fácil acesso as matérias e informações, porém o ""botão flutuante"" da ""ia"" fica em cima de coisas importantes e não tem como tirar ou mudar o lugar o que me impede de continuar a aula pelo aplicativo (2025) tentei fazer as aulas agora só carrega a parte de pagamento (2026)"
Estácio,br.estacio.estaciomobile,1,2026-09-25 20:48:52,"Profundamente Pesado e não baixa o conteúdo para visualização Offline O aplicativo demora para abrir a única parte que funciona direito é o financeiro, todas outras parte ele joga para navegador. Lastimável em pleno 2026 ter uma operação tão instável, seja no Android ou IOS a experiência é horrível. Problemas aparente! Consumo de memória desnecessário O botão de download que não funciona está lá, mas para um efeito placebo. Contagem de tempo não funciona quando coloca os vídeos em tela"
Estácio,br.estacio.estaciomobile,1,2026-09-24 16:11:45,Não está aparecendo nada na tela inicial.
Estácio,br.estacio.estaciomobile,1,2026-09-23 23:14:06,"aplicativo horrível só trava, quase nunca abri."
Estácio,br.estacio.estaciomobile,5,2026-09-23 22:25:05,10/10! esse ano eu me formo!
Estácio,br.estacio.estaciomobile,1,2026-09-22 22:59:41,"O aplicativo está sendo péssimo!! Entrou um botão para atualizar e quando atualizei, o app simplesmente limpou e não funciona mais. Quero estudar pelo celular e está praticamente impossível fazer o login. Por favor, melhorem esse app. além disso, as aulas são extremamente extensas..Pra quem quase n tem tempo e trabalha, colocar aulas em formato de áudio ajudaria muito."
Estácio,br.estacio.estaciomobile,1,2026-09-22 16:07:56,"O app é horrível, atrapalha e muito a experiência de estudo quando não existe a opção de acessar por um computador."
Estácio,br.estacio.estaciomobile,3,2026-09-22 00:32:39,A última atualização do aplicativo ficou horrível. Voltem ao que era antes. A interface tá péssima.
Estácio,br.estacio.estaciomobile,4,2026-09-21 20:19:39,"o app é bem interessante, uma coisa que gostaria de implementação, seria a disponibilidade ter alguma forma de ver o conteúdo off-line, não sei os outros estudantes mas nem sempre tenho Wi-Fi e as vezes o tempo que tenho é voltando do trabalho e isso ajudaria para conseguir ver o conteúdo"
Estácio,br.estacio.estaciomobile,1,2026-09-21 11:52:49,"O aplicativo é bastante instável. Mas a coisa que mais frustra na usabilidade é que o botão de retornar do teclado simplesmente fecha o aplicativo, invés de retornar para a página anterior do App."
Estácio,br.estacio.estaciomobile,2,2026-09-20 22:12:30,"Infelizmente desde o início desse ano o aplicativo passou por várias atualizações... e ficou completamente bugado. As notas não atualizam, o progresso não atualiza e não consigo ver as notas do semestre passado porque não mostra."
Estácio,br.estacio.estaciomobile,1,2026-09-20 15:36:14,"Não consigo enviar documentos em PDF, me solicitaran documentos da instituição anterior, no site da Estácio só permite envio via aplicativo e no aplicativo só permite envio de imagens, mas o documento é em PDF com várias páginas."
Estácio,br.estacio.estaciomobile,1,2026-09-19 16:00:29,"o aplicativo não está abrindo as disciplinas, eu estudo EAD então muita coisa eu leio nos intervalos que eu consigo, mas no celular não abre nada, não estou conseguindo assistir nenhuma aula"
Estácio,br.estacio.estaciomobile,5,2026-09-19 00:32:05,bom aplicativo mas as vezes trava.
Estácio,br.estacio.estaciomobile,1,2026-09-18 17:25:00,"Está péssimo o aplicativo. Toda hora que vou entrar da errado e não carrega, só depois de muita insistência"
Estácio,br.estacio.estaciomobile,1,2026-09-18 11:16:38,"falta opção offline e dados móveis não funcionam, tem páginas que simplesmente não carregam ficam em branco enquanto outras abrem, não tem haver com sinal ou dados e sim com o app, porque os outros abrem normalmente, e deveria ser possível baixar disciplinas e temas para acessar offline..."
Estácio,br.estacio.estaciomobile,1,2026-09-18 00:34:20,"O app è pessimo, sempre está dando erro e fico sem o conteúdo para estudar."
Estácio,br.estacio.estaciomobile,2,2026-09-17 23:40:05,app tem constante problema no login ( tendo que desinstalar e instalar novamente
Estácio,br.estacio.estaciomobile,2,2026-09-17 21:18:08,"então o app era bom, no início da faculdade! mas agora está ruim, não abre as matérias, está muito mais lento mesmo , assim difícil pra concluir nossos estudos, vou no polo direto falar com diretor pra tentar resolver isso !"
Estácio,br.estacio.estaciomobile,4,2026-09-17 14:08:52,"Comecei a usar agora e demora pra abrir a página inicial do app. Não sei o que acontece, mas minha maior crítica é o áudio, muito baixo, mesmo no volume alto. Poderiam ver isso urgente."
Estácio,br.estacio.estaciomobile,1,2026-09-17 12:22:23,"Péssimo o design do app. Ele é TODO bugado, não tem uma parte do app q funciona totalmente correta. Essa semana fiz uma solicitação de MUDANÇA de polo. Depois q foi feito a solicitação agora só aparece 2 disciplinas EAD. TODO meu progresso nas outras 5 matérias SUMIU. A grade delas sumiu, TUDO. Não tem como nem eu assistir as aulas da matéria. O atendimento pelo wpp é péssimo, pelo requerimento dentro da plataforma é pior ainda (prazo de resposta da secretaria é extremamente longo)."
Estácio,br.estacio.estaciomobile,2,2026-09-16 19:39:21,"Meio bugado o app, quando abre o vídeo em tela cheia e depois minimiza a tela fica toda bugada e tem que fechar e abrir pra voltar ao normal. Além de que quando faz o gesto de voltar fecha o app em vez de voltar."
Estácio,br.estacio.estaciomobile,1,2026-09-16 03:55:01,"Eu estava usando muito bem esse aplicativo, até ir entrar e ele solicitar a senha. Após isso, não consigo entrar de jeito nenhum. O que fazer? Muito ruim, já tentei refazer a senha milhares de vezes e nada"
Estácio,br.estacio.estaciomobile,2,2026-09-16 00:33:11,"muitas vezes preciso estudar pelo app, mas não posso porque não funciona."
Estácio,br.estacio.estaciomobile,3,2026-09-15 22:40:22,"todas vez que se aperta o botão 'voltar' sai do aplicativo direto, em vez de voltar pra aba anterior."
Estácio,br.estacio.estaciomobile,2,2026-09-15 19:41:42,"Pessoal, o APP demora D+ para abrir. Chega em 50% e trava geral. Favor verificar..."
Estácio,br.estacio.estaciomobile,2,2026-09-15 19:24:59,"O app está quebrando na tela de disciplinas, não abre nenhuma matéria para estudar."
Estácio,br.estacio.estaciomobile,1,2026-09-15 14:45:20,"A plataforma é péssima, o site SIA é péssimo tudo nessa faculdade é ruim!"
Estácio,br.estacio.estaciomobile,1,2026-09-15 13:56:40,"Demora muito para ver e além disso quando eu vou para o meu polo, a secretaria( deveria dar um bônus para ela) literalmente tenta me ajudar só que a estácio ela está nem aí com seus alunos que fazem EAD, principalmente quando é de longe, pelo amor vocês podem resolver isso para ontem se não vão perder várias pessoas."
Estácio,br.estacio.estaciomobile,1,2026-09-14 01:02:52,"aplicativo está travando demais, não abre os conteúdos das matérias, não consigo estudar, estou tentando enviar um trabalho agora, já abri e fechei o app várias vezes e não consigo abrir o conteúdo das matérias, péssimo"
Estácio,br.estacio.estaciomobile,1,2026-09-13 22:41:32,Péssima experiência com o app. Os vídeos não abrem e o suporte é péssimo em resolver o problema.
Estácio,br.estacio.estaciomobile,3,2026-09-11 21:52:00,"o app fica travado e não abre as aulas, atrapalhando demais os estudos"
Estácio,br.estacio.estaciomobile,1,2026-09-11 13:04:44,"Péssimo aplicativo! Ruim para abrir, ruim para carregar as matérias e qualquer outra funcionalidade que você precisar, além de tudo é muito lento. Já faz alguns dias que a página inicial não carrega, fica uma tela toda em branco, então pra ter acesso as matérias, preciso ir no menu do lado direito e acessar por lá e quando tento abrir uma matéria simplesmente não abre, então tenho que fechar o aplicativo e fazer tudo de novo e até abrir a matéria demora muito. Isso desanima muito os estudos."
Estácio,br.estacio.estaciomobile,1,2026-09-11 01:06:32,"vocês atualizaram o aplicativo e ficou muito lento, não tô conseguindo acessar minha área home do app. fica carregando e não abre"
Estácio,br.estacio.estaciomobile,1,2026-09-10 13:51:32,"aplicativo horrível,eu não indico essa faculdade para ninguém,só vou terminar porque já está acabando,mais seu soubesse nunca tinha entrado,só estou passando raiva"
Estácio,br.estacio.estaciomobile,2,2026-09-08 17:07:39,o botão de voltar fecha o aplicativo ao invés de voltar para os menus
Estácio,br.estacio.estaciomobile,3,2026-09-08 13:33:00,"o aplicativo anda ruim desde que atualizou, não ta aparecendo as disciplinas, nem consigo acessar nada."
Estácio,br.estacio.estaciomobile,1,2026-09-08 11:50:49,"horrível, viva dando erro"
Estácio,br.estacio.estaciomobile,1,2026-09-04 13:48:39,"Aplicativo não roda os vídeos das matérias, trava toda hora sempre que uso dados móveis, achei que fosse lentidão apenas da minha internet, mas eu consigo assistir vídeos no YouTube tranquilamente, mas na Estácio os vídeos não rodam, e quando trava ele não volta, só volta se eu fechar e abrir o aplicativo novamente, está horrível e está me atrapalhando já que não tenho como acessar a página da Estácio pelo computador do trabalho."
Estácio,br.estacio.estaciomobile,1,2026-09-04 12:26:17,horrível dps dessa atualização ficou pior ainda
Estácio,br.estacio.estaciomobile,2,2026-09-04 12:21:41,"desde que começou o semestre, não consigo acessar as disciplinas pelo app, na barra de início fica só uma tela em branco"
Estácio,br.estacio.estaciomobile,1,2026-09-03 19:37:12,quando vcs vão consertar esse APK não entra e quando entrar tá tudo branco
Estácio,br.estacio.estaciomobile,5,2026-09-03 18:53:10,Foi bem mais fácil do q imaginava
Estácio,br.estacio.estaciomobile,1,2026-09-03 16:59:33,Não está funcionando
Estácio,br.estacio.estaciomobile,1,2026-09-03 15:56:47,"Estou na terceira mensalidade e não consegui acessar o conteudo da primeira disciplina, ligo nada, suporte robotizado vou desfazer a matricula e pedir minha mensalidades devolta"
Estácio,br.estacio.estaciomobile,1,2026-09-03 01:49:54,"Esse APP é horrível, demora para carregar, trava muito, não consigo baixar os materiais por ele, se entrar em uma matéria e desejar ir para outra tem que fechar o APP e entrar novamente. Entre outras coisas que ele é péssimo, depois que meu computador apresentou problemas, precisei utilizar esse APP para estudos e está sendo uma das piores experiências. Já tentei através de Android, iOS, Wi-Fi diferente e dados móveis, continua sendo muito ruim a usabilidade dele!"
Estácio,br.estacio.estaciomobile,5,2026-09-01 23:03:34,Este aplicativo funciona confiável e sem falhas e é muito rápido gostei muito recomendo a todos os alunos da Estácio nota 1000000.
Estácio,br.estacio.estaciomobile,5,2026-09-01 21:08:43,"Excelente app, mas gostava muito da versão anterior, era melhor a página inicial. Essa nova atualização demora muito para abrir. Não gostei."
Estácio,br.estacio.estaciomobile,1,2026-08-31 23:14:36,horrivél não consigo acessar
Estácio,br.estacio.estaciomobile,2,2026-08-31 17:55:43,"o aplicativo é ruim, no meio das aulas fecha sozinho, e simplesmente não abre mais no mesmo dia, eu comprei um tablet só pra colocar este aplicativo para estudar e não adiantou. o problema não é o aparelho é o aplicativo mesmo, decepcionada. Até desan8ma estudar na estácio virtual."
Estácio,br.estacio.estaciomobile,1,2026-08-30 19:46:12,"app horrível nunca funciona e quando funciona, vive travando. tem que fechar tudo e abrir novamente. que odio. vc perde mais tempo tentando usar, do que realmente estudando."
Estácio,br.estacio.estaciomobile,2,2026-08-29 16:56:29,"O app piorou. Antes na página inicial, vc conseguia acessar a carteirinha, a grade de horários, o calendário… agora só mostra a disciplina. Para vc acessar essas outras coisas, tem q procurar no menu, com várias informações, vc acaba se perdendo. Além disso, quando vc tenta voltar para a tela anterior, o app fecha."
Estácio,br.estacio.estaciomobile,4,2026-08-29 11:46:22,A última atualização o app está demorando demais para abrir.
Estácio,br.estacio.estaciomobile,1,2026-08-29 00:29:18,"App abre e fica com a tela toda branca, uma dificuldade para entrar nas matérias, voltem atrás com a atualização"
Estácio,br.estacio.estaciomobile,5,2026-08-28 13:35:20,"O app ficou muito bom com a nova atualização, porém ainda a um bug a ser corrigido desde a última versão. Ao entrar em um conteúdo de uma matéria, logo após entrar em algum módulo do conteúdo da matéria escolhida, ao tentar voltar para a página dos módulos o app simples fica recargando a página do módulo escolhido anteriormente."
Estácio,br.estacio.estaciomobile,1,2026-08-27 17:33:06,"Achei horrível, tem hora que se você clica em algo e o app decidir que não quer abrir, você vai ter que esperar a boa vontade do app querer abrir naquela aba desejada que você está precisando. Pra um aplicativo que a faculdade é exatamente por lá. É péssimo. deveria ser muito bom e sem dor de cabeça. Mas tem muito bug."
Estácio,br.estacio.estaciomobile,1,2026-08-27 02:03:13,"Além do aplicativo ser lento, não conta os exercícios que eu fiz das minhas aulas, já estou nos nervos com esse quadro de aviso que não ajuda em nada!"
Estácio,br.estacio.estaciomobile,1,2026-08-27 00:08:40,App não abre e não importa qual rede de conexão você usa. Você simplesmente tem que abrir e fechar o app umas 10x até ele abrir o por completo.
Estácio,br.estacio.estaciomobile,1,2026-08-26 23:56:09,"Horrível. Vive bugando. Essa última atualização tá horrível. Já n era bom, ficou pior."
Estácio,br.estacio.estaciomobile,3,2026-08-26 23:46:34,"Na nova atualização, a tela inicial não carrega direito na maior parte do tempo. Arrumem isso, por favor"
Estácio,br.estacio.estaciomobile,3,2026-08-26 22:45:28,"O app é rasuavel,precisa de algumas melhorias ,não atualiza as matérias rápido. Precisa melhorar a qualidade de processamento,os vídeos as vezes dão erro e a página não abre ."
Estácio,br.estacio.estaciomobile,5,2026-08-26 20:07:32,Recomendo a todos os alunos.
Estácio,br.estacio.estaciomobile,1,2026-08-26 03:28:48,"Pra mim o app só funciona pra pagar boleto, toda vez que tento estudar e ver aulas o app simplesmente não funciona, sempre trava os vídeos e não carrega os materiais. Já testei em outro celular e continua os mesmos problemas."
Estácio,br.estacio.estaciomobile,1,2026-08-25 23:19:35,"não achei como colocar a cor escura no app, para diminuir a claridade. toda hora sai do app sem querer, porque não tem onde voltar pra tela anterior... nossa, tá MUITO ruim."
Estácio,br.estacio.estaciomobile,2,2026-08-24 21:55:52,"nossa o aplicativo e muito ruim desde o dia 19 que estou tentando abrir um requerimento e não consigo,pois não tenho acesso as minha aulas EAD , parou justamente no segundo vídeo ,pq não dá opção de fazer pelo celular, eu tenho um notebook,mas mesmo assim não abre o vídeo pra finalizar essa etapa e poder prosseguir pra outra ,pelo o tempo que perdi tentando buscar orientação já tinha tinha feita quase todas , pelo aplicativo a pessoa humana, não tem muita comunicação , pra com o aluno ......."
Estácio,br.estacio.estaciomobile,1,2026-08-24 21:43:45,"vixe tá uma lástima, não carrega nada a tela incial, ja reinstalei e nada preciso estudar..."
Estácio,br.estacio.estaciomobile,1,2026-08-24 16:02:02,"Estou cancelando meu curso . por motivos dos bugs , zeram suas notas e a culpa é do aluno . Se forem fazer o cursos antes perguntem se organizaram os bugs . Caso contrário passaram estresse. Está terrível ! , realizei atividades e simulado são zerados como ficar tranquila numa situação destas ? é muito desgastante. Falta de respeito com os alunos . várias atividades e simulados e provas se repetindo. notas somem ? bugs exagerados fazendo a situação estressante ."
Estácio,br.estacio.estaciomobile,2,2026-08-24 12:42:53,"Quero saber o motivo de não poder minimizar o app e o vídeo continuar rodando em segundo plano. Simplesmente para o áudio do vídeo. Fica naquela né, pra que serve esse app. Outro ponto, como uso os gestos do Android, faço o gesto para retornar a tela anterior, simplesmente fecha o app por completo."
Estácio,br.estacio.estaciomobile,1,2026-08-24 09:24:05,"sempre que eu entro no app, a aba inicio fica toda branca e não aparece nada, mas quando vou para as outras abas, por exemplo, financeiro, carrega na hora, só a aba inicio que não carrega."
Estácio,br.estacio.estaciomobile,1,2026-08-23 01:53:46,"Pior faculdade que já existiu, até hoje nada de certificado, diploma. já faz um ano. E nem acesso no app tenho mais. Ligo e não tenho retorno. Não indico para ninguém, pois não te dão retorno."
Estácio,br.estacio.estaciomobile,1,2026-08-22 06:01:00,abre normal mas não estou conseguindo abrir as matérias
Estácio,br.estacio.estaciomobile,2,2026-08-22 05:44:53,"Consertar um erro: Ao entrar numa disciplina para estudar, após voltar ao menu de temas, não é possível voltar ao menu principal pelo smartphone, o app trava na tela do menu de temas daquela disciplina específica. Sugestão: Melhor o ambiente de interação entre tutor(a) e aluno, principalmente para os alunos EAD, que são como eu no caso, seria bom ter um suporte e acesso a aulas ao vivo sem ter que pagar a mais por isso, pois se nossa modalidade é esta, não tem sentido cobrar a mais."
Estácio,br.estacio.estaciomobile,1,2026-08-22 00:36:59,não consigo acessar as aulas
Estácio,br.estacio.estaciomobile,1,2026-08-21 16:26:09,"muito lento, demora para carregar após a atualização recente e com diversos bugs que fazem voltar a tela de carregamento toda hora."
Estácio,br.estacio.estaciomobile,1,2026-08-21 01:33:21,"Não está dando mais para estudar pelo smartphone, as tela fica toda em branco. já atualizei , mas o problema continua. só consigo assistir as aulas pelo computador. consertem isso ."
Estácio,br.estacio.estaciomobile,4,2026-08-20 20:16:24,poderia melhor ou desenvolver pra usar em tablet porque tem alunos que tem os 2 aparelho e um auxiliar o outro
Estácio,br.estacio.estaciomobile,3,2026-08-20 19:39:48,"poderia ser melhor, quando viro a tela para assistir um vídeo de qualquer disciplina, ele começa a reproduzir o áudio do conteúdo atual e do último conteúdo enquanto a tela fica congelada na thumb do vídeo, bem bagunçado, e se eu viro a tela apenas para ler, o aplicativo fica maluco, entra e sai do modo retrato várias vezes... no computador é perfeito, mas o app no Android tem vários bugs esquisitos"
Estácio,br.estacio.estaciomobile,1,2026-08-20 14:03:03,o app e muito ruim atualizou e ficou pior do que ja era
Estácio,br.estacio.estaciomobile,1,2026-08-20 08:56:52,O aplicativo em si é horrível já efetuei o pagamento da mensalidade no dia 17/08 e não consta ainda no sistema que inferno em melhorem esse app
Estácio,br.estacio.estaciomobile,2,2026-08-20 02:05:32,"aplicativo demora demaisssss a entrar em uma aba, isso deixa muito a desejar"
Estácio,br.estacio.estaciomobile,3,2026-08-19 23:56:18,"Meio complicado estudar se o aplicativo fica em tela branca na hora de abrir, quando não é isso o aplicativo fica dando erro. Mas a cobrança de todo mês continua igual..."
Estácio,br.estacio.estaciomobile,4,2026-08-19 23:18:22,"Melhorem, porque eu não estou pegando quase 2 mil por mês para esse aplicativo ficar travando... 😒"
Estácio,br.estacio.estaciomobile,1,2026-08-19 14:25:19,"Muito lento, a galera do T.I ganha dinheiro pra não fazer nada."
Estácio,br.estacio.estaciomobile,1,2026-08-18 23:16:33,"NAO FUNCIONA MAIS APOS ATUALIZAÇÃO, NAO ABRE TACIA E NEM PAINEL PRINCIPAL, ESTA INÚTIL. NAO CONSIGO BAIXAR PDF"
Estácio,br.estacio.estaciomobile,1,2026-08-17 23:19:23,"Entrei no período dos estágios e os problemas apareceram, não consigo falar com os tutores das disciplinas, não consigo agendar com o supervisor de campo e quando busco suporte com o TI nem eles conseguem solucionar o problema; Tudo comprovado com telas printadas e pedido de requerimento. A saída e buscar o Procon ou Defensoria pública. Tenho know-how em EaD, em outra instituições;Unicesumar, UFMG (modlle) e Senac nunca tive esses problemas. Chance de indicação pra estudar na Estacio (0)."
Estácio,br.estacio.estaciomobile,5,2026-08-17 20:51:03,"Sou calouro em pedagogia, e tava até conseguindo fazer horas AAC. Do nada não abre mais os conteúdos extras, pelo celular e nem pelo computador. Minha experiência tá no início e já frustrante"
Estácio,br.estacio.estaciomobile,3,2026-08-17 19:21:25,"FALTA PROTECAO POR BIOMETRIA,( fica saindo do login ) AUMENTO DA FINTE ( letras ) E TBM, TEMA ESCURO E CORES ADICIONAIS . É IMPORTANTE LIBERAR O DONWLOAD DE PDF E COEEO AILA PARA ESTUDAR EM OFF ,🤷🏻‍♂️🤷🏻‍♂️👍👍🤜🤛"
Estácio,br.estacio.estaciomobile,1,2026-08-16 23:52:43,"ta horrível 😕 lento ,odiei essa nova atualização do aplicativo. queria o que antes mesmo . lento demais, e não é meu celular,eu já limpei,já atualizei, e meu celular tem espaço suficiente. é essa nova atualização mesmo que tá horrível."
Estácio,br.estacio.estaciomobile,1,2026-08-16 22:38:47,o app está com uma instabilidade muito grande. não abre as disciplinas pra estudar. faz qualquer coisa menos as disciplinas.
Estácio,br.estacio.estaciomobile,1,2026-08-15 10:17:13,"o app era muito bom mas agr está horrivel, bastante lento e todo desorganizado"
Estácio,br.estacio.estaciomobile,5,2026-08-14 19:10:08,"faculdade top, da todo o suporte que precisamos, o app é muito funcional, recomendo de mais a instituição e o app"
Estácio,br.estacio.estaciomobile,1,2026-08-14 18:30:00,"nem comecei a estudar a já tenho a minha insatisfação, atendimento demorado, atendentes sem atenção e fora o atendimento automático que é péssimo"
Estácio,br.estacio.estaciomobile,1,2026-08-13 11:54:41,"o app não abre as materias no celular do meu filho que é zerado , não abre no meu celular e nem no meu tablet zero com Android 16 eu Clico na matéria e a tela fica branca poxa como vou estudar?"
Estácio,br.estacio.estaciomobile,2,2026-08-12 23:51:49,"Como o aplicativo possui diversas falhas, eu prefiro usar um navegador ao invés do aplicativo."
Estácio,br.estacio.estaciomobile,1,2026-08-11 23:10:47,"No lugar de permitir o acesso com matrícula e senha, pede uma conta da Microsoft cuja senha de 6 dígitos do CPF + @ + duas primeiras letras do nome simplesmente não funciona. A praticidade mandou lembranças aqui, pqp"
Estácio,br.estacio.estaciomobile,1,2026-08-11 04:01:23,"O app piora a cada atualização. Não é possível que toda vez que eu tente voltar ou sair de uma disciplina, o app feche e pra piorar não registre o tempo de acesso de cada conteúdo."
Estácio,br.estacio.estaciomobile,1,2026-08-11 00:58:19,"Avaliação baseada na minha experiência. Aplicativo em si é bom, mas é muito decepcionante o atendimento e falta de informação dada. Consegui bolsa via proUni, mandei os documentos, mas ainda tem um que está pendente e faz 7/10 dias úteis. Sinceramente? Pelo descaso não recomendo. O suporte não ajuda, só fala pra esperar. Já não basta esperar entre 30 a 90 minutos o próprio suporte responder. Apenas desisti, pois era isso que queriam."
Estácio,br.estacio.estaciomobile,2,2026-08-10 23:11:25,Não dei 5 estrelas porque depois da última atualização ele está horrível.
Estácio,br.estacio.estaciomobile,1,2026-08-10 15:52:31,nao consigo acessar a área de conteúdos digitais no aplicativo e pelo navegador também!
Estácio,br.estacio.estaciomobile,3,2026-08-10 14:08:26,"O aplicativo é muito organizado, porém no meu Motorola Edge 60 Pro eu percebi um erro que atrapalha MUITO o seu uso. Se eu simplesmente usar o gesto de voltar (arrastar o dedo do canto direito da tela para o lado esquerdo) o aplicativo fecha e tenho que abrir de novo, ou seja, pra eu poder usar a função de voltar no app, tenho que clicar na seta de voltar e fica muito ruim ficar fazendo isso, pois o instinto de usar o gesto faz com que toda vez o aplicativo feche e tenho que reiniciar tudo."
Estácio,br.estacio.estaciomobile,1,2026-08-07 23:11:16,Sempre apresenta erro ao alterar a grade de disciplinas.
Estácio,br.estacio.estaciomobile,5,2026-08-07 12:37:59,"muito bom, super prático amei"
Estácio,br.estacio.estaciomobile,3,2026-08-06 20:13:25,"o aplicativo era bom, agr tá insalubre"
Estácio,br.estacio.estaciomobile,3,2026-08-06 13:46:22,"Mudando minhas avaliações, pelo fato de que finalmente consigo acessar o aplicativo pelo meu tablet de forma limpa e correto... porém faço dois cursos nessa Universidade e infelizmente não consigo alternar de curso para poder fazer os dois... isso me deixou triste."
Estácio,br.estacio.estaciomobile,1,2026-08-06 11:28:51,"empresa lastimável. colaboradores cometem crimes de matricular pessoas sem autorização, vontade ou solicitação. atendimento telefônico impossível, não consegue se falar com atendente. atendimento eletrônico whatsapp deplorável, nada inteligente, tem somente as opções que eles querem e não é possível falar com humano também. Tive a infelicidade de compartilhar alguns dados com um colaborador em um evento, e então efetuaram uma matrícula em meu nome sem autorização, e não consigo falar com eles"
Estácio,br.estacio.estaciomobile,5,2026-08-05 12:20:57,"Ensino de qualidade e app super intuitivo, moderno e funcional. Comparado a outros aplicativos de faculdade, nesse aqui estamos no céu! Tudo moderno, intuitivo, de fácil navegação e entendimento. Estou sempre satisfeita com as atualizações e com a estrutura total do app. A interface está linda! As últimas atualizações deixaram tudo impecável."
Estácio,br.estacio.estaciomobile,2,2026-08-05 10:34:21,não consigo mim conecta
Estácio,br.estacio.estaciomobile,1,2026-08-05 09:15:10,"Aplicativo não roda os vídeos. É absurdo! Todos travam em alguma parte. E não, não é problema da Internet nem dos meus aparelhos. Também é lamentável a falta de um canal fácil e direto onde poderíamos notificar esta situação dentro do app"
Estácio,br.estacio.estaciomobile,1,2026-08-04 18:45:11,"Eu gosto da Estácio, quando o assunto é metodologia e a aulas presenciais, honestamente não tenho a reclamar sobre isso, porém, quando o assunto é comunicação, financeiro e plataforma, pode ter certeza que essa universidade erra muito nisso..., já tô no meu segundo ano de faculdade, e sinceramente tenho visto muito mais retrocesso do que mudança com esses pontos que mencionei... Tenham urgência em mudar essas coisas, porque vocês só têm a perder com isso."
Estácio,br.estacio.estaciomobile,1,2026-08-04 14:13:08,"O atendimento é horroroso! A central não atende e quando acontece, ninguém rssolve o problema. Ah, e no WhatsApp não respondem."
Estácio,br.estacio.estaciomobile,2,2026-08-04 13:14:10,"o botão de voltar não funciona, ele sai do aplicativo independente de qual tela está. O fórum mudou e agora nao tenho acesso ao fórum da turma e o cronograma de estudos que eles forneciam sumiu"
Estácio,br.estacio.estaciomobile,5,2026-08-04 12:41:22,"Excelente aplicativo para educação EAD. A atualização mais recente facilita muito a vida de uma universitária que trabalha. 👏🏻👏🏻👏🏻👏🏻 No ano passado eu tive algumas dificuldades. Era meu primeiro ano e o aplicativo tinha falhas. Eu não diria cem por cento, mas oitenta e cinco por cento desses problemas que eu tinha em 2025, esse ano eu não tive mais."
Estácio,br.estacio.estaciomobile,2,2026-08-04 11:01:16,"O aplicativo é até bom para estudar ( modalidade EAD) , não tenho tempo e as aulas liberadas em qualquer horário ajuda demais , Mas o que mais me IRRITA E NAO FAZ SENTIDO e as provas serem agendadas para realizar pois não fica nenhum fiscal com você online e para desbloquear vc precisa de algum funcionário para fazer isso pq sozinho não dá pois sua localização tem que ser a mesma do Polo sendo que sou ead moro em Minas Gerais e meu Polo é no MARANHÃO! 🤡"
Estácio,br.estacio.estaciomobile,1,2026-08-03 22:42:19,app instável há dias
Estácio,br.estacio.estaciomobile,5,2026-08-02 17:00:25,gostando tenho certeza quê vou gostar muito mais espero quê início e vou até o final com muita disposição
Estácio,br.estacio.estaciomobile,1,2026-08-02 13:17:22,Péssimo igual a faculdade como um todo. Simplesmente não funciona. Não adianta ter um aplicativo que nunca abre quando você precisa. Nota 0
Estácio,br.estacio.estaciomobile,3,2026-08-01 17:29:49,"o modo escuro não gosto, não tem de onde tirar, pior que uma tela fica escura outra clara"
Estácio,br.estacio.estaciomobile,2,2026-07-31 21:47:05,"o app não está funcionando hoje, tá aparecendo a opção só para desconectar e não sai disso, preciso acessar minhas disciplinas."
Estácio,br.estacio.estaciomobile,3,2026-07-31 16:19:34,"Uma boa sugestão seria que as aulas adotassem uma abordagem de ""Micro Lições"" para ajudar quem não tem muito tempo para estudar. Trabalho o dia inteiro e só posso estudar durante as refeições e no meu intervalo, além de as aulas serem muito extensas, o que torna difícil manter o foco e o aprendizado. Dois aplicativos que utilizam a abordagem de ""Micro Aprendizado"" com excelência são o Duolingo (para idiomas) e Coddy (para linguagens de programação). Faça como o Coddy e o aprendizado melhorará!"
Estácio,br.estacio.estaciomobile,3,2026-07-31 14:02:34,consigo acessar informações por ele mas não consigo abrir o conteúdo no celular das aulas somente no navegador através do portal o aplicativo nem sequer mostra mais as grades de disciplina meus dados da carteirinha e nem o chat aparece mais pra tirar dúvidas já desinstalei e instalei denovo e o erro persiste
Estácio,br.estacio.estaciomobile,1,2026-07-31 05:14:59,Antes de tudo: PIOR FACULDADE DO BRASIL. Agora vamos ao APP.... O app é funcional mas não é plenamente responsivo ou intuitivo.. Algumas funcionalidade são apenas links que te redirecionam para fora do app e a cada semestre uma nova atualização que não ajuda nem melhora em nada o aplicativo.
Estácio,br.estacio.estaciomobile,3,2026-07-30 15:57:15,app muito bom porém não estou conseguindo entrar nas matérias vsi fazer uns 3 dias já
Estácio,br.estacio.estaciomobile,5,2026-07-27 23:28:42,nao tive problemas com o app
Estácio,br.estacio.estaciomobile,1,2026-07-27 23:21:02,"horrível, nunca vi um app de faculdade particular ser pior que qualquer um do gov.br; absurdo não ter uma performance digna do meu dinheiro"
Estácio,br.estacio.estaciomobile,5,2026-07-27 15:38:17,excelente Excelente aplicativo de educação digital e inovador para auferir melhor aprendizagem no tempo e no espaço.
Estácio,br.estacio.estaciomobile,1,2026-07-23 22:35:45,Péssimo atendimento. Trocaram o local da minha matrícula quando ela estava sendo feita pelo WhatsApp. A IA trava toda hora. Só quero meu dinheiro de volta.
Estácio,br.estacio.estaciomobile,5,2026-07-23 12:34:15,Estudo aqui ótima faculdade
Estácio,br.estacio.estaciomobile,1,2026-07-23 03:06:38,"Horrível! Sempre tem algum ""bug"" e sempre dá algum problema com a grade que ainda não consegui alterar, mas pra gerar o boleto pra pagar a mensalidade ele funciona perfeitamente"
Estácio,br.estacio.estaciomobile,1,2026-07-22 02:15:50,"muito complicado de acessar,não pode voltar uma aba que sai do aplicativo."
Estácio,br.estacio.estaciomobile,1,2026-07-21 23:40:44,muito ruim não consigo abrir nem uma disciplina
Estácio,br.estacio.estaciomobile,1,2026-07-21 21:17:46,O novo sistema para alterar a grade carece de funcionalidade de filtros básica.
Estácio,br.estacio.estaciomobile,1,2026-07-19 18:53:53,video aula travando abessa
Estácio,br.estacio.estaciomobile,3,2026-07-19 17:40:47,"Estou fazendo a disciplina Labvida 1 e é um verdadeiro atraso.Dou a resposta,confiro,corrijo se necessário,aparece lá que está correto e na hora de apertar para avançar,manda fazer tudo denovo, refaço e acontece a mesma coisa por repetidas vezes.Acabo perdendo muito tempo numa coisa só e só consigo estudar a noite por conta do trabalho,o tempo é curto."
Estácio,br.estacio.estaciomobile,5,2026-07-18 16:44:18,ótimo .... dão todo apoio necessário
Estácio,br.estacio.estaciomobile,2,2026-07-16 16:47:15,essa nova atualização deixou o app muito lento
Estácio,br.estacio.estaciomobile,1,2026-07-15 19:40:33,"demora abrir , lento e não está salvando as coisas"
Estácio,br.estacio.estaciomobile,4,2026-07-14 04:58:02,O Aplicativo no celular muito bom no Pc mais acho devia melhorar o aplicativo no tablet não tá tão bem optimizado recomendo vcs focarem no aplicativo no tablet tem alguns problemas precisam de melhora e optimização.
Estácio,br.estacio.estaciomobile,1,2026-07-13 17:53:06,"Péssimo atendimento ao aluno, inclusive dificultando em excesso a possibilidade de se trancar a matrícula e além do Polo de apoio não ajudar a resolver, eles te empurram para o atendimento via ligação telefônica em que mesmo após 50min de espera, nada se resolve. Péssima instituição, não recomendo nem a possibilidade de se pensar em fazer a faculdade por aqui."
Estácio,br.estacio.estaciomobile,2,2026-07-13 16:22:35,"o app está precisando de correções. não funciona mais o botão de voltar: agora ao invés de voltar uma tela, ele sai do app, e quando entra de novo ele crasha e fecha. algumas matérias nao abrem mais."
Estácio,br.estacio.estaciomobile,1,2026-07-13 16:10:24,"Faculdade horrível, toda hora mentindo pra fazer cobrança indevida"
Estácio,br.estacio.estaciomobile,5,2026-07-13 12:55:08,É o melhor app de faculdade..
Estácio,br.estacio.estaciomobile,3,2026-07-12 17:46:39,com essa nova atualização o app em si ficou legal. Mas ao clicar em voltar independente da tela ele ta saindo do app e quando volto de novo ele pisca e sai do app novamente. Acho que precisa ajustar as rotas do app ao clicar em voltar.
Estácio,br.estacio.estaciomobile,5,2026-07-10 09:26:07,Gosto de utilizar o APP.
Estácio,br.estacio.estaciomobile,5,2026-07-09 22:05:14,"muito bom, prático e rápido navegar"
Estácio,br.estacio.estaciomobile,5,2026-07-09 20:23:11,poderia ser mais facil e intuitivo.
Estácio,br.estacio.estaciomobile,1,2026-07-08 18:26:28,"Deixo aqui minha extrema indignação com está empresa, por não possuir profissionais realmente capacitados para as suas devidas funções. Dito isso, se você sequer sonhar em se matricular ou cogitar olhar o site esqueça de imediato. NÃO VALE A DOR DE CABEÇA. TENHA ISSO EM MENTE. A ""empresa"" espero que melhore."
Estácio,br.estacio.estaciomobile,2,2026-07-04 09:30:22,"Por alguma razão o APP não abre no meu celular, já fiz de tudo. limpei dados caches, atualizei, desinstalei e instalei novamente e nada! não sei mais o que fazer"
Estácio,br.estacio.estaciomobile,1,2026-07-02 22:09:26,Boa noite! Eu paguei o boleto e ele não atualizou e o mesmo está ocorrendo com as notas que já foram fechadas mas não atualizou nem no sia e nem no aplicativo
Estácio,br.estacio.estaciomobile,2,2026-07-02 02:29:21,estou a dois dias tentando entrar no app e não consigo.
Estácio,br.estacio.estaciomobile,5,2026-06-29 19:21:55,Excelente!! Mais intuitivo que isso impossível! Navegação totalmente auto explicativa
Estácio,br.estacio.estaciomobile,1,2026-06-28 17:12:11,Faculdade muito ruim
Estácio,br.estacio.estaciomobile,4,2026-06-28 00:53:31,"o programa funciona bem, mas não totalmente"
Estácio,br.estacio.estaciomobile,1,2026-06-27 13:31:17,Não funciona em tablet
Estácio,br.estacio.estaciomobile,5,2026-06-26 15:20:53,Não lembro minha senha
Estácio,br.estacio.estaciomobile,1,2026-06-24 10:31:58,"não consigo acessar c minha senha que uso no celular, pede pra entrar em contato c a ti"
Estácio,br.estacio.estaciomobile,1,2026-06-22 15:11:28,"app é péssimo, pq vc acaba de estudar uma matéria e quando muda pra outra aquela anterior tu terá que se virar para poder voltar onde parou. Já reclamei sobre isso e nada de melhorarem. Fora os vídeos das matérias que as vezes n carregam. E quem esta estudando fiquem espertos. Reprovei um semestre inteiro pq colocaram as datas de provas e simulados e n cumpriram com as datas . confiei nas informações e me frustrei."
Estácio,br.estacio.estaciomobile,2,2026-06-21 23:42:20,"não estou conseguindo abrir o APP,não sei pq."
Estácio,br.estacio.estaciomobile,1,2026-06-21 13:28:50,fica travando muito 😑
Estácio,br.estacio.estaciomobile,2,2026-06-20 03:23:59,não está funcionando legal
Estácio,br.estacio.estaciomobile,2,2026-06-17 01:35:57,"Está horrível, dá erro o tempo todo, não abre os conteúdos das disciplinas, ficam tudo em branco, apenas o relógio marcando, nova plataforma com muito defeito, parte de entrega de trabalho, na disciplina que tem o estágio, não tem como enviar os trabalhos. e vários outros que não dá pra citar, será o erro nessa nova atualização ou da Estácio?"
Estácio,br.estacio.estaciomobile,5,2026-06-16 21:48:47,Na Estácio que fiz a escolha do meu curso.
Estácio,br.estacio.estaciomobile,1,2026-06-16 14:57:22,"O aplicativo é ruim, o site é ruim! Tudo trava, as páginas não abrem tanto no app quanto no computador, quando tenho tempo pra estudar depois do trabalho não consigo pq nunca funciona! Vou cancelar a matrícula por conta dessas falhas! HORRÍVEL! 😔"
Estácio,br.estacio.estaciomobile,1,2026-06-16 14:54:36,"aplicativo mal otimizado, apresenta falhas constantes, não abre vídeos via dados móveis, demora a atualizar as informações... E bastante limitado, além de abrir páginas web constantemente mesmo vc estando dentro do app... pior experiência possível... não vejo a hora de finalizar o curso"
Estácio,br.estacio.estaciomobile,2,2026-06-15 17:33:13,trava com muita frequência
Estácio,br.estacio.estaciomobile,5,2026-06-13 23:51:22,"O aplicativo Minha Estácio tem sido uma ferramenta essencial na minha rotina acadêmica. Como estudante de Logística, consigo acessar rapidamente minhas disciplinas, notas, materiais de estudo, calendário acadêmico e acompanhar todas as atividades do curso em um só lugar. A interface é intuitiva, prática e facilita bastante a organização dos estudos, Outro ponto positivo é a possibilidade de resolver questões acadêmicas e financeiras sem precisar sair de casa."
Estácio,br.estacio.estaciomobile,5,2026-06-11 02:37:52,Já estou na segunda graduação e o app me atende 24h !! Obrigada Estácio
Estácio,br.estacio.estaciomobile,3,2026-06-09 19:37:36,"olá, boa tarde. preciso de ajuda da minha Estacio,fiz o pagamento do mês de junho, no valor normal de $218:50. depois que eu vi no imail que era o valor adicional de$ 268,e agora não consigo acessar as disciplinas. por favor ajuda-me..."
Estácio,br.estacio.estaciomobile,3,2026-06-09 11:23:48,O aplicativo reinicia toda vez que saio e retorno. Não fica onde parei.
Estácio,br.estacio.estaciomobile,2,2026-06-06 00:27:10,"está com inconsistência, o app não abre no meu celular"
Estácio,br.estacio.estaciomobile,1,2026-06-04 18:00:10,"O aplicativo está dando erro ao abrir, mesmo no wi-fi insiste em ""não conectado a internet"" e não abre apenas fecha o aplicativo, mesmo desinstalando e reiniciando o aparelho não consigo mais acessar meus estudos."
Estácio,br.estacio.estaciomobile,4,2026-06-03 22:05:28,Já tem vários dias que o app não abre. Ele começa a carregar e fecha.
Estácio,br.estacio.estaciomobile,1,2026-06-03 16:55:41,a pior instituição de ensino que ja vi na vida nao recomendo horrível atendimento horrível te cobram multas enormes
Estácio,br.estacio.estaciomobile,3,2026-06-01 21:18:29,"Sempre tenho dificuldades para acessar minha conta na Microsoft, tudo com dificuldades."
Estácio,br.estacio.estaciomobile,5,2026-06-01 18:03:28,Aplicativo da faculdade
Estácio,br.estacio.estaciomobile,5,2026-06-01 09:53:26,Não consigo abrir app
Estácio,br.estacio.estaciomobile,3,2026-05-31 18:53:42,Depois dessa última atualização o aplicativo simplesmente não abre mais.
Estácio,br.estacio.estaciomobile,1,2026-05-30 13:39:47,o curso EAD gestão financeira é horrível. poucos exemplos práticos e poucas vídeo aulas. perdi uma bolsa por causa da ineficiência deles em emitir uma declaração. fujam da Estácio
Estácio,br.estacio.estaciomobile,5,2026-05-30 11:36:38,conteúdos bem explicados atualizados e bem específicos. os professores bem atualizados
Estácio,br.estacio.estaciomobile,5,2026-05-30 10:49:16,"o APP é bom,porém,não há continuidade na leitura, quando saímos da disciplina por algum motivo, tem que iniciar a leitura do zero,não importa em que nível de você parou. É muito ruim ficar procurando a parte onde está o conteúdo estudado. E alguns vídeos não abrem"
Estácio,br.estacio.estaciomobile,3,2026-05-29 12:24:28,"o app é bom,mas tem alguns dias que não conta as horas que fico estudando no aplicativo"
Estácio,br.estacio.estaciomobile,4,2026-05-29 01:26:47,"Poderia colocar o modo noturno no app, já que muitos alunos estudam a noite e isso facilita bastante a parte da visão. Obrigado!"
Estácio,br.estacio.estaciomobile,5,2026-05-28 10:19:22,"Bom app, mas gostaria que sempre aparecesse a próxima fatura / boleto."
Estácio,br.estacio.estaciomobile,3,2026-05-28 01:07:37,"Bom aplicativo,mas precisa de muita melhoria pra marcar a página que parou pra não ficar enrolada..tem que colocar as questões junto com o texto para ajudar os alunos nos estudos."
Estácio,br.estacio.estaciomobile,5,2026-05-28 00:05:02,"TANTO A PLATAFORMA QUANTO O APP SAO MUITO BONS. MAS ESSA IA QUE ADICIONARAM INCOMODA MUITO, QQR MOVIMENTAÇÃO DE UMA PÁGINA PRA OUTRA ELA APARECE. ATRAPALHA!!!"
Estácio,br.estacio.estaciomobile,5,2026-05-27 23:25:50,"Muito lento, mais está bom."
Estácio,br.estacio.estaciomobile,5,2026-05-27 23:04:32,"Bom, funciona nos conformes."
Estácio,br.estacio.estaciomobile,5,2026-05-27 22:54:39,gostando muito de estudar psicologia
Estácio,br.estacio.estaciomobile,5,2026-05-27 22:22:13,"E um bom aplicativo, auxilia bastante, porém a instabilidade dele e bem constante, tem dias que os conteúdos não estão disponíveis ou fora de ar, mas em auxílio como mensalidades, secretaria, matérias, e todo um todo em relação e ótimo"
Estácio,br.estacio.estaciomobile,5,2026-05-27 18:45:00,maravilhoso sempre nos ajudar
Estácio,br.estacio.estaciomobile,2,2026-05-27 18:42:49,"Atualizaram com um chat, ficou horrível! Desativem pq nao serve pra nada! E fica uma aba abrindo toda hora no meio da tela no Sia, um nojo"
Estácio,br.estacio.estaciomobile,5,2026-05-27 18:15:24,"perfeito, maravilhoso"
Estácio,br.estacio.estaciomobile,5,2026-05-27 17:05:46,muito bom e a e bem detalhado nos estudos e com várias facilidade.
Estácio,br.estacio.estaciomobile,3,2026-05-27 16:49:52,Trava demais. Deveria ter informações mais visíveis. E nunca temos suporte adequado quando precisamos.
Estácio,br.estacio.estaciomobile,5,2026-05-27 16:45:50,"Ótima plataforma de estudos!A Estácio tem uma didática de ensino excelente , proporcionando ao estudante acesso descomplicado ,com disciplinas aprofundadas e de fácil compreensão! Indico!"
Estácio,br.estacio.estaciomobile,4,2026-05-27 16:19:02,o aplicativo precisa liberar uma forma marcar e remarcar avaliação via app.
Estácio,br.estacio.estaciomobile,5,2026-05-27 16:10:57,"boa, sempre que preciso tem as informações porém não é fácil localizar tudo que preciso"
Estácio,br.estacio.estaciomobile,5,2026-05-27 16:06:08,"O app é ótimo e objetivo, porém tem um detalhe muito importante que vocês poderiam implementar: Sinto falta de uma opção de leitura em voz alta (além dos podcasts) dos conteúdos online de cada matéria, pelo menos pelo celular. Além da acessibilidade, muita gente, assim como eu, prefiro ouvir o conteúdo para gravar de forma mais fácil na memória. Recomendo essa função para nos ajudar."
Estácio,br.estacio.estaciomobile,5,2026-05-27 15:58:01,"Perfeito, gostei muito!"
Estácio,br.estacio.estaciomobile,2,2026-05-27 15:24:09,"trava muito, quase toda vez que vou entra fica uma mensagem dizendo que está sem internet, sendo que tem internet 🤦🏾‍♀️quando sai também poderia já voltar aonde paramos de estudar"
Estácio,br.estacio.estaciomobile,3,2026-05-27 14:25:25,"O app é bom, bem prático, ajuda demais. A minha única reclamação é a Tácia, a IA da Estácio. Toda vez que pergunto algo a ela, demora demais pra responder e nunca sabe a resposta. E aí o app trava toda vez que eu tento sair da conversa com ela."
Estácio,br.estacio.estaciomobile,4,2026-05-27 14:11:46,"o aplicativo é de fácil uso. houve algumas atualizações, porém toda vez que precisa ser atualizado é necessário avaliar, e toda vez que você avalia a avaliação não dá certo. você não consegue retornar para o aplicativo, aí tem que desinstalar e instalar de novo."
Estácio,br.estacio.estaciomobile,4,2026-05-27 01:56:24,"A APP melhorou muito, consigo abrir as aulas antes dava muito erro, efetuo o pagamento da mensalidade, só não dá pra fazer os simulados e exercícios ali. Atualmente não consigo acessar os conteúdos extras para horas complementares, mas no geral, bem melhor."
Estácio,br.estacio.estaciomobile,5,2026-05-25 07:56:41,"Gosto muito ! Me ajuda bastante com minhas dúvidas, embora eu consiga estudar quase sempre sem a ajuda dos tutoriais, no início eu não me interessei, mas depois vi que foi necessário. aproveitem !"
Estácio,br.estacio.estaciomobile,1,2026-05-24 23:18:24,"O aplicativo precisa melhorar. ele às vezes trava durante o simulado, e fecha sozinho o app"
Estácio,br.estacio.estaciomobile,5,2026-05-22 16:30:54,Simplesmente NÃO consigo acessar! nem sequer criar uma conta para conhecer a plataforma e utilizar as aulas teste para me decidir se me matriculo ou não. Assim fica difícil. 😔
Estácio,br.estacio.estaciomobile,2,2026-05-22 01:48:36,o conteúdo 3 do labvida não está iniciando a contagem do tempo os 15 minutos. mostra que meu conteúdo está pendente .
Estácio,br.estacio.estaciomobile,5,2026-05-21 11:43:57,ainda continuo admirando fa a faculdade Estácio por toda a sua excelência e método e apoio totala a aluno
Estácio,br.estacio.estaciomobile,2,2026-05-20 22:33:46,"não estou conseguindo acessar o app, pois o código de verificação não chega..j fiz várias tentativas já desinstalei o app e coloquei de volta..os dados de cadastro estão atualizados e não recebi ajuda que resolvesse.."
Estácio,br.estacio.estaciomobile,2,2026-05-20 21:05:57,"Pelo celular Android não consigo acessar minhas disciplinas, o que me impede de estudar em situações variadas. fico restrito ao estudo no meu computador. Fora isso funciona normalmente."
Estácio,br.estacio.estaciomobile,1,2026-05-19 22:21:37,"estou concluindo os exercícios,e não está aparecendo como concluído?"
Estácio,br.estacio.estaciomobile,1,2026-05-19 17:07:32,esse aplicativo está sendo a minha desgraça. ate a data de hoje nunca consegui acessar os islaides postados pelos professores pela amor de Deus alguém dessa instituição pode me ajudar
Estácio,br.estacio.estaciomobile,1,2026-05-19 13:05:18,Desde a última atualização as estatísticas não atualizam e não computam as horas de estudo.
Estácio,br.estacio.estaciomobile,3,2026-05-15 16:37:34,"Podia deixar a tela girar no tablet, não gosto de usar na horizontal"
Estácio,br.estacio.estaciomobile,3,2026-05-14 10:35:19,colocaram o botão da ia bem em cima do botão de ir para a próxima aula dentro dos conteúdos se alguém da equipe ler esse comentário por favor ajuste pra gente.
Estácio,br.estacio.estaciomobile,1,2026-05-14 09:31:45,"Não funciona de jeito nenhum, os alunos não tem acesso às faltas nem as notas"
Estácio,br.estacio.estaciomobile,4,2026-05-12 14:53:51,"O app está travado, pois fica na tele de inicialização e não avança. Poderiam verificar se há algum problema de atualização que ocasionou isso?"
Estácio,br.estacio.estaciomobile,1,2026-05-12 14:34:23,profundamente decepcionada
Estácio,br.estacio.estaciomobile,4,2026-05-12 13:02:10,"App é muito bom, porém ele está apresentando falhas na parte onde aparece disciplinas em andamento, lá não está aparecendo as disciplinas."
Estácio,br.estacio.estaciomobile,3,2026-05-12 11:08:26,"Consigo acessar o aplicativo, mas quando entro nas matérias a página fica em branco. Notei que isso acontece entre 07:00 as 08:00 e entre 18:00 as 19:00. Esse são exatamente os horários vagos que tenho para estudar durante a semana e não tenho acesso. estou conseguindo acessar só as 13:00. Poderiam verificar por favor? Ja pedi ajuda no polo e até agora nada..."
Estácio,br.estacio.estaciomobile,2,2026-05-11 13:00:27,O aplicativo apresenta falhas e não é possível acessar. Não consigo acessar minhas disciplinas e nem meu boleto para pagar a mensalidade.
Estácio,br.estacio.estaciomobile,1,2026-05-10 16:00:51,Tá péssimo....não abre.
Estácio,br.estacio.estaciomobile,1,2026-05-10 00:52:30,muita dificuldade em abrir algumas matérias e nunca volta de onde parou
Estácio,br.estacio.estaciomobile,4,2026-05-07 16:37:19,"a escola e EXCELENTE os PROFESSORES INCRÍVEL. porém esse negócio de colocar IA. para atender canais de ajuda, ou para falar na central não e bom. nem todo mundo consegue mexer na central de ajuda. muitas opções confunde. às vezes só o necessário básico plataforma de celulares ajuda melhor. (DEVERIA TER DOIS TIPOS. a versão LIGHT e a versão PRO. LIGHT é o mais BÁSICO só o Necessário. e PRO mais AVANÇADO, para as pessoas que gostam de mexer mais pelo celular)"
Estácio,br.estacio.estaciomobile,4,2026-05-07 16:23:01,"Olá, o app é muito bem feito, rápido, organizado. Só tem uma questão: removeram o atalho da tela inicial do conteúdo onde parou, eu preciso acessar a matéria pra saber onde eu parei. só na web tem esse atalho na tela inicial, no app precisa ter também."
Estácio,br.estacio.estaciomobile,5,2026-05-07 14:30:57,"é ótimo ,e muito prático muito rápido e tudo que nós procuramos sempre encontramos."
Estácio,br.estacio.estaciomobile,1,2026-05-06 23:25:03,"horrível o ensino na escola faço curso de matemática oline e as explicações são péssimas não dá pra entender nada, muitas vezes precisei assistir aulas no YouTube pra entender."
Estácio,br.estacio.estaciomobile,5,2026-05-06 22:53:00,boa noite e excelente
Estácio,br.estacio.estaciomobile,1,2026-05-06 13:56:13,"Desde que o Android atualizou, o aplicativo simplesmente não abre. E preciso dele para fazer a prova no polo."
Estácio,br.estacio.estaciomobile,5,2026-05-05 00:17:48,boa estou adquirindo
Estácio,br.estacio.estaciomobile,3,2026-04-30 22:37:07,"Sempre que estou tentando marcar as provas sempre dar um problema de ""sem datas disponíveis"" sendo que está em período para fazer as Provas Av"
Estácio,br.estacio.estaciomobile,2,2026-04-29 21:54:24,"o aplicativo está horrível, como que estuda desse jeito, erro ortográfico, vídeos cortados e o site de atividades que está sempre bugando"
Estácio,br.estacio.estaciomobile,3,2026-04-28 12:45:29,"últimamente ele se quer abre nos dados móveis,não conseguia abrir pelo wifi,usava os dados e dava certo,agora nem isso. quando abre é uma luta. fora que não retornamos de onde paramos o estudo. deveria melhorar isso"
Estácio,br.estacio.estaciomobile,4,2026-04-28 12:38:21,"estou tentando alterar minha grade e simplesmente não consigo, a alteração deve ser feita até o dia 30 e após gera uma taxa pra alterar. Por favor verifiquem isso, pois a resolução do requerimento são 10 dias úteis e vai acabar gerando a taxa."
Estácio,br.estacio.estaciomobile,3,2026-04-28 10:41:56,"botao da IA de tirar duvidas fica atrapalhando o conteúdo das materias na tela, e muito chato isso pq toda hora temos que esta acessando algo e o botão de chamar ela esta la atrapalhando"
Estácio,br.estacio.estaciomobile,4,2026-04-27 20:50:05,"infelizmente tenho tido muitos problemas em fazer os exercicios, que abrem em link direcionando para o navegador, mas que quando finalizo não é contabilizado no app, resultando em refazer o mesmo exercicio mais de 3x sem sucesso em o app marcar como finalizado."
Estácio,br.estacio.estaciomobile,2,2026-04-25 22:20:33,duas estrelinhas só porque abriu quase nada funciona aperta nas funções nada abre
Estácio,br.estacio.estaciomobile,1,2026-04-23 23:40:40,"Aplicativo é horrível, não abre, não carrega"
Estácio,br.estacio.estaciomobile,2,2026-04-23 05:25:42,Muita instabilidade. Informações do financeiro não bate...E tbm as vezes não abre ou não baixa os arquivos das matérias...tem que fazer uma atualização do app.
Estácio,br.estacio.estaciomobile,1,2026-04-22 13:02:56,"A desejar. O suporte técnico é moroso. Estou a dias esperando a liberação da alteração de grade. O boleto de renovação já foi pago...e consta não pago no ""maravilhoso"" aplicativo. O Aluno EAD, necessita que o aplicativo funcione com EXCELÊNCIA."
Estácio,br.estacio.estaciomobile,1,2026-04-21 00:19:22,"Em hipótese alguma cometa o erro de se Matricular na Estácio, o conteúdo é fraco, o ambiente virtual e arcaico e atendimento se voce precisar do acadêmico é inútil, voce paga, nao recebe um conteúdo bom e ainda tem dor de cabeça, Nao cometa esta besteira."
Estácio,br.estacio.estaciomobile,1,2026-04-20 06:29:58,"Estou no 2° período da minha faculdade(faço ead), e fui tentar alterar a minha grade através do aplicativo, simplesmente não consegui depois de diversas tentativas, agora terei que ir presencialmente para alguma unidade e fazer isso presencialmente. É uma vergonha, estamos na era digital, onde tudo pode ser resolvido online, mas mesmo assim, muitas coisas ainda são resolvidas de forma arcaica. Por favor, atualizem o app para que a alteração de grade através dele seja possível."
Estácio,br.estacio.estaciomobile,1,2026-04-19 22:34:18,ocila demais nos finais de semana e durante a semana anda caindo do nada.
Estácio,br.estacio.estaciomobile,5,2026-04-19 13:05:52,"Consegue ser bem intuitivo, facil de utilizar. Outra ponto, esse app é bem fluido."
Estácio,br.estacio.estaciomobile,5,2026-04-17 23:56:34,"Muito bom o aplicativo, funciona direitinho"
Estácio,br.estacio.estaciomobile,5,2026-04-16 23:59:00,Top das galáxias!!👍🏼👍🏼
Estácio,br.estacio.estaciomobile,1,2026-04-16 22:18:21,o app demora a iniciar...depois de aberto tento iniciar a aula de onde parei e não abre fica em branco isso e muito chato tenho que abrir no navegador esterno como opera que por sua vez e nota 10.
Estácio,br.estacio.estaciomobile,5,2026-04-16 06:44:09,"Sugestão de melhoria; implementação do modo escuro (dark mode) no aplicativo. Essa funcionalidade já é presente em diversas plataformas, e traz mais conforto visual, reduz o cansaço ocular durante longos períodos de estudo, economiza a bateria em dispositivos móveis. Acredito que essa melhoria contribuiria bastante para a experiência de todos os alunos que utilizam o aplicativo diariamente."
Estácio,br.estacio.estaciomobile,3,2026-04-16 04:27:03,A opção de baixar o conteúdo não funciona
Estácio,br.estacio.estaciomobile,2,2026-04-15 16:13:28,"O videos estão com muitos bugs, e falha no carregamento, impossível assistir um vídeo inteiro, por favor resolvam isso, para podemos conseguir estudar."
Estácio,br.estacio.estaciomobile,5,2026-04-15 02:32:59,"Estou com o seguinte problema: o app não estar mostrando a minha grade de horários e nem minhas notas. Está aparecendo: estamos preparando suas disciplinas! caso tenha disciplinas para cursar nesse semestre, em breve ela vão aparecer aqui!"
Estácio,br.estacio.estaciomobile,1,2026-04-14 01:08:14,"não consigo ver minha grade de estudos, o sistema tá muito instável, arrumem isso, la aparece pra fazer renovação( mesmo eu já tendo feito)."
Estácio,br.estacio.estaciomobile,5,2026-04-13 20:13:18,Por favor adicionem tema escuro.
Estácio,br.estacio.estaciomobile,3,2026-04-13 10:12:14,"em plena época de prova as disciplinas e grades sumiram estão carregando e não completam, já estou gastando rios com está faculdade e internet pra poder ter um estudo de qualidade pra agora não ter nem como conseguir estudar. péssimos"
Estácio,br.estacio.estaciomobile,1,2026-04-09 16:34:00,"estou com problemas no app desde o início da tarde, não aparece o desenvolvimento das matérias ao qual estudei , poderiam me ajudar. mandei e-mail para o suporte mais não obtive resposta . atualizei aplicativo porém zerou meu desenvolvimento como se não tivesse estudado. Estou em outro período e estou com o mesmo problema ."
Estácio,br.estacio.estaciomobile,1,2026-04-09 14:26:00,"não consigo acessar o aplicativo sempre aparece o mesmo erro "" o App minha Estácio apresenta falhas continuas"
Estácio,br.estacio.estaciomobile,5,2026-04-08 18:16:08,Ta sendo incrível pra mim.To amando.
Estácio,br.estacio.estaciomobile,1,2026-04-07 18:04:41,"meu aplicativo não abre! já limpei o cache, desinstalei e instalei de novo e nada, tentei várias vezes acessar minha área do estudante e não entra, estou muito decepcionada pois estudo pelo celular totalmente online. Nem sequer consigo fazer minha renovação de matrícula do meu semestre de agora por simplesmente o aplicativo não abrir!"
Estácio,br.estacio.estaciomobile,3,2026-04-07 13:43:56,trava muito e ruim de entrar
Estácio,br.estacio.estaciomobile,5,2026-04-06 16:04:43,velocidade e praticidade
Estácio,br.estacio.estaciomobile,4,2026-04-05 09:46:09,"bom aplicativo, intuitivo"
Estácio,br.estacio.estaciomobile,5,2026-04-03 08:20:12,"bom dia , estou com dificuldade de acessar as provas no aplicativo , já flui no polo e disse que o problema é aqui no app .. como posso resolver?"
Estácio,br.estacio.estaciomobile,1,2026-04-02 12:29:10,"o app não abre a mais de uma semana , já desinstalei e instalei várias vezes e não resolve"
Estácio,br.estacio.estaciomobile,3,2026-04-01 02:20:52,"A plataforma pra mim é ótima e bem intuitiva. Nunca tive problemas com conteúdos, o atendimento na SIA é muito bom, o site é bem responsivo e estável, mas o app ainda deixa a desejar. Nao consigo manter o tablet no modo paisagem, principalmente depois de assistir a uma vídeo aula. Ele insiste em ficar no modo retrato, e no celular é a mesma coisa. Aguardo ansiosamente o dia que esse bug será corrigido. Por isso estou dando 3 estrelas. No mais, não tenho do que reclamar."
Estácio,br.estacio.estaciomobile,5,2026-03-31 22:44:47,"Me ajuda muito. não vou negar que, as vezes, dá um bug. mas sempre retorna."
Estácio,br.estacio.estaciomobile,5,2026-03-31 20:33:22,Muito bom para estudar eu sinceramente amei este app
Estácio,br.estacio.estaciomobile,2,2026-03-31 14:29:08,"comprei um tablet somente para o app. e advinha só? Não funciona! Demora demais pra abrir, ao abrir não consigo acessar os exercícios, não consigo usar em modo paisagem. e tudo isso funciona perfeitamente em um celular que o sistema tbm é Android."
Estácio,br.estacio.estaciomobile,5,2026-03-30 15:11:20,"O app é ótimo para acompanhar os progressos nos estudos e etc, apenas um pequeno erro que gostaria de relatar para conserto, quando adicionamos um lembrete de estudos ele só é enviado e toca ao abrir o app, por favor corrijam esse pequenino erro."
Estácio,br.estacio.estaciomobile,3,2026-03-30 12:08:34,"Não importa o que eu faça, os vídeos não rodam! minha internet é ótima, faço outros cursos através do celular, mas esse é o único que não roda os vídeos no meus dados móveis! eu trabalho no aparelho... baixo arquivos grandes... Já testei várias oportunidades para que o APP funcione perfeitamente, mas foram esforços perdidos."
Estácio,br.estacio.estaciomobile,1,2026-03-30 01:09:50,aplicativo esta péssimo vive travando...pelo celular horrível
Estácio,br.estacio.estaciomobile,1,2026-03-28 14:59:32,"n consigo loggar de jeito nenhum, msm o email e senha microsoft estando certos, n faz sentido nenhum ter q loggar com conta microsoft"
Estácio,br.estacio.estaciomobile,1,2026-03-27 19:14:46,"ruim, fora do ar, não funciona quando precisa fazer prova no polo"
Estácio,br.estacio.estaciomobile,5,2026-03-26 13:29:35,Muito bom sensacional
Estácio,br.estacio.estaciomobile,5,2026-03-26 01:09:32,"muito feliz com esse aplicativo, consigo acessar todas as aulas e assuntos voltados para as disciplinas muito bem."
Estácio,br.estacio.estaciomobile,1,2026-03-25 22:52:53,gostaria que verificasse porque não consigo abrir minhas notificações no aplicativo
Estácio,br.estacio.estaciomobile,1,2026-03-25 17:49:59,"A pior faculdade que já entrei, me prejudicaram até o último dia. zero apoio da faculdade. mexeram na grade horária. Péssima, não indico nem pro meu pior inimigo"
Estácio,br.estacio.estaciomobile,5,2026-03-25 05:16:18,o aplicativo proporciona pagamentos online estudo avançado ead horário flexível
Estácio,br.estacio.estaciomobile,1,2026-03-25 00:43:31,sempre com instabilidade
Estácio,br.estacio.estaciomobile,4,2026-03-25 00:42:46,"E experiência para tablets podia ser melhor. Tenho um Samsung tab s10 que uso como computador para estudar e o aplicativo não funciona em modo paisagem, apenas modo retrato e o layout fica todo quebrado, fontes muito grandes, etc. Se isso fosse melhorado, ajudaria muito nos estudos. Tirando isso, o app é ótimo!"
Estácio,br.estacio.estaciomobile,5,2026-03-24 22:39:03,Boa noite! Estou gostando de ser estudante da Estácio.
Estácio,br.estacio.estaciomobile,4,2026-03-24 13:31:37,"o aplicativo é bom , só que as vezes os vídeos demoram muiito pra carregar"
Estácio,br.estacio.estaciomobile,3,2026-03-24 01:50:59,No tablet aparecem as letras cortadas
Estácio,br.estacio.estaciomobile,5,2026-03-24 01:28:09,"app excelente, pra mim corresponde perfeitamente não tenho do que reclamar, super recomendo."
Estácio,br.estacio.estaciomobile,5,2026-03-24 00:36:45,"O App me satisfaz naquilo que preciso, é de fácil acesso."
Estácio,br.estacio.estaciomobile,5,2026-03-23 23:35:27,gosto aplicativo fácil de mexer aprendo muito super recomendo
Estácio,br.estacio.estaciomobile,5,2026-03-23 23:34:28,"Aplicativo no passado já teve problema mas agora está excelente. O aprendizado flui muito bem, os tópicos são organizados. Queria que alguns conteúdos fossem um pouco mais aprofundados mas o aplicativo em sí está ótimo. Nota 10!"
Estácio,br.estacio.estaciomobile,3,2026-03-23 23:22:52,"acho que pelo tempo que esse aplicativo está ativo, já deveria está mais ágil (total hor trava). Acho absurdo não ter as disciplinas das matérias anteriores salva. Muita das vezes preciso rever algo seja par lembrar o esclarecer dúvidas i"
Estácio,br.estacio.estaciomobile,4,2026-03-23 23:22:04,"Aplicativo muito bom. Mas precisava ter a opção de áudio também, para conseguirmos ouvir os textos."
Estácio,br.estacio.estaciomobile,1,2026-03-23 22:32:06,minha experiência foi péssima.
Estácio,br.estacio.estaciomobile,5,2026-03-23 22:25:11,aplicativo bom e bem fácil de manuziar adorei
Estácio,br.estacio.estaciomobile,1,2026-03-23 22:23:11,"depois da update de 23/3 começou haver travamentos no app, para retornar é necessário fechar tudo e abrir novamente"
Estácio,br.estacio.estaciomobile,5,2026-03-23 21:21:21,"utilizo para estudar. Tem sido importante, eficiente"
Estácio,br.estacio.estaciomobile,1,2026-03-23 21:06:07,"Quero mudar de faculdade, principalmente pela demora de renovação de semestre,ou seja o app não atualiza e continua pagando as mensalidades e o tempo passando e não entro nunca no 3 semestre,não me dão a opção de cancelar e os docts necessários para mudar de instituição, isso é crime"
Estácio,br.estacio.estaciomobile,3,2026-03-23 19:43:55,Entendo pouco de informatica tenho quase 70 anos estou tendo um pouco de dificuldade para compreender como estudar sou da epoca dos livros impressos Mas vou aprender obrigado
Estácio,br.estacio.estaciomobile,5,2026-03-23 18:23:47,"Boa tarde. Gosto de estuda pelo aplicativo, porque uma ves estalado consigo entrar com facilidade para estudar .As matérias ,exercícios muito mais."
Estácio,br.estacio.estaciomobile,1,2026-03-23 17:51:11,Não estou conseguindo acessar. Após atualização o app parou de abrir.
Estácio,br.estacio.estaciomobile,1,2026-03-23 17:37:32,não estou conseguindo atualizar
Estácio,br.estacio.estaciomobile,5,2026-03-23 16:01:46,muito bom pra estudos
Estácio,br.estacio.estaciomobile,1,2026-03-23 00:18:01,"Aplicativo e site da Estácio sempre dá problema. Estou cansada desse tipo de coisa! Essa semana foi a pior. Parece que os desenvolvedores são principiantes aventureiros. Serviço horrível! Tudo que eu havia feito, e estava no rascunho salvos, simplesmente desapareceu após atualização do sistema. Pior ainda é que não consigo acessar o simulado de uma disciplina. Temos prazo pra fazer tudo, e fica essa palhaçada. Se continuar assim, vou mudar pra outra Universidade que tenha uma plataforma boa."
Estácio,br.estacio.estaciomobile,5,2026-03-21 21:11:18,"Está um pouco difícil de entender mas ,estou achando muito bom estudar novamente depois de 42 anos"
Estácio,br.estacio.estaciomobile,5,2026-03-20 13:42:31,"Não tive problemas, gostei bastante."
Estácio,br.estacio.estaciomobile,1,2026-03-19 13:16:16,"6 meses se passaram e ainda apresenta problemas no quadro de notificações, simplesmente não abre a mensagem e quando abre fecha instantaneamente."
Estácio,br.estacio.estaciomobile,2,2026-03-19 12:30:50,"Dá muitos erros, não consigo baixar o PDF das disciplinas, os vídeos travam."
Estácio,br.estacio.estaciomobile,4,2026-03-19 00:45:45,dei 4 estrelas porque o sistema atende as necessidades
Estácio,br.estacio.estaciomobile,2,2026-03-17 20:26:48,"o aplicativo é bom mas deixa a desejar na área de exercícios,simplesmente parou de salvar os exercícios já feitos"
Estácio,br.estacio.estaciomobile,3,2026-03-17 16:23:27,"Muito bom no início do meu semestre, dava pra revisar todas as matérias dos semestre ja dado, hoje em dia não consigo mais revisar. E em ""Notas e Historico"" na parte de disciplinas ""Realizadas"" não aparece todas as notas dos semestre somente do primeiro. poderia melhorar muito mais e também a questão das aulas laboratoriais acho péssima, poderia ser menos como um desenho animado e mais como um jogo onde houvesse movimentos que nós msm fizéssemos com a mão como se fossemos nós msm."
Estácio,br.estacio.estaciomobile,3,2026-03-17 15:37:36,"o app é bom, única coisa que me incomoda é a evolução dos exercícios realizados, demora muito pra cair."
Estácio,br.estacio.estaciomobile,1,2026-03-16 23:59:21,Não consigo instalar o app no meu pc pois estava no meu telefone e não consigo excluir do telefone o que fazer.
Estácio,br.estacio.estaciomobile,4,2026-03-14 10:31:00,"Nececito, mais pode melhorar, ser mais intuitivo, ter os botões mais visível, facilitar a vida do estudante na hora de pedir suporte, muito lento o processo de suporte, precisa de um guia turístico para chegar num atendente deixou todo o trabalho com as ias e esqueceu do aluno."
Estácio,br.estacio.estaciomobile,1,2026-03-13 23:56:37,No dia 13/03/2026. Não consegui acessar o SAVA e nem SIA.
Estácio,br.estacio.estaciomobile,1,2026-03-12 21:02:15,não estou conseguindo ter acesso
Estácio,br.estacio.estaciomobile,3,2026-03-11 18:27:40,"deveriam deixar disponíveis as matérias do semestre anterior, tento acessar mas sempre da erro"
Estácio,br.estacio.estaciomobile,4,2026-03-11 11:50:27,No A16 da Samsung o aplicativo não funciona de forma completa. Não mostra o quadro de horários da disciplina quando solicitado.
Estácio,br.estacio.estaciomobile,2,2026-03-10 22:44:56,"O app até flui, mas muita coisa não funciona direito, um exemplo é o Mapeamento Socioemocional, a gente clica pra fazer e somos redirecionados para a matéria novamente, simplesmente não funciona."
Estácio,br.estacio.estaciomobile,1,2026-03-10 11:29:07,depois da atualização o app não abre
Estácio,br.estacio.estaciomobile,2,2026-03-10 10:14:53,Não consigo acessar esse aplicativo no meu computador.
Estácio,br.estacio.estaciomobile,4,2026-03-10 10:03:20,Adicionar modo escuro. No site há o modo de alto contrasto mas no app não há como ativar
Estácio,br.estacio.estaciomobile,2,2026-03-09 21:42:47,"O aplicativo vem com uma proposta boa, mas muita coisa não funciona. Um exemplo é que eu tento fazer download do conteúdo para assistir off e não consigo"
Estácio,br.estacio.estaciomobile,1,2026-03-09 21:24:39,"Sou muito insatisfeita com essa universidade, eles dizem que por ordem do MAC, no curso EAD temos que fazer 1 prova presencial, me locaram 4/5 no presencial. É uma imensa palhaçada isso 🤡"
Estácio,br.estacio.estaciomobile,4,2026-03-09 09:58:37,"aplicativo é bom, porém precisava ter uma opção de deixar baixado no app a disciplina para ver off, viajo muito de ônibus e as vezes fico sem sinal por horas, e poderia estudar neste tempo"
Estácio,br.estacio.estaciomobile,5,2026-03-08 23:10:00,0 ensino abre a mente de todos
Estácio,br.estacio.estaciomobile,2,2026-03-07 22:45:36,"Deveriam ter uma pessoa específica para o estágio obrigatório para tirarem nossas dúvidas, e não só mandarem e-mails e a gente nem ter a chance de perguntar ,o tutor levar um tempo para responder e o tempo é curto já que precisamos terminar o estágio e os todos os documentos até junho que está logo aí,se você abre uma inconsistência levam 10 dias para responder, mas não aguardam nem um dia para o TCE ser assinado e já mandam uma e-mail falando que a solicitação foi indeferido.Ninguém é atoa ."
Estácio,br.estacio.estaciomobile,4,2026-03-07 00:38:06,Boa noite!!! Estou tentando acessar o aplicativo e entrar nas aulas. Mas o aplicativo nao abre de jeito nenhum. O que será que está acontecendo com esse aplicativo???? Porfavor me dá um retorno.
Estácio,br.estacio.estaciomobile,3,2026-03-06 14:08:08,"Eu não consigo abrir o app, e, muito menos ter acesso as matérias. A minha matrícula está tudo em ordem, mas mesmo assim não consigo acessar nada. E quando mando mensagem no WhatsApp para pedir ajuda para resolver os problemas, o pessoal só visualiza e não responde."
Estácio,br.estacio.estaciomobile,1,2026-03-06 14:06:49,"app vive ficando fora do ar, confuso, quando a gente mais precisa, nos deixa na mão. horrível"
Unopar,br.com.cogna.app_unopar,4,2026-09-23 14:30:43,"comecei a usar o app agora e não tenho muito o que avaliar no momento mas o modo de tela cheia nas vídeo aulas não está funcionando, fora isso não notei nenhum problema até agora."
Unopar,br.com.cogna.app_unopar,2,2026-09-22 13:38:43,"o aplicativo é bom por conter as matérias, mais Porfavor que demora é essa, de ver o Cadastro de Estágio???? Tou quase um mês esperando e NADA!!"
Unopar,br.com.cogna.app_unopar,1,2026-09-22 10:44:07,muito ruinzinho o app de vocês eu tentando buscar um curso de pós se quer da pra filtrar
Unopar,br.com.cogna.app_unopar,1,2026-09-18 22:09:42,"muito confuso, estou cursando pós mas não consigo acessar pelo aplicativo"
Unopar,br.com.cogna.app_unopar,1,2026-09-18 01:45:16,"as aulas não dão Full Scren no mobile, uso um m7 pro 5g e não consigo assistir o vídeo em tela cheia"
Unopar,br.com.cogna.app_unopar,1,2026-09-11 12:06:44,Paguei a renegociação o dia 31/8. Até hj 11/9 ainda tô sem acesso ás disciplinas. Já fui no polo e procurei assistência online mas não resolvem. Péssimo atendimento e péssimo o portal do aluno.
Unopar,br.com.cogna.app_unopar,1,2026-09-10 22:25:36,"Aplicativo não entra, só fica lento"
Unopar,br.com.cogna.app_unopar,1,2026-08-31 19:34:15,"Horrível, não consigo acessar o app. Quando digito meu CPF aparece que minha matrícula não está ativa, sendo que no site tudo está normal e já estou no 6º semestre de curso. (Inclusive, baixei o app por que não consigo acessar o ava, pois o site não aceita meus códigos de autenticação. )"
Unopar,br.com.cogna.app_unopar,1,2026-08-30 16:27:41,"ja estudo e queria acessar pelo cell, pelo aplicativo, porem quando coloco meus dados diz que tenho que fazer matrícula ou se inscrever, sendo que ja sou aluna"
Unopar,br.com.cogna.app_unopar,1,2026-08-17 01:15:41,"já era péssimo antes, agora com as atualizações ficou pior, colocaram para escanear um QR no site que só piora não dá para acessar pelo celular 🤬"
Unopar,br.com.cogna.app_unopar,1,2026-08-11 20:47:11,"Muito ruim, trava muito, as informações não atualizam, péssimo,péssimo, péssimo. Se eu não tivesse o notebook, estaria perdida."
Unopar,br.com.cogna.app_unopar,3,2026-08-10 20:29:33,"Aplicativo ótimo, para um portal, ele é bem completo, porém ele tá aparecendo muitos problemas, isso é ruim pro aluno, pois ele se prejudica bastante. Queria falar a questão do atendimento, os polos né, como a Anhanguera tomou de conta da Unopar, aí esses polos, que é tipo a secretária virtual com humanização no atendimento, é muito ruim, pq eles não respondem o whatsapp, isso é chato, também não tem opção de mandar email de volta, os que vc recebe, só são de robôs que estão programado a mandar."
Unopar,br.com.cogna.app_unopar,1,2026-08-09 18:40:40,"alguém pode me dizer o que tá acontecendo,que não tá funcionando o aplicativo? 😔 não tô conseguindo nada."
Unopar,br.com.cogna.app_unopar,3,2026-08-09 01:02:48,"sou aluno, o aplicativo tanto da UNOPAR como Anhanguera eu não consigo rolar a tela para baixo ela fica congelada aparecendo no centro superior umas mensagens rolando para o lado sozinhas eu clico em secretaria clico em Finanças não abre nada. Desinstalei o aplicativo reinstalei e não tem atualizações pendentes"
Unopar,br.com.cogna.app_unopar,1,2026-08-08 12:53:43,bom para começar eu n consigo ver minhas disciplinas q estão liberados ..desde o dia 3 de agosto q tento entrar e n consigo ver para estudar...sendo q eu só tenho um mês para estudar uma disciplina específica.. consegui entrar pelo site ..mas pelo app eu n consigo ...as vezes só dar erro ..mas quando abre n aparece a disciplina...então eu estou odiando isso ..já tou para desistir disso
Unopar,br.com.cogna.app_unopar,5,2026-08-06 16:43:10,"Fiz minha graduação e estou cursando uma pós-graduação. Melhor plataforma de ensino EAD, tutores bem preparados e ótimo suporte interno. Quer uma graduação ou pós-graduação confiável? vai pra UNOPAR! Não estou ganhando nada com esse comentário mas o que é bom, a gente passa adiante."
Unopar,br.com.cogna.app_unopar,4,2026-08-06 12:30:44,"excelente app, mas queria avisar aqui que no celular Samsung Galaxy M14 5G no app não deita a tela, portanto não consigo ver aulas no celular com tela cheia. de resto tá ótimo"
Unopar,br.com.cogna.app_unopar,1,2026-08-06 11:08:55,após a atualização nada está funcionando.
Unopar,br.com.cogna.app_unopar,1,2026-08-05 18:56:53,"Reclamei do app no suporte, e me recomendaram a não usar o app pois não tem suporte."
Unopar,br.com.cogna.app_unopar,5,2026-08-03 22:17:21,"ótimo 😁 o único ponto ruim, é que as vezes demora muito para aparecer as matérias no portal, mas tirando isso, tudo perfeito, melhor Facul que tem 🌼"
Unopar,br.com.cogna.app_unopar,1,2026-08-03 12:53:41,"não é uma boa faculdade, me arrependo de ter me inscrito, não tem suporte para ajudar o aluno"
Unopar,br.com.cogna.app_unopar,1,2026-07-27 18:45:18,"Péssimo, suporte ruim e conexão com a instituição horrível pela plataforma. Resolução lenta dos problemas o que acaba atrapalhando as aulas"
Unopar,br.com.cogna.app_unopar,2,2026-07-08 20:53:03,"o app é bom, só que eu não consigo assinar o termo de rematrícula, o contrato fica como pendente mesmo dando o aceite, se continuar assim vou perder a minha bolsa."
Unopar,br.com.cogna.app_unopar,2,2026-07-05 22:30:42,"O aplicativo anda apresentando instabilidades na área de contrato de renovação da matricula, não consigo assinar o contrato para renovação pois sempre dá erro, como bolsista fico em risco de perder a bolsa!"
Unopar,br.com.cogna.app_unopar,1,2026-07-02 11:50:32,"Quando precisamos usar o aplicativo ou o site, ambos sempre tem inconsistência no sistema, nunca funciona direito"
Unopar,br.com.cogna.app_unopar,1,2026-06-29 19:27:03,"não estão lançando as frequências dos alunos EAD mesmo seguindo todas as orientações, vocês passam um contato que é um atendente virtual. Me sinto lesada."
Unopar,br.com.cogna.app_unopar,1,2026-06-28 22:34:37,"horrível, estou até agora tentando assinar os termos da minha bolsa e mesmo dando como ""assinado"" fica pendente e não assina de verdade! obs: tenho mais colegas bolsistas com o mesmo problema! se puderem resolver mais pra logo ficaremos gratos, pois não podemos perder nossa bolsa. sem assinar esse termo não podem renovar nossa matrícula não resolveram NADA!!"
Unopar,br.com.cogna.app_unopar,1,2026-06-25 19:44:24,"Desfaça sua matrícula enquanto é tempo. Me matriculei na Anhanguera, mas não gostei e saí no primeiro mês pq não pagaría multas e tals, mesmo assim deram um jeito de dizer que fiquei devendo e colocaram meu nome no serasa. Essa Unopar vai arrancar dinheiro de vc de um jeito ou de outro. Só tão pensando em faturar e não no ensino."
Unopar,br.com.cogna.app_unopar,1,2026-06-22 05:28:57,"Não está marcando as minhas frequências. Assisto as aulas e o app não reconhece, já tentei pelo navegador e o problema persiste. O polo abriu chamado e o problema continua. infelizmente vou cancelar a matrícula ou entrar com um processo."
Unopar,br.com.cogna.app_unopar,3,2026-06-17 11:44:58,espero que a função de por os vídeos em tela cheia seja corrigida pois após as últimas atualizações não está funcionando corretamente.
Unopar,br.com.cogna.app_unopar,5,2026-06-13 19:20:55,amei o texto tava explicando super bem foi mas fácil pra achar resposta
Unopar,br.com.cogna.app_unopar,1,2026-06-12 11:03:43,"aplicativo todo estranho,prova já finalizada,fala que está em recuperação,demora entrar em tudo."
Unopar,br.com.cogna.app_unopar,1,2026-05-30 11:14:52,"Incompetência é a palavra que define tanto o aplicativo quanto o sistema, assim como os funcionários responsáveis pela verificação dos documentos. Desculpas infundadas, razões para reprovação de certificados completamente equivocadas. Eu não recomendo! Não há forma de resolver problemas à distância, em uma faculdade à distância. E quando você vai resolver no pólo, eles não resolvem. Péssimo!"
Unopar,br.com.cogna.app_unopar,1,2026-05-28 17:43:15,"Muito ruim, cheio de bugs, não abre o vídeo em tela cheia, não contabiliza o que eu acabei de ver. realmente péssimo pelo menos agora está abrindo as matérias, coisa que nao acontecia mas ta difícil usar isso"
Unopar,br.com.cogna.app_unopar,2,2026-05-26 12:54:00,Vc assiste as vídeo aulas e o aplicativo não reconhece. Ou seja vc tem que assistir as aulas no navegador para concluir as atividades. Nunca vi isso.
Unopar,br.com.cogna.app_unopar,2,2026-05-25 17:30:12,"As questões foram muito objetivas e de razões óbvias, so precisaria ter estudo mais direito trabalhista. mas muito bom. gostei muito da prova apesar de ter tirado uma porcentagem muito baixa ao meu estudo."
Unopar,br.com.cogna.app_unopar,1,2026-05-19 20:48:16,"não recomendo estou arrependida jogando meu dinheiro jogado fora,aluno não tem ajuda a única hora que a faculdade procura o aluno é só qando a mensalidade atrasa, alguns atendente são arrogante não aprendi nada vezes nada não tem apoio e nem estágio.se o aluno tem seminário p conseguir um estágio sem apoio sa faculdade e tem vários alunos sem estágio e sendo cobrado uma dívida de estágio absurda sem noção."
Unopar,br.com.cogna.app_unopar,2,2026-05-17 22:07:45,"A barra verde de progresso da matéria aparece normal, depois atualiza e mostra sempre 50%. Às vezes o módulo não fica verde quando concluídos, isso é bem prejudicial para a progressão nos estudos. Não tem como maximizar o vídeo, a gente aperta e não vai. Não aparece a barra de rolagem, assim a gente não tem muita noção de quanto conteúdo falta. Uma das coisas que mais incomodam é que às vezes eu abro um conteúdo, aí ele carrega o anterior novamente, tem que fechar e abrir de novo."
Unopar,br.com.cogna.app_unopar,1,2026-05-14 18:20:50,aplicativo de pecimo acesso vivi mais fora do que funcionando
Unopar,br.com.cogna.app_unopar,1,2026-05-05 10:24:14,Sou aluno da Unopar/Anhaguera e nenhum dos apps mostra minha inscrição.
Unopar,br.com.cogna.app_unopar,3,2026-04-29 15:41:37,"Olá, o aplicativo da Unopar, as aulas em video não entra em modo tela cheia ""modo retrato"" dificultando a visualização do conteúdo."
Unopar,br.com.cogna.app_unopar,2,2026-04-28 19:18:10,"aplicativo ágil, fácil de usar. mas com defeitos que atrapalham muito. um deles é na parte da carteirinha estudantil, fica carregando eternamente e não me deixa baixar a carteirinha. as vezes ele cai também. outro problema super incomodo é que ele não contabiliza que eu assisti a aula completamente, aí tenho de recarregar a aula e ir passando até ele contabilizar."
Unopar,br.com.cogna.app_unopar,3,2026-04-27 20:30:40,o aplicativo e até bom so que tem muito bug isso prejudica o aluno deveria fazer uma atualização forte para que não tivesse esse plobema
Unopar,br.com.cogna.app_unopar,2,2026-04-25 03:57:12,"O aplicativo e site na web é muito instável!!! Deus me livre, as aulas não ficam em tela cheia, ja passei raiva de não querer abrir o site no Google Chrome ou Edge (absurdo)... No momento esta afetando de forma negativa meus estudos. Peço que solucionem esses problemas fazendo um grande favor! Os ensinamentos são de qualidade, mas estão pecando nesse ponto de acompanhamento e manutenção no software!!!"
Unopar,br.com.cogna.app_unopar,2,2026-04-23 21:18:30,"Esse aplicativo precisa de reparos, não atualiza direto e evolução dos estudos, não é rotacionar a tela e nem se quer da pra assistir em tela cheia."
Unopar,br.com.cogna.app_unopar,1,2026-04-23 20:58:23,o aplicativo está horrível ultimamente tento assistir uma aula e trava o tempo (não culpa da internet) preciso concluir minha atividades mas não estou conseguindo assistir uma aula a todo momento fica parando
Unopar,br.com.cogna.app_unopar,1,2026-04-22 12:51:04,quando eu boto meu CPF tá dando que minha matrícula não está ativa
Unopar,br.com.cogna.app_unopar,1,2026-04-17 20:26:53,quando digito meu CPF fala que não sou aluna e pede pra me inscrever
Unopar,br.com.cogna.app_unopar,1,2026-04-17 13:53:01,INSTALEI e Desinstalei e só da erro.. até agora não consegui acessar minhas aulas.
Unopar,br.com.cogna.app_unopar,5,2026-04-14 01:24:47,Unopar até na lua 🌙❤️
Unopar,br.com.cogna.app_unopar,2,2026-04-13 14:07:00,"não funcionava muito bem, trava e tem muitos bugs."
Unopar,br.com.cogna.app_unopar,3,2026-04-13 05:28:37,não consigo acessar o meus slides de estudo.
Unopar,br.com.cogna.app_unopar,1,2026-04-10 15:44:44,"Aplicativo falho. Perco muito tempo tentando acessar as áreas. Para checar correções chega ser irritante. Fica carregando, carregando e não abre. Isso precisa ser corrigido."
Unopar,br.com.cogna.app_unopar,1,2026-04-09 22:51:52,"Nunca usei um app TÃO RUIM como esse, misericórdia, TODO SANTO DIA é um bug diferente, ou é nos videos, ou não contabiliza oque acabei de visualizar, ou é no financeiro quando vou pagar parcela, mds assim fica impossível de estudar. Não tem um dia que esteja bom esse app pelo amor de Deus"
Unopar,br.com.cogna.app_unopar,3,2026-04-09 21:22:34,de uns dias pra ca o aplicativo ficou muito ruim n consigo entrar nas minhas notas e correções e quando eu faço a atividade n consigo concluir ela n finaliza as correção da atividade
Unopar,br.com.cogna.app_unopar,1,2026-04-06 18:03:51,"tento colocar meu CPF e não vai dizendo que não existe, e quando vai o aplicativo não carrega nem se quer os textos do conteúdo."
Unopar,br.com.cogna.app_unopar,3,2026-04-06 16:56:03,"Muita instabilidade, precisa melhorar"
Unopar,br.com.cogna.app_unopar,3,2026-04-04 21:20:12,infelizmente esses dias o app..mostra na página de inscrição..mas já sou aluno
Unopar,br.com.cogna.app_unopar,1,2026-04-01 16:57:43,coloco a senha certa e mesmo assim não funciona pior aplicativo
Unopar,br.com.cogna.app_unopar,1,2026-03-30 02:33:32,"o aplicativo trava muito, acaba que não consigo fazer as atividades e ninguém da suporte para arrumar isso, faz muitos anos que esse aplicativo é horrível"
Unopar,br.com.cogna.app_unopar,1,2026-03-25 13:47:53,"o site está muito ruim, com instabilidade o tempo todo, ninguém da suporte técnico."
Unopar,br.com.cogna.app_unopar,1,2026-03-25 02:15:50,"Incompetência em primeiríssimo lugar! Ganhei uma bolsa de estudos de 100% de desconto e me cobraram pelo semestre. Ao tomar ciência (e isso foi bem rápido), solicitei explicações em mais de 6 números de contato, cujo atendimento me enojou, me atrasando a entrar no curso em quase 2 meses (o curso iniciou em 2/FEV e resolveram meu problema só no dia 20/MAR). Agora, ""finalmente"" consegui entrar no aplicativo e não consigo acessar as aulas. Por isso que o Brasil está como está!"
Unopar,br.com.cogna.app_unopar,5,2026-03-22 00:16:57,"o app muito lento trava muito, muitas vezes tenho que usar pela Internet e mesmo assim ainda trava talvez seja o servidor nos horários que eu estudo, mas é complicado"
Unopar,br.com.cogna.app_unopar,1,2026-03-21 03:20:48,Como pode eu fazer faculdade semipresencial e o app não ser disponível não minha matricula?? É ridículo isso
Unopar,br.com.cogna.app_unopar,1,2026-03-18 13:49:26,"O aplicativo está péssimo, não consigo acessar absolutamente nada nele!"
Unopar,br.com.cogna.app_unopar,1,2026-03-17 12:34:47,o app tá com péssimo funcionamento é não está carregando as atividades do qual curso que estou fazendo tem que melhorar muito esse app
Unopar,br.com.cogna.app_unopar,3,2026-03-17 09:01:10,Não dá para botar as vídeo aulas em tela cheia
Unopar,br.com.cogna.app_unopar,2,2026-03-11 15:49:12,"é um ótimo centro universitário, mas o app deixa a desejar."
Unopar,br.com.cogna.app_unopar,1,2026-03-11 00:38:34,"Olha, infelizmente estou muito insatisfeito com o aplicativo. Não funciona nada, é necessário entrar pelo portal do aluno, onde as aulas online carregam miseravelmente, travam a cada 5 segundos, e são vários relatos de amigos meus que também estão com suas aprendizagens sendo barradas por este problema. Estou bem descontente, pois tenho que pagar uma mensalidade X, sendo que sequer consigo estudar corretamente..."
Unopar,br.com.cogna.app_unopar,2,2026-03-10 12:05:06,"Desde o começo do curso, o app simplesmente não funciona, tudo dá erro, não carrega nem uma página"
Unopar,br.com.cogna.app_unopar,2,2026-03-09 19:56:03,está tendo muito bug
Unopar,br.com.cogna.app_unopar,1,2026-03-08 02:54:25,"app está travando muito, principalmente em datas de provas. Fiz minha faculdade com a unahguera/unopar e foi uma ótima experiência. Indiquei para minha filha e estou decepcionada. Trava muito."
Unopar,br.com.cogna.app_unopar,1,2026-03-06 12:26:38,O aplicativo da Estácio e muito superior
Unopar,br.com.cogna.app_unopar,1,2026-03-06 01:29:46,"O aplicativo é extremamente falho e chega me perco em todos os defeitos que posso citar. Primeiramente, claro, é bom citar que tudo direcionado a secretaria é falho. O progresso das disciplinas fica desatualizado dentro do aplicativo e muitas vezes se quer da para acessar o calendário. Tenho que ficar instalando e desinstalando para poder acessar a parte da secretaria quando há a necessidade."
Unopar,br.com.cogna.app_unopar,5,2026-03-05 19:41:39,obrigada Unopar você é nota dez
Unopar,br.com.cogna.app_unopar,3,2026-03-04 23:41:40,"Assim que abri parecia tudo perfeito, porém desde o segundo acesso o app só diz ""Algo de errado aconteceu"" então não consigo acessar nada além do vídeo de Início de jornada. Fica complicado avançar dessa maneira."
Unopar,br.com.cogna.app_unopar,1,2026-03-04 22:16:33,"Não estou conseguindo acessar as minhas disciplinas, nem pela web e nem pelo aplicativo. Me matriculei ontem e gostaria de iniciar o curso!"
Unopar,br.com.cogna.app_unopar,1,2026-03-03 21:09:08,"Tô odiando minha experiência com esse app! pois fico horas tentando acessar uma disciplina e não consigo. minha prova que era pra ter sido feita do dia 28/02 não foi feita, pq não consegui acessar até agora!"
Unopar,br.com.cogna.app_unopar,2,2026-03-03 00:51:26,"Aplicativo com instabilidade péssima, não consigo concluir uma prova."
Unopar,br.com.cogna.app_unopar,2,2026-02-28 03:38:00,o que tá acontecendo com vcs site app nenhuma anda funcionando bem
Unopar,br.com.cogna.app_unopar,1,2026-02-28 02:11:29,A biblioteca parou de funcionar! Fica girando círculo azul.
Unopar,br.com.cogna.app_unopar,1,2026-02-27 21:52:48,"Não consigo ter acesso às minhas aulas, só fala que está com instabilidade, isso já faz 7 dias, já entrei em contato no polo e fala que foi aberto chamado que vai levar 6 dias para responder, e como fica minhas aulas??? o boleto é cobrado em dia!!!!"
Unopar,br.com.cogna.app_unopar,1,2026-02-27 03:27:30,"Aplicativo horrível, sempre com instabilidade! Fica tudo branco e não carrega as aulas, só consigo acessar no navegador."
Unopar,br.com.cogna.app_unopar,1,2026-02-25 13:18:56,"horrível, sem apoio nenhum. sem informação correta do Polo. resumindo aluno fica perdido sem estudar sem apoio nenhum"
Unopar,br.com.cogna.app_unopar,2,2026-02-25 10:07:15,"Desde o dia da matrícula, tentando assistir aula e nada. infelizmente o app não funciona."
Unopar,br.com.cogna.app_unopar,1,2026-02-24 19:04:18,"O Aplicativo é péssimo. Nunca instalei um app tão ruim. Não carrega os conteúdos, é muito lento e demora para entrar. Então através dessa minha avaliação, sugiro melhoras no aplicativo."
Unopar,br.com.cogna.app_unopar,2,2026-02-24 02:00:27,"O aplicativo está apresentando instabilidades desde quando instalei. mão funciona, não consigo acessar o ambiente de estudos, isso ja tem mais de 15 dias."
Unopar,br.com.cogna.app_unopar,1,2026-02-23 15:03:59,"não ta bom nao, muitos problemas, materias e video aulas nao abrem, perdi o agendamento da primeira chamada da prova pq o app NÃO abre sempre aparecendo ""ocorreu um erro incomum, tente novamente mais tarde"" resolvam isso!"
Unopar,br.com.cogna.app_unopar,1,2026-02-22 13:02:20,"até agora não consegui acessar minhas aulas, não tem suporte, tudo muito ruim, sei de mais pessoas com problemas no aplicativo, não funciona, assiste aula depois mostra que não, no meu caso os últimos módulos de estudos desse semestre estão liberados e os primeiros estão bloqueados.Não consegui fazer nem uma aula ainda hoje 22/02/26 e já marcaram prova, um completo descaso, vejo tanta gente reclamando desde o ano passado e ainda não resolve?"
Unopar,br.com.cogna.app_unopar,1,2026-02-21 15:45:14,Não é possível instalar o app no notebook?
Unopar,br.com.cogna.app_unopar,1,2026-02-21 02:36:11,"péssimo, vive instável não carrega nada"
Unopar,br.com.cogna.app_unopar,1,2026-02-20 09:35:24,Toda vez que eu vou pagar a minha fatura no dia do vencimento esse esgoto desse aplicativo não carrega a página
Unopar,br.com.cogna.app_unopar,3,2026-02-19 17:19:26,"ta sempre com instabilidade e nunca consigo acessar quando preciso estudar, passei 5 dias sem conseguir acessar minhas aulas, e o suporte não consegue me ajudar."
Unopar,br.com.cogna.app_unopar,1,2026-02-18 12:09:43,horrível experiência pior faculdade estarei cancelando minha inscrição não tem suporte diz ser tudo EAD mais na hora da prova tem que deslocar para outra cidade péssima faculdade sem nenhum suporte te dão atenção somente até o primeiro pagamento depois não resolve mais nada extremamente decepcionado.
Unopar,br.com.cogna.app_unopar,1,2026-02-14 16:16:43,"não consigo mais acessar as disciplinas, o APP não abre mais nada, tá horrível, não consigo mandar mensagem para o tutor/mediador nem entrando pelo Google."
Unopar,br.com.cogna.app_unopar,4,2026-02-12 00:18:04,"tem momentos que apresenta instabilidade, ficando inacessível."
Unopar,br.com.cogna.app_unopar,1,2026-02-10 13:14:50,"horrível o app, demora a carrega as disciplinas e quando carrega nn tem mais graça, pfvr empresa resolva esse problema... mais como nn tem outro app infelizmente terei que ficar usando esse!"
Unopar,br.com.cogna.app_unopar,1,2026-02-09 10:56:50,"A minha experiência não está sendo boa,pois o app sofre instabilidades diárias comprometendo o meu único tempo de estudo. hoje dia 09/02/26 já estou há quase uma hora tentando acessar e não estou conseguindo nem pelo app e nem pelo site. o próprio app indica a instabilidade. Sempre verifico a minha internet e a conclusão é sempre a mesma ,o app deixando a desejar. Me sinto lesada."
Unopar,br.com.cogna.app_unopar,1,2026-02-08 23:19:48,Não carrega as aulas/ vídeos
Unopar,br.com.cogna.app_unopar,4,2026-02-07 15:51:56,"o app em si é bom mas tá dando erro , preciso acessar mas não consigo ele não mostra minhas disciplinas"
Unopar,br.com.cogna.app_unopar,2,2026-02-07 01:01:20,"Um dos piores aplicativos que já usei. Simplesmente não carrega as disciplinas nem página alguma, estou há mais de uma semana tentando usar ele pra estudar e continua sem funcionar."
Unopar,br.com.cogna.app_unopar,1,2026-02-05 23:28:05,Estou a semana toda tentando acessar o aplicativo e por web e não consigo nada. A 1 semana começou as aulas e não consegui assistir nenhuma. No whatsapp ngm responde. Comunicação péssima .
Unopar,br.com.cogna.app_unopar,5,2026-02-05 22:56:35,Até agora o aplicativo está com uma boa funcionalidade. Gostei muito do que ele possibilita.
Unopar,br.com.cogna.app_unopar,2,2026-02-05 20:27:14,"Esse aplicativo não está funcionando bem, na hora de assisti as aulas não abre as disciplinas, o torna muito difícil pra estudar, porque não funciona nem no app, nem no computador e para comprir o período de estudos vai fazer o que??????"
Unopar,br.com.cogna.app_unopar,1,2026-02-05 16:51:25,"Caramba, que app terrível! Já baixei mais ou menos 10 vezes e ele não funciona, simplesmente não carrega o conteúdo, é tenebroso. Não dá pra acreditar que em pleno 2026 uma universidade com nome e líder em EAD tenha um app tão ruim. É INACREDITÁVEL!"
Unopar,br.com.cogna.app_unopar,1,2026-02-04 13:13:44,aplicativo horrível. As aulas voltaram mas é impossível estudar com aplicativo Unopar e o aplicativo Anhanguera. Até o site está com problemas. Vocês precisam se virar pra solucionar isso. Nosso dinheiro e tempo não é lixo. Duvido que pra cobrar parcela terá algum problema.
Unopar,br.com.cogna.app_unopar,1,2026-02-03 23:19:43,o app apresenta o mesmo problema que o pessoal abaixo.
Unopar,br.com.cogna.app_unopar,1,2026-02-03 08:43:43,"Tanto o app quando o site estão péssimos ! trava demais, isso quando não carrega o material, atrapalhando o andamento dos meus estudos."
Unopar,br.com.cogna.app_unopar,2,2026-02-02 15:11:10,"As disciplinas simplesmente não carrega. fica dando erro. Por favor, resolvam isso."
Unopar,br.com.cogna.app_unopar,1,2025-12-18 23:29:17,meu app não tem a nova versão infelizmente.
Unopar,br.com.cogna.app_unopar,2,2025-10-30 21:42:45,"App bom, porém muito ruim de acesso! Toda vez preciso desinstalar e instalar novamente para conseguir entrar. Dessa vez já tem uns dias que n consigo entrar, ter acesso a página. já instalei novamente e nada...pior q estou em período d prova!"
Unopar,br.com.cogna.app_unopar,1,2025-10-30 13:02:37,Não abre o app de jeito nenhum! Fica so carregando Hoje faz mais de um ano que fiz a primeira avaliação sobre o app e pasmem ele ainda não funciona! nunca consegui entrar pelo APP só pelo chrome
Unopar,br.com.cogna.app_unopar,1,2025-10-28 14:07:12,Não consigo acessar o aplicativo. Após digitar login e senha simplesmente fica procurando disciplinas em andamento e não abre 🤦
Unopar,br.com.cogna.app_unopar,4,2025-10-24 22:38:36,"uso o app faz um tempinho, mas recentemente ele não está querendo marcar os pontos na hora de ver o conteúdo na seção do ""saiba mais"" de uma aula. já tentei esperar e clicar em todos os links da página, mas ele não fica marcado como visualizado"
Unopar,br.com.cogna.app_unopar,3,2025-10-04 22:24:36,As perguntas são muito parecidas e confundem a resposta do aluno
Unopar,br.com.cogna.app_unopar,4,2025-10-02 00:00:38,aplicativo muito ruim tem que fica desistando para pode fazer as aulas a maioria das vezes.
Unopar,br.com.cogna.app_unopar,1,2025-09-30 22:06:01,"app fica apenas carregando, não roda!"
Unopar,br.com.cogna.app_unopar,1,2025-09-30 18:42:59,funcionou 2 vezes somente.
Unopar,br.com.cogna.app_unopar,3,2025-09-24 18:50:03,"nao avisam quando a fatura almenta o valor, aumentou a um tempo, de 100 para 200, estou com medo de aumentar novamente sem o menor aviso previo, o aplicativo e a faculdade e boa, mas tem muito para melhorar, e nao sei com quem falar"
Unopar,br.com.cogna.app_unopar,1,2025-09-10 20:41:53,"péssimo fiz uma inscrição por engano em um polo longe da minha cidade e eles estão negando devolver meu dinheiro da inscrição faculdade horrível atendimento péssimo eles não devolvem o dinheiro da inscrição se vc não quiser mais fazer o curso, eu recomendo vcs a fazerem curso com outra instituição"
Unopar,br.com.cogna.app_unopar,1,2025-09-08 12:06:13,"não consigo acessar os materiais. fica dando erro, como se nunca tivesse cadastrado. pôr gentileza organizam esse erro que está me prejudicando acesso meu portal"
Unopar,br.com.cogna.app_unopar,1,2025-09-02 02:13:37,"cara acabei de pagar pra estudar nisso e nem o site nem o app exibe as matérias, espero que quando eu entrar pelo pc não dê esse problema"
Unopar,br.com.cogna.app_unopar,1,2025-09-01 13:49:42,"péssimo, não abre sempre da erro e quando tem bastante gente usando simplesmente não funciona"
Unopar,br.com.cogna.app_unopar,1,2025-08-28 17:38:40,"só posso entrar 1 vez sem nenhum problema. sempre que vou entrar novamente ele dá algum bug que não carrega o curso ou as matérias, então preciso desinstalar ou apagar todos os dados para inserir eles mais uma vez para poder entrar. o que não seria muito incomodo se fosse de vez em quando, mas é sempre que vou entrar. também tem outra coisa que acontece em quase todas as videoaulas que é o vídeo pausar e só voltar a reproduzir se você sair e entrar da aula"
Unopar,br.com.cogna.app_unopar,1,2025-08-27 01:18:14,não consigo abrir aplicativo
Unopar,br.com.cogna.app_unopar,1,2025-08-26 21:58:05,Que experiência horrível com esse aplicativo. Tem um mês que baixei. O APP só dá erro. Tem que ficar instalando e desinstalando o APP pra entrar. Aparentemente muitas reclamações sobre o assunto e sem previsão de melhora.
Unopar,br.com.cogna.app_unopar,3,2025-08-25 23:56:49,"o aplicativo é bom, mas frequentemente ele sai do ar e da problema. Aí eu preciso esperar até funcionar de novo. Não ironicamente, é sempre quando PRECISO concluir uma atividade. Por favor, corrijam o bug"
Unopar,br.com.cogna.app_unopar,1,2025-08-23 14:32:29,"App muito ruim. Sempre q vou acessar fica dando erro, nunca tá funcionando."
Unopar,br.com.cogna.app_unopar,3,2025-08-21 11:41:15,Sempre tenho que desinstalar e instalar novamente devido a erros na hora de abrir o curso!!
Unopar,br.com.cogna.app_unopar,2,2025-08-20 22:01:48,a maioria das vezes aparece um erro e não consigo entrar no aplicativo
Unopar,br.com.cogna.app_unopar,1,2025-08-19 21:43:52,"O app só funciona uma vez após instalar. Depois dá erro e simplesmente não carrega as matérias do curso. E nada adianta, nem mesmo apagar o cache. Baixar tb é um erro, pois ele não salva! Simplesmente pede para baixar td de novo, consumindo seus dados para nada."
Unopar,br.com.cogna.app_unopar,1,2025-08-12 10:41:04,"corrijam esse aplicativo por favor! toda vez temos que desinstalar para conseguir entrar no ambiente virtual, sem contar que fica travando as vezes que entra."
Unopar,br.com.cogna.app_unopar,1,2025-08-11 13:45:22,Simplesmente não funciona
Unopar,br.com.cogna.app_unopar,1,2025-08-09 14:32:18,Ta impossível assistir as aulas faz 4 dias que tento estudar só mostra que o aplicativo tá com erro desinstalei instalei é nada reclamei na faculdade é nada sinceramente espero que resolvam meu problema
Unopar,br.com.cogna.app_unopar,1,2025-08-07 15:57:13,"Péssimo, sempre que abro o aplicativo, aparece que meu curso não foi carregado, pede para mim tentar novamente mais tarde e não sai disso, já desinstalei e instalei de novo e nada funciona"
Unopar,br.com.cogna.app_unopar,1,2025-07-24 17:26:22,Não consigo acessar o portal pelo meu tablet Lenovo Tab M11. Diz que o aplicativo não é compatível!
Unopar,br.com.cogna.app_unopar,2,2025-07-17 16:49:58,"Muito pouco intuitivo e funcionalidades básicas bem precárias, na verdade o sistema em si é bem pobre, não parece que é o app de uma faculdade. Mas é possível assistir aulas e entregar tarefas, muito embora o classroom saia na frente nesses quesitos."
Unopar,br.com.cogna.app_unopar,1,2025-07-17 13:02:22,péssimo não consigo entrar no app da erro e estou precisando.
Unopar,br.com.cogna.app_unopar,3,2025-06-27 18:09:27,"Uso o aplicativo em um tablet, porém as vídeo-aulas não rodam no modo paisagem. Toda vez que tento mudar para paisagem, o aplicativo trava. Poderiam, por gentileza, corrigir esse bug?"
Unopar,br.com.cogna.app_unopar,3,2025-06-18 16:11:15,Aplicativo trava toda hora nossa Todo dia estou tendo que desinstalar e instalar novamente
Unopar,br.com.cogna.app_unopar,1,2025-06-10 22:21:52,"Toda vez que entro tenho que desinstalar o App e instalar novamente pois dá erro. É terrível, impraticável. Espero que melhorem, pois estou há seis meses no curso e com o mesmo problema."
Unopar,br.com.cogna.app_unopar,2,2025-06-05 21:19:44,"O app para celular infelizmente não funciona. E meu curso é online, não sei o que faria sem o computador, mas é muito limitante."
Unopar,br.com.cogna.app_unopar,5,2025-05-30 17:25:27,muito obrigado eu tô muito feliz 😊
Unopar,br.com.cogna.app_unopar,3,2025-05-30 15:29:12,Não tenho a mesma facilidade de acesso do PC no app. Muitas vezes não consigo acessar as aulas!
Unopar,br.com.cogna.app_unopar,5,2025-05-26 20:48:04,"muito bom,estou muito satisfeita."
Unopar,br.com.cogna.app_unopar,2,2025-05-26 19:07:51,"O app da Unopar precisa de ajustes. Estão liberando duas disciplinas no mesmo mês, com provas muito próximas uma da outra. No meu caso, ""Libras"" e ""Sociedade Brasileira e Cidadania"" tiveram só 5 dias de diferença entre as provas, o que dificulta a organização dos estudos. Peço que verifiquem isso."
Unopar,br.com.cogna.app_unopar,5,2025-05-20 00:31:21,"App está ótimo, mas estou sempre com os mesmo problemas de acesso, tenho que desinstalar e reinstalar para funcionar este é o primeiro e o outro problema é que não reconhece o CPF...aí não entra mesmo...poderia resolver estes problemas..."
Unopar,br.com.cogna.app_unopar,3,2025-05-17 16:53:31,"Muita demora em atendimento,informações superficiais. experiência não muito agradável"
Unopar,br.com.cogna.app_unopar,1,2025-05-14 23:48:49,sempre travando e sem acesso
Unopar,br.com.cogna.app_unopar,1,2025-05-14 22:56:18,"tenho que desinstalar guase todos os dias , demorar muito pra acessar"
Unopar,br.com.cogna.app_unopar,3,2025-05-14 01:04:50,"estou entrando na plataforma do meu estudo desde de março.. esta tudo ok... assistia minhas aula ,fazia os exercícios.. mandei mi há atividade complementar tbm..porém após ter pago minha mensalidade deste mês ..estou tendo acesso negado pra entra .. e estou perdendo tempo ..pós não consigo entra na minha ária de estudos !!"
Unopar,br.com.cogna.app_unopar,1,2025-05-12 22:09:10,app muito ruim cheio de bugs não consigo estudar pelo celular.
Unopar,br.com.cogna.app_unopar,1,2025-05-12 18:07:21,"aplicativo toda vez que vou estudar tenho que desinstalar e instalar de novo, é péssimo"
Unopar,br.com.cogna.app_unopar,1,2025-05-10 14:04:20,app horrível não abre de jeito nenhum
Unopar,br.com.cogna.app_unopar,2,2025-05-10 00:15:37,o aplicativo raramente funciona
Unopar,br.com.cogna.app_unopar,1,2025-05-09 22:14:25,"sou aluno da Unopar a mais de 4 anos e até hj estou esperando meu diploma sair , faculdade não ajuda em nada em relação a plataforma do aluno aonde tentemos entra em contato com o professor e nada e respondido até msm para paga os boletos e muita dificuldade aonde isso acaba prejudicando o aluno a ponto de atrasa a mensalidade gerando assim mais e mais multa em cima Então deixo aq meu repúdio a Unopar a qual não indigo a ninguém"
Unopar,br.com.cogna.app_unopar,1,2025-05-09 16:34:39,"aplicativo muito instável, ultimamente venho tendo diversos problemas, meu curso não carrega tenho de desinstalar e instalar novamente o app, além disso para terminar de completar estou tentando fazer uma prova há três dias e ela não carrega."
Unopar,br.com.cogna.app_unopar,2,2025-05-07 10:28:47,"O app apresenta sempre erros, e aí é necessário desinstalar e instalar novamente para voltar a funcionar!"
Unopar,br.com.cogna.app_unopar,1,2025-05-06 15:06:30,"O app não está disponível para minha matrícula? como assim? Não gostei! Hoje em dia todas as faculdades tem seus app, funciona, e a Unopar não evoluir? Quero que libere meu acesso. Por favor"
Unopar,br.com.cogna.app_unopar,3,2025-05-03 20:41:09,"Esperando uma ajuda ,para acessar a biblioteca virtual urgente, está dando erro ."
Unopar,br.com.cogna.app_unopar,1,2025-04-29 19:17:50,"aplicativo horrível, todo hora preciso desinstalar e instalar de novo pq simplesmente dá erro ao entrar e não aparece o curso"
Unopar,br.com.cogna.app_unopar,1,2025-04-26 17:40:09,"impossível estudar pelo APP, sempre fica dando erro! fora que não consigo acessar os links nas referências para estudar o que as aulas recomendam"
Unopar,br.com.cogna.app_unopar,1,2025-04-17 16:33:32,"Precisam melhorar urgente! tem praticidade dentro da plataforma, mas toda vez que vou entrar não reconhece o curso e preciso desinstalar e instalar novamente."
Unopar,br.com.cogna.app_unopar,5,2025-04-15 18:20:57,"Muito bom, funciona muito bem e pra quem não curte poluição visual é excelente. É tudo muito bem organizado e limpo!"
Unopar,br.com.cogna.app_unopar,1,2025-04-12 15:22:26,Dificuldade de acessar a plataforma há 2anos .
Unopar,br.com.cogna.app_unopar,3,2025-04-10 16:58:56,"bom, gostei que é mais facil para estudar no app ja que tem opção de modo escuro, diferente do site pelo google, mas ultimamente quando entro apareçe como erro 001 ou 002 não sei o que significa, entao desisntalei e instalei novamente, se puderem me ajudar agradeço, mas fora estes pequenos problemas o app é otimo e os cursos e graduações tambem!"
Unopar,br.com.cogna.app_unopar,2,2025-04-08 19:08:40,"É bom,mas dá muito erro, não abri"
Unopar,br.com.cogna.app_unopar,2,2025-04-05 09:40:24,"É bom mas cada vez que entro no aplicativo tenho que desinstalar e instalar novamente tá chato isso, fassa alguma coisa."
Unopar,br.com.cogna.app_unopar,1,2025-04-05 01:34:06,Os cursos são ótimos mas o app sempre da problema e eu tenho q desinstalar e intalar novamente pra funcionar
Unopar,br.com.cogna.app_unopar,1,2025-04-04 22:11:11,O aplicativo está com um péssimo desempenho gente! Por favor resolvam isso pra nós! Falha no carregamento o tempo todo.
Unopar,br.com.cogna.app_unopar,1,2025-04-04 20:33:22,"Nao fumciona . Sou do RJ estudo online, ao instalar o APP e tentar logar , diz que o APP não está disponível para minha matrícula. Lamentável."
Unopar,br.com.cogna.app_unopar,1,2025-04-01 02:00:51,"Quase todos os dias o aplicativo dá erro ao tentar acessar as aulas. Só consigo estudar pelo site, sendo que o app deveria facilitar a vida do estudante."
Unopar,br.com.cogna.app_unopar,3,2025-03-31 20:44:08,"e bem simples de mexer, porém sempre dá problemas em acessar a plataforma pelo celular ou tablet, o que acaba me atrasando muito, sinceramente pensando em desistir"
Unopar,br.com.cogna.app_unopar,1,2025-03-24 23:57:06,"Estou muito chateada. Todos Os dias preciso desinstalar e instalar novamente o aplicativo para poder conseguir acessar. E, após fazer isso, ainda preciso de muita paciência para tentar 3 a 4 vezes até o aplicativo finalmente me dá acesso à disciplina e finalmente assistir as aulas. Estou aguardando uma solução! Neste instante ao tentar acessar o curso, estou sendo obrigada a novamente desistalar o aplicativo e reinstalar para poder assistir a aula. Isso é um absurdo!"
Unopar,br.com.cogna.app_unopar,2,2025-03-20 02:04:36,"Boa noite Não tô conseguindo abrir meu aplicativo, só dá erro"
Unopar,br.com.cogna.app_unopar,5,2025-03-15 19:53:43,"AMEI O APLICATIVO, POR ISSO DOU 5 ESTRELA"
Unopar,br.com.cogna.app_unopar,2,2025-03-15 00:16:18,Não consigo acessar a plataforma 👎👎👎
Unopar,br.com.cogna.app_unopar,1,2025-03-13 18:42:13,"Aplicativo apresenta erro constantemente, sendo necessário a desinstalação e reinstalar para funcionar corretamente. Apresenta erros ao abrir os módulos para estudos e não é possível realizar as atividades de cada módulo de estudo."
Unopar,br.com.cogna.app_unopar,5,2025-03-12 20:47:37,Achei a avaliação muito boa por ser objetiva
Unopar,br.com.cogna.app_unopar,4,2025-03-11 20:20:05,Não consigo logar. Diz que não está disponível para minha matrícula e me direciona para o site no navegador.
Unopar,br.com.cogna.app_unopar,1,2025-03-11 16:44:21,Não consigo mais acessar o aplicativo. Celular Poco X5 5g
Unopar,br.com.cogna.app_unopar,1,2025-03-10 23:34:06,"Não dá pra acessar o negócio pra pagar a mensalidade da faculdade,que absurdo!"
Unopar,br.com.cogna.app_unopar,1,2025-03-10 19:16:43,O app horrível não abre e inúmeros bugs não recomendo
Unopar,br.com.cogna.app_unopar,1,2025-03-09 11:28:23,Tem horas que não funciona.
Unopar,br.com.cogna.app_unopar,1,2025-03-06 12:17:24,"Aplicativo sempre lento, tem momentos que nem abre as funcionalidades, estou tentando puxar a mensalidade para pagar e o aplicativo não funciona desde ontem. Péssimo."
Unopar,br.com.cogna.app_unopar,1,2025-03-06 11:49:09,Aplicativo apresenta erro na maior parte do tempo
Unopar,br.com.cogna.app_unopar,3,2025-03-06 11:48:47,Seria bom se dentro da plataforma houvesse como enviar feedbacks de bugs/erros.
Unopar,br.com.cogna.app_unopar,3,2025-03-05 16:27:05,Muito bom o app para estudar mais em relação para tirar o boleto de mensalidade está dando erro frequentemente minha mensalidade vence hj e não consigo tirar o boleto!
Unopar,br.com.cogna.app_unopar,1,2025-03-05 15:56:10,"app muito ruim, ou pode ser que seja ruim os dois celulares e o computador que estou usando mas seria muita conhecidencia"
Unopar,br.com.cogna.app_unopar,3,2025-03-04 22:06:18,O aplicativo está apresentando vários erros e não estou conseguindo acessar as unidades!🤦
Unopar,br.com.cogna.app_unopar,1,2025-02-23 23:47:07,Não está disponível para todos os alunos
Unopar,br.com.cogna.app_unopar,2,2025-02-21 18:44:56,Aplicativo com lentidão para carregar e as vezes nem aparece nada
Unopar,br.com.cogna.app_unopar,1,2025-02-19 18:22:27,O aplicativo não é disponível para minha matrícula 👎🏻
Unopar,br.com.cogna.app_unopar,5,2025-02-19 14:28:02,"Tem cido uma experiência muito boa, só que estou com problema pra acessar minha plataforma"
Unopar,br.com.cogna.app_unopar,1,2025-02-12 12:57:04,"Fui acessar o App, diz que meu curso não está disponível na plataforma, Como assim? 😕 Gente, que absurdo 😨😔"
Unopar,br.com.cogna.app_unopar,2,2025-02-11 02:47:40,"Confesso que fiquei triste com minha primeira aula, pois foi em formato de vídeo e não tem um tutor disponível, também nos contatos só tem atendimento robotico ."
Unopar,br.com.cogna.app_unopar,1,2025-02-07 20:32:44,"Eu não estou gostando desse app, não consigo acessar minhas aulas! Todas as vezes que tento entrar no app fica falando pra tentar mais tarde estou muito chateada com isso.🥺"
Unopar,br.com.cogna.app_unopar,2,2025-02-06 22:47:47,"A faculdade é boa, porém, o aplicativo está apresentando vários erros e é apenas meu 4° dia de faculdade seria ótimo se conseguissem melhorar nessa questão."
Unopar,br.com.cogna.app_unopar,1,2025-02-05 21:28:51,"Me inscrevi num curso hoje (gestão da qualidade), e consigo entrar só por aqui no app, se tento entrar pelo computador fala que a senha tá incorreta, vou pra redefinir aparece um email e dados nada a ver do que realmente foi cadastrado. Primeiro dia e já começo com problemas."
Unopar,br.com.cogna.app_unopar,1,2024-12-10 17:53:02,"Instalei o aplicativo, mas não estar disponível para minha matrícula!🤦🏻"
Unopar,br.com.cogna.app_unopar,1,2024-11-29 18:13:07,disse que a minha matricula não é compativel com o aplicativo:(
Unopar,br.com.cogna.app_unopar,1,2024-11-28 11:18:45,"Estou muito revoltado com a situação em que me encontro e solicito a intervenção imediata de algum desenvolvedor. Não consigo finalizar as minhas aulas caso nesta tenha uma tabela a ser estuda. Preciso desta atenção imediatamente, estou sendo prejudicado por causa da liberação das provas do final do simestre"
Unopar,br.com.cogna.app_unopar,1,2024-11-19 01:08:55,"Não funciona, não disponível para o CPF"
Unopar,br.com.cogna.app_unopar,1,2024-11-12 12:33:24,"Baixei o app porque acho que o Ava (site) não é pratico, porém ao tentar fazer o login, apareceu que não está disponível para minha matrícula. Triste."
Unopar,br.com.cogna.app_unopar,1,2024-11-05 15:05:07,"Aluna arrependida. O portal deu 2 provas minhas por concluidas, sendo que ainda está na data. Quando penso que não preciso ficar preocupada com o dia para fazer a prova, lembro que o portal é mais instável que a mente de um desequilibrado mental. Estou sem saída, saio lezada dessa, achei que daria para lidar com esse portal mas me enganei. Tenho ficado sem Atendimento, um ead que você é por você e sorte de resolver qualquer dúvida, mas pra cobrar falta pouco ligar 7 dias antes da data. DESCASO!!"
Unopar,br.com.cogna.app_unopar,1,2024-11-02 16:47:29,"Sinceramente não entendi fiz o Download e quando coloco meu CPF a mensagem informada é que o uso do app não é compatível com a minha matrícula, chocada que eu não vou ter acesso por aplicativo."
Unopar,br.com.cogna.app_unopar,5,2024-11-02 13:59:15,simplesmente perfeito
Unopar,br.com.cogna.app_unopar,1,2024-10-16 15:35:35,"Horrível! Fica em um loading infinito ""Carregando seus cursos""..."
Unopar,br.com.cogna.app_unopar,4,2024-09-27 21:02:11,Queria q desse p usar ele em vez do navegador 🥲
Unopar,br.com.cogna.app_unopar,5,2024-09-24 21:17:24,"Depois que eu aprendi trabalhar com o AVA, eu consigo me organizar melhor e não atraso mais as aulas."
Unopar,br.com.cogna.app_unopar,1,2024-09-01 10:28:39,"Fiz a matrícula em administração mas não tô conseguindo acessar pelo aplicativo nem pelo portal ,vai pra gestão financeira"
Unopar,br.com.cogna.app_unopar,1,2024-08-16 19:20:57,"App muito ruim, não estava conseguindo acessar para fazer o pagamento, pelo site da como CPF inválido, até vencer a parcela , agora foi liberado depois da data de vencimento e não tenho mais o desconto pontualidade, agora não consigo escolher a disciplina optativa , o prazo está encerrando e não consigo escolher."
Unopar,br.com.cogna.app_unopar,1,2024-08-12 22:34:03,"péssimo. estou reinstalando . atendimento da unidade av Brasil cascavel não existe, até pra pagar não te atendem e o app na parte de pgto só dá erro"
Unopar,br.com.cogna.app_unopar,1,2024-08-12 20:22:04,Simplesmente não funciona!
Unopar,br.com.cogna.app_unopar,1,2024-08-12 13:20:23,Os cursos nao carrega. Já entrei em todos os contatos possiveis e meu problema ainda nao foi solucionado...
Unopar,br.com.cogna.app_unopar,1,2024-08-08 09:08:09,Simplesmente não carrega os cursos
Unopar,br.com.cogna.app_unopar,1,2024-08-06 21:37:43,"Péssimo! Não é possível assistir a aula. 2 seg de vídeo, 1 min carregando. Não baixa o vídeo para vermos offline. Não serve para nada."
Unopar,br.com.cogna.app_unopar,5,2024-08-06 10:54:18,Muito..bom.....A Faculdade
Unopar,br.com.cogna.app_unopar,1,2024-07-30 19:42:27,"Uma vergonha o app não está disponível para alunos do curso de criminologia ead, pois baixei o app achando que iria ser útil para mim e quando coloquei o CPF diz que não está disponível para o meu curso!"
Unopar,br.com.cogna.app_unopar,1,2024-07-20 11:55:56,simplesmente baixei e não abre por nada o aplicativo
Unopar,br.com.cogna.app_unopar,1,2024-07-15 10:22:24,"Deveria ter um app pra mostrar as notas, abrir solicitações etc, ou pelo menos pra mostrar a carteirinha de estudante 😪 horrível"
Unopar,br.com.cogna.app_unopar,4,2024-06-24 19:12:36,"Bom tarde! Fiz um pagamento de acordo pelo serasa da unopar dia 12/06/2024 e até hj não recebi a baixa do pagamento, e só não quero que meu nome volte a ficar negativado pq eu vou procurar as pequenas causas. Peço que por gentileza procurem da baixa, se quiser o meu contato paravque eu possa enviar o comprovante ,por favor mande . Pois eu não consigo falar com a unopar e nem pela croton."
Unopar,br.com.cogna.app_unopar,1,2024-06-08 13:38:08,"O Aplicativo já funcionou para alguém? Sempre esperei por um app da Unopar, mas já faz 3 dias e nem abri o app abre."
Unopar,br.com.cogna.app_unopar,1,2024-06-07 17:10:50,Baixei e não consegui entrar porque disse que minha matrícula não é apropriada para esse aplicativo.
Unopar,br.com.cogna.app_unopar,1,2024-05-27 23:46:57,Péssimo não consigo entrar.
Unopar,br.com.cogna.app_unopar,1,2024-05-23 00:41:15,"Não funciona, não abre p minha matrícula?"
Anhanguera,br.com.cogna.ava,1,2026-09-26 13:42:53,"o aplicativo nunca funciona, sempre tenho que usar a versão web sendo que nem ela tem funcionado ultimamente"
Anhanguera,br.com.cogna.ava,1,2026-09-26 09:48:17,tive péssima experiência tive acionar justiça tiver um semestre todo perdido se vc ta pensando fazer curso aqui nao faça nao entre nessa furada
Anhanguera,br.com.cogna.ava,1,2026-09-25 18:34:19,"É muito difícil depender do app para estudar... preciso acessar o curso, e o aplicativo tá bugado"
Anhanguera,br.com.cogna.ava,1,2026-09-25 17:26:00,"Meu curso de dois anos , virou três graças a todos erros de vocês de portal. meu diploma que já ultrapassou 120 dias e nada , só ladeira abaixo essa instituição"
Anhanguera,br.com.cogna.ava,1,2026-09-24 17:23:50,"essa nova atualização ficou horrível! ao acessar a verificação de grau o app simplesmente fecha, também não consigo acessar o atestado de vínculo, o app continua dando erro."
Anhanguera,br.com.cogna.ava,1,2026-09-24 03:05:37,"não consigo acessar o Ava, paguei um novo curso livre de avaliação de imóveis e não sei como entrar, tá muito confuso."
Anhanguera,br.com.cogna.ava,1,2026-09-23 18:19:33,"a pessoa que desenvolveu isso está de parabéns, vive bugado, carrega eternamente as coisas, puro estresse utilizar isso"
Anhanguera,br.com.cogna.ava,3,2026-09-22 22:08:32,os vídeos no app tanto no tablet quanto no celular não maximizam a tela.
Anhanguera,br.com.cogna.ava,2,2026-09-22 14:07:45,já tem 3 dias que não tenho acesso as disciplinas que vou cursar entro até no app mais não tenho acesso as disciplinas
Anhanguera,br.com.cogna.ava,4,2026-09-21 19:36:11,"Estava funcionando legal o app, porém há alguns dias, a primeira parte da vídeo aula não é computada como assistido. Fica pendente. Tenho q entrar no portal online e assistir novamente pra computar."
Anhanguera,br.com.cogna.ava,4,2026-09-16 02:14:33,"Uma pena que vídeos não funcionam na horizontal, até existe opção pra tentar colocar nesse modo porém não funciona."
Anhanguera,br.com.cogna.ava,3,2026-09-15 22:08:04,"não entra, quando coloca o CPF vai no campo de acompanhar inscrição, sendo que já sou aluno"
Anhanguera,br.com.cogna.ava,1,2026-09-13 21:47:42,"muito ruim, os conteúdos em escrita são repletos de rodeios dando uma leitura pesada e cansativa nos estudos, os projetos não tem conteúdo e a data de entrega é apertada entregar o quê aliás? se não tem conteúdo. agendar prova cara faz 4 dias que eu comecei o curso deixa eu estudar antes caramba eu trabalho ou vocês acham que sou uma desocupada que pode ler a matéria de vocês 24h por dia? melhorem."
Anhanguera,br.com.cogna.ava,5,2026-09-13 14:42:01,só deixa a desejar em alguns exercícios e provas que as vezes vem duplicado e a pergunta e nos confundi. os demais é nota 10 .
Anhanguera,br.com.cogna.ava,2,2026-09-11 21:57:28,a faculdade em si tem muitos problemas de adms
Anhanguera,br.com.cogna.ava,1,2026-09-11 06:19:46,Esse aplicativo não serve para nada vocês tem que arrumar isso daí toda hora saia eu não aguento mais as minhas notas estão caindo por conta desse aplicativo por favor arrumem
Anhanguera,br.com.cogna.ava,1,2026-09-10 19:10:01,"esse app tem muitas falhas, é um absurdo isso acontecer, já que pagamos tão caro por um serviço de qualidade, aí está minha insatisfação."
Anhanguera,br.com.cogna.ava,1,2026-09-10 14:58:27,"Simplesmente a pior experiência que tive na vida, atendimento horrível, tratam como se estivessem fazendo algum favor. se pagando Um curso tratam assim, imagina se fosse de graça."
Anhanguera,br.com.cogna.ava,5,2026-09-10 10:02:42,"O app é fácil e prático! Já tive experiência com outros aplicativos, mas esse realmente é muito bom, principalmente para mim, que estudo muito durante o transporte público. São três conduções para ir e três para voltar, e é nesse tempo que aproveito para estudar e seguir em busca de um sonho: conquistar minha graduação aos 49 anos. Obrigada, Anhanguera, por fazer parte dessa conquista! ❤️🎓"
Anhanguera,br.com.cogna.ava,5,2026-09-09 15:45:04,"atende minhas expectativas, legal"
Anhanguera,br.com.cogna.ava,5,2026-09-08 21:47:11,"O aplicativo em si é bom. Achei bem fácil de usar. O único problema que estou tendo é, não consegui baixar o pdf das aulas."
Anhanguera,br.com.cogna.ava,2,2026-09-07 20:08:30,• Gostaria de saber quando terá uma nova atualização via app? precisoo estudar
Anhanguera,br.com.cogna.ava,5,2026-09-05 23:48:44,maravilha de faculdade!
Anhanguera,br.com.cogna.ava,5,2026-09-05 23:00:32,"é uma excelente instituição, eu super indico"
Anhanguera,br.com.cogna.ava,1,2026-09-05 02:10:12,"não consigo acessar as atividades nem pelo site nem pelo aplicativo, não está abrindo os exercícios, (aparece erro,algo deu errado) já fiz de tudo atualizei a página limpei os cachês, atualizei aplicativo e nada mandei mensagem no canal de atendimento do WhatsApp ,mas só tem mensagem automática não consigo falar com atendente, isso tudo depois voltar das férias portal do aluno ficou péssimo,amanhã é o último dia para realizar a prova e não consegui fazer as atividades avaliativas,"
Anhanguera,br.com.cogna.ava,1,2026-09-03 13:13:20,"Não consigo entrar no aplicativo. Fala que não estou inscrito em nenhum curso, porém já estou no 4 período de administração. Entrei em contato com o polo que informou que veteranos não tem acesso ao aplicativo (o que não tem sentido algum). Outro aluno no mesmo período que eu tem o acesso normalmente. Espero resolução."
Anhanguera,br.com.cogna.ava,1,2026-09-02 22:51:54,"a plataforma no geral Unopar e Anhanguera, aplicativo e site, não abre as aulas, que já começaram faz tempo.... péssimo, quem vai me ressarcir pelo prejuízo que ainda por cima é cobrado!"
Anhanguera,br.com.cogna.ava,5,2026-09-02 20:52:58,O link da pesquisa não está abrindo.
Anhanguera,br.com.cogna.ava,4,2026-09-02 19:06:40,"Bom trabalho, difícil"
Anhanguera,br.com.cogna.ava,1,2026-09-02 17:17:51,ladrona mentirosa não resolve nada ainda te rouba e suja seu nome pior universidade do mundo
Anhanguera,br.com.cogna.ava,1,2026-09-02 13:28:23,"Nossa o aplicativo é horrível, não dá pra ver 5 segundos de aula que já trava"
Anhanguera,br.com.cogna.ava,5,2026-09-02 00:19:10,Gostei muito do conteúdo da matéria 😃
Anhanguera,br.com.cogna.ava,1,2026-09-01 22:46:57,"muito ruim em relação ao relacionamento com os alunos, não respondem email, não dar baixa e nem resolvem em imediato os problemas que está acontecendo dentro do setor de finanças,a gente paga e não dão baixa nos pagamentos, horrível esse setor do whatszap, mecânico, você não tem resposta emediata, horrível."
Anhanguera,br.com.cogna.ava,3,2026-09-01 17:15:02,"Sugiro que alterem a formatação do material em pdf e do conteúdo no site, as letras estão gigantes e espalhadas na tela, mesmo no modo justificado. Isso impede uma leitura fluida e dinâmica. E torna difícil imprimir apostilas, pois as letras dos pdfs são enormes e há muita quebra de páginas. É feio, nada compacto, nem econômico."
Anhanguera,br.com.cogna.ava,4,2026-08-31 01:13:26,"O conteúdo é rico, as aulas bem explicadas, as datas flexíveis. O único ponto negativo que passei, foi que tentei falar com uma professora mediadora várias e nada de suporte. Do mais, está na medida."
Anhanguera,br.com.cogna.ava,1,2026-08-29 22:58:03,"Muito ruim esse aplicativo, faço as matérias usando o computador via site (Pelo site funciona bem) App com vários Bugs já testei em outros aparelhos. Tenho problema para enviar documentos a secretaria fora que para uso das matérias é horrível."
Anhanguera,br.com.cogna.ava,1,2026-08-29 12:03:15,"Aplicativo é ruim demais,quando você mais precisa ele da problema🤡 agora mesmo tenho uma prova pra fazer mais não consigo porq o aplicativo tá dando defeito."
Anhanguera,br.com.cogna.ava,3,2026-08-29 02:01:38,"muitos bugs chatos. As vezes não carrega a aula e nem aparece onde é para aparecer e fica dias assim. Tbm as vezes não aparece o ""saiba mais"" que sempre tem um video e que se não assiste não pontua. To com varios modulos em 89% pq o video não carrega. E por algum motivo a tela não fica cheia de jeito nenhum."
Anhanguera,br.com.cogna.ava,1,2026-08-28 11:13:04,"O app não processa as aulas concluídas, e o conteúdo baixado não fica disponível offline."
Anhanguera,br.com.cogna.ava,2,2026-08-27 12:40:17,"Péssimo, deixa a desejar toda vez que entro. O aplicativo muitas vezes não contabiliza que você estudou aquela aula mesmo avaliando, etc. Demorado para atualizar o pagamento do pix e também!"
Anhanguera,br.com.cogna.ava,1,2026-08-27 02:13:32,o vídeo não aparece para assistir
Anhanguera,br.com.cogna.ava,2,2026-08-26 16:39:16,"A aba "" saiba mais"" sempre fica pendente nas aulas."
Anhanguera,br.com.cogna.ava,1,2026-08-26 10:42:15,"PÉSSIMO, FAZ MUITO TEMPO QUE SAÍ DO CURSO E ELES AINDA ME MANDAM COBRANÇA"
Anhanguera,br.com.cogna.ava,4,2026-08-25 02:24:51,"O aplicativo em si muito bom rápido e responsivo realmente superou as espectativas, porem para assistir as aulas em aparelhos moveis seria bom horizontalmente mas nao permite e a função tela cheia do video nao funciona e qualquer coisa tipo saiu do aplicativo o video reinicia poderia ter um ponto onde a video aula voltase de onde parou, fora isso ate o atual momento sem problemas."
Anhanguera,br.com.cogna.ava,1,2026-08-25 00:09:46,Se prescisar cancelar a matrícula vocês irão entender o siguinificado de passar raiva
Anhanguera,br.com.cogna.ava,1,2026-08-24 11:41:59,"Aplicativo péssimo , a cada dia só piora"
Anhanguera,br.com.cogna.ava,4,2026-08-22 18:30:19,"O aplicativo é bom e fácil de usar. Porém, a ausência da rotação de tela e modo tela cheia nos vídeos , especialmente para quem utiliza tablet, acaba deixando a experiência um pouco limitada."
Anhanguera,br.com.cogna.ava,1,2026-08-21 13:08:43,"as vídeos aulas não ficam em tela grande no aplicativo, tenho que recorrer ao site pra conseguir assistir as aulas no celular."
Anhanguera,br.com.cogna.ava,1,2026-08-20 21:49:42,"estou com dificuldade em marcar a prova, secretária nao responde, aplicativo nao disponibiliza os dias, nao que nao tenha dia, mas nao aparece nenhum dia desde o início do prazo de marcar, nao consigo falar com ninguem q me ajude ficam um jogando pro outro."
Anhanguera,br.com.cogna.ava,1,2026-08-19 13:32:22,nao estou conseguimdo enviar meus documentos pois nao aparece poção de anexar os doc necessarios. ja entrei em contato mas so falo com robos e quando peço um atendente humano diz que nao consegue chamar um atendente pra me ajudar nessa situação. faz quase 3 meses que estou tentando enviar esse documentos obrigatorios.
Anhanguera,br.com.cogna.ava,1,2026-08-19 12:50:23,"Não consigo de jeito nenhum abrir as aulas pelo PC (nenhum navegador). Mando WhatsApp para o pólo, central de atendimento não ajuda... não gostei!"
Anhanguera,br.com.cogna.ava,1,2026-08-18 21:27:19,Duas coisas que antes funcionavam e hoje não funciona mais. 1 - Colocar o vídeo no app para rodar em tela cheia; 2 - Colocar o vídeo no app para rodar em segundo plano. Os desenvolvedores do app precisam dar uma atenção a esses dois pontos para melhorar o app
Anhanguera,br.com.cogna.ava,1,2026-08-18 20:05:11,"estou tendo problemas não estou conseguindo acessar o pagamento no financeiro,até agora não consegui pagar,está dizendo que está em dia mas não paguei o mês de agosto,eu assisti todas as porém está incompleto é alguma falha no aplicativo e não estou conseguindo acessar os exercícios,muita coisa para melhorar o aplicativo"
Anhanguera,br.com.cogna.ava,1,2026-08-18 17:11:48,"Esse app devia ser declarado crime da sociedade, sem condições, só uso para ver alguma situação e mesmo assim é difícil."
Anhanguera,br.com.cogna.ava,2,2026-08-18 08:49:56,"no último semestre, cobrança excessiva das mensalidades. o app não funciona direito, há vários erros, e meus chamados são encerrados sem resolução."
Anhanguera,br.com.cogna.ava,1,2026-08-17 21:11:57,O pior aplicativo que já vi até hoje!
Anhanguera,br.com.cogna.ava,1,2026-08-17 20:00:07,"há alguns meses atrás avaliei o app com 2 estrelas , por alguns problemas de lentidão , agora, o que era ruim vcs conseguiram piorar, colocando o código autentificador, simplesmente não consigo acessar o portal com o código gerado pelo aplicativo mesmo dentro do tempo especificado, assim tenho que utilizar um dos códigos de recuperação pra acessar sendo que cada código de recuperação se usa apenas uma vez, reduzindo a avaliação do app para 1 estrela, realmente está péssimo!"
Anhanguera,br.com.cogna.ava,5,2026-08-15 21:50:58,"A instituição é muito boa, mas na atualização não atualizou a fatura, paguei a inscrição do semestre, porém sumiu a forma de pagamento, hoje apareceu, bom, o problema é gastar o financeiro e depois como irá pagar, oque quero relatar è que atualizem corretamente o app, para não gerar atrasados nas parcelas."
Anhanguera,br.com.cogna.ava,1,2026-08-15 18:09:29,não carrega as páginas 100%
Anhanguera,br.com.cogna.ava,1,2026-08-13 12:35:23,Essa faculdade é um lixo. Dá ate vergonha de dizer que faço curso. Ainda bem que passei pelo prouni pq nunca na vida eu pagaria pra estudar numa instituição assim.
Anhanguera,br.com.cogna.ava,1,2026-08-13 11:47:58,alguém saber com cancelar a matrícula.. já entrei em tudos meio de comunicação e nada se resolve.. se alguém pode me ajudar.
Anhanguera,br.com.cogna.ava,1,2026-08-12 21:34:17,"A experiência foi péssima. A faculdade e/ou o aplicativo realizou uma rematrícula automática, sem a minha autorização. Quando procurei exercer meus direitos como consumidor, não assumiram o erro nem apresentaram uma solução adequada. A impressão que fica é que o foco está muito mais em gerar dinheiro do que em oferecer um ensino de qualidade e respeitar o consumidor."
Anhanguera,br.com.cogna.ava,2,2026-08-12 21:29:15,"ja foi atualizado semana passada, e agora de novo e os problemas são os mesmos"
Anhanguera,br.com.cogna.ava,1,2026-08-12 16:27:04,"não tenho acesso a minha mensalidade, simplesmente sumiu o campo depois da atualização e não aparece mais! Eu espero que o quanto antes vocês resolvam isso !!!!"
Anhanguera,br.com.cogna.ava,2,2026-08-12 16:02:27,"O app teve uma atualização e vive travado ou informações importantes não aparecem mais, inclusive na parte de secretaria. Enfim... complicado!"
Anhanguera,br.com.cogna.ava,1,2026-08-12 13:13:12,"pelo app no celular não está atualizado conforme o meu cronograma, aqui mostra 13 matérias concluídas, sendo que entrando pelo site no PC, já concluí 17 matérias, já atualizei o aplicativo, mas ainda continua a mesma coisa."
Anhanguera,br.com.cogna.ava,1,2026-08-12 00:13:57,"aplicativo ruim, trava toda hora!"
Anhanguera,br.com.cogna.ava,1,2026-08-11 23:23:07,"o app está muito ruim, os dados que deveria está na pasta secretaria está no financeiro e os dados do financeiro, como fatura, comprovantes de pagamento e outros não estão aparecendo.."
Anhanguera,br.com.cogna.ava,3,2026-08-11 18:49:56,não estou conseguindo abrir a tela cheia ta com problema
Anhanguera,br.com.cogna.ava,2,2026-08-11 18:02:52,"O app ficou horrível, mesmo com o meu celular compatível quando abro app que colocou os meus dados,aparece a mensagem dizendo que não sou aluna, vim aqui editar minha reclamação por colocaram um número de contato pra podermos explicar o que acontece com esse app,porém não serve pra nada igual desde app."
Anhanguera,br.com.cogna.ava,2,2026-08-11 11:23:55,"já reinstalei o meu aplicativo e o mesmo problema, não entra nas disciplinas que eu preciso para o semestre, estou tendo que estudar pelo notebook, no celular tá impossível."
Anhanguera,br.com.cogna.ava,1,2026-08-11 07:28:40,Esse app está bugado na parte de secretaria e faturas. consertem isso por gentileza!
Anhanguera,br.com.cogna.ava,1,2026-08-11 02:42:45,"Mais um início de semestre e o app está todo bugado. Quando clica em financeiro entra na aba de serviços da secretaria, tbm está travando na página inicial. Não apenas o app está bugado, mas o site tbm está horrível, esse mês foi difícil fazer o pagamento da mensalidade pois estava dando erro, com muita insistência que consegui o link do pagamento. Muito difícil!"
Anhanguera,br.com.cogna.ava,3,2026-08-10 19:45:36,"bem organizado o portal do aluno anhanguera, porém tem muitos bugs, demora a carregar, as vídeo aulas"
Anhanguera,br.com.cogna.ava,3,2026-08-10 17:24:44,"O app é bom, mas trava muito. As matérias demoram muito para aparecer no aplicativo. Às vezes já começaram as aulas, mas no aplicativo ainda não carregou. O restante é bom e prático."
Anhanguera,br.com.cogna.ava,1,2026-08-10 17:05:04,"Não entendo esse app, pra ver a matéria tenho que ir pro site mesmo, pois até agora não aparece a matéria nesse app. concluo que esse app não sirva pra nada.... Parabens"
Anhanguera,br.com.cogna.ava,2,2026-08-10 15:36:34,"o aplicativo está horrível, travando muito e não respondendo aos comandos"
Anhanguera,br.com.cogna.ava,1,2026-08-10 14:47:35,ruim chea no dia de pagar e não funciona se nem pra receber presta imagine pra outras coisas ...
Anhanguera,br.com.cogna.ava,1,2026-08-10 12:13:03,"Infelizmente, minha experiência com o aplicativo Anhanguera Alunos não tem sido boa. O aplicativo apresenta problemas de acesso, lentidão e dificuldades para encontrar ou utilizar algumas funções. Isso acaba prejudicando bastante o acompanhamento das atividades e informações do curso. Por ser uma ferramenta essencial para os alunos, espero que a Anhanguera dê mais atenção à estabilidade, à navegação e ao funcionamento geral do aplicativo. É necessário melhorar bastante a experiência do usuário."
Anhanguera,br.com.cogna.ava,1,2026-08-10 11:56:48,"Acabei de instalar, todos hora trava!"
Anhanguera,br.com.cogna.ava,3,2026-08-10 11:21:39,"estou dando 3 estrelas não pelo aplicativo em si, mas sim o fato de que as grades são muito corridas, para pessoas que trabalham e fazem estágio ao mesmo tempo dificilmente conseguem terminar uma matéria em apenas 1 único mês. por favor coloquem as matérias para ter um início e término durante todo o semestre, muita gente nao está conseguindo aprender o sulficiente por ser matérias rushadas."
Anhanguera,br.com.cogna.ava,1,2026-08-10 02:37:28,"não estou conseguindo fazer o pagamento no app do curso e não estou conseguindo desdo dia 06 e o último dia é amanhã dia 10 e aí depois vai gerar multa por atraso e ainda continua com problema, assim fica difícil, antes o app da faculdade era mais fácil de mexer e não ficava travando como ele está agora"
Anhanguera,br.com.cogna.ava,1,2026-08-09 19:31:12,"o app é tá horrível desde a última atualização. a aba de pagamento da mensalidade não tem mais, e se for pago pelo site não consta o pagamento. estou pensando seriamente em cancelar minha matrícula. e as pessoas do polo não fazem nada para resolver essa situação. até agora não liberaram as disciplinas, e o app tá cheio de bug e fica travando. simplesmente terrível."
Anhanguera,br.com.cogna.ava,1,2026-08-09 18:29:30,o app nao esta funcionando quando entro pra estudar ele trava e nao consigo acessar mais nada a sorte que acesso pelo internet pq se dependesse do app eu ficaria atrasado péssimo.
Anhanguera,br.com.cogna.ava,3,2026-08-09 15:26:43,"Vou da 3 estrelas, pois a última atualização o app ficou bugado. Mudando algumas funções."
Anhanguera,br.com.cogna.ava,1,2026-08-09 14:54:46,"App nunca funciona direito, estou tentando abrir o boleto para pode pagar, e nem isso funciona"
Anhanguera,br.com.cogna.ava,1,2026-08-09 14:44:16,"Cada atualização fica pior, mas, nesta ficou péssimo, uso Xiaomi e o aplicativo já não serve mais pra nada. Primeiro, tem um pop-up de uma pesquisa que nunca abre, se rolar pra baixo o pop-up se esconde e não é mais possível mexer na aplicação, se tentar abrir dar erro. Segundo, as aulas não abrem em tela cheia, você clica e nada acontece. Fatura não abre, não é possível pagar pelo app, aba secretaria inútil, tá tudo no financeiro, mas, a fatura o principal, não tem."
Anhanguera,br.com.cogna.ava,4,2026-08-09 14:39:12,não está funcionando só trava
Anhanguera,br.com.cogna.ava,1,2026-08-09 13:40:52,"Todo mês tem alguma coisa pra gente se estressar, ou é no app ou é no financeiro. Agora vc clica pra ir no financeiro e vai pra secretaria, na secretaria vai pra fazer um post... Na hora que cobrar taxa de atraso são bons."
Anhanguera,br.com.cogna.ava,1,2026-08-09 09:44:04,"O app não está funcionando, trava toda hora. Depois que atualizou não consigo acesso a minha carteirinha de estudante, porque fica aparecendo a mensagem que tem que fazer a rematrícula, sendo que já está pago. Não tem um telefone pra contato, todos que tento são de outros polos, e dizem que não podem ajudar."
Anhanguera,br.com.cogna.ava,1,2026-08-09 02:58:55,"Atualizei na sexta feira dia 07 de agosto de 2026, e o app abre e fica travado sem permissão de clicar nos botões tudo que tenta abrir não há resposta, impossível estudar pelo celular. Horrível 😞😕"
Anhanguera,br.com.cogna.ava,2,2026-08-09 02:38:58,"Estou tendo uma péssima experiência ultimamente com o portal, simplesmente o meu financeiro aparece coisas da secretaria, e está travando muito, melhores."
Anhanguera,br.com.cogna.ava,1,2026-08-09 00:22:10,"ah um problema na navegação do app, ele não rola a tela, já é o segundo celular que checo"
Anhanguera,br.com.cogna.ava,1,2026-08-08 17:37:30,Ultima atualização contém erros e bugs. 3.11.2 MINHAS SOLICITAÇÕES PARA VER CHAMADOS NÃO ESTÁ DISPONÍVEL NEM VISÍVEL. OUTROS COM ERRO DE EXIBIÇÃO E LAYOUT
Anhanguera,br.com.cogna.ava,3,2026-08-08 16:42:08,"depois da última atualização, o aplicativo fica travando e está bugado, as matérias q já fiz pelo notebook, no aplicativo do celular fica aparecendo como incompleta, era para ter atualizado ué."
Anhanguera,br.com.cogna.ava,3,2026-08-08 15:57:07,"Depois da nova atualização o que aconteceu foi que, surgiram mais três disciplinas e uma das que estava estudando sumiu, fora o travamento total sem ter a possibilidade de visualizar o curso pelo celular."
Anhanguera,br.com.cogna.ava,1,2026-08-08 15:02:38,minhas aulas atrasadas e não consigo acessar nada no app .. travando tudo 😔
Anhanguera,br.com.cogna.ava,1,2026-08-08 14:56:14,"é incrível o portal do aluno o app simplesmente tá travando,e o interessante na parte de boletos e pagamentos sumiu,tive que ficar falando com ,com outro em wattsap,no final não voltou e a mensalidade já vai cobrar juros ,fora que eles dão um valor da mensalidade e depois vai aumenta o que dá vontade . é um absurdo tudo isso., Eu gosto sim do meu curso ,do meu professor,mas o sistema financeiro é um absurdo,foi feito pra dá aborrecimentos e prejuízo pros alunos,vou procurar o procon"
Anhanguera,br.com.cogna.ava,1,2026-08-08 00:33:17,"o aplicativo está horrivel.... não atualiza as matérias, não consigo visualizar o boleto ,de verdade esta difícil viu ...... péssimo"
Anhanguera,br.com.cogna.ava,1,2026-08-08 00:31:39,"aplicativo péssimo, sempre com problema na área de secretaria, depois dessa atualização o aplicativo está travando de mais."
Anhanguera,br.com.cogna.ava,1,2026-08-07 23:50:24,"O aplicativo sofreu uma atualização recentemente e eu preciso entender o PORQUÊ O TÓPICO ""MENSALIDADE"" não se encontra mais na aba ""FINANCEIRO""? Como eu pago se agora o financeiro é próprio para carteirinha/documentação e outros temas não relacionados a finanças agora? Paguei minha mensalidade pelo site, já que no app não existe essa opção mais, e advinhem, não constou o pagamento! ridículo, péssimo, horrível."
Anhanguera,br.com.cogna.ava,1,2026-08-07 21:48:14,"Padrão dos funcionários, app imprestável que não serve pra nada, tão sem função quanto o atendimento dos funcionários dessa instituição."
Anhanguera,br.com.cogna.ava,1,2026-08-07 20:54:59,"Trava muito! E todo início de semestre é preciso fazer login pelo site, pois o app não mostra as disciplinas disponíveis, além de travar na pagina inicial."
Anhanguera,br.com.cogna.ava,3,2026-08-07 18:05:43,"App médio trava muito, não abre os vídeos, tem que ficar desinstalando e instalando pra funcionar, mas ajuda quando funciona"
Anhanguera,br.com.cogna.ava,1,2026-08-07 17:45:56,O aplicativo precisar melhorar muito! Não consigo utilizar praticamente nada por aqui! Lentidão total !
Anhanguera,br.com.cogna.ava,1,2026-08-07 14:44:33,"Horrível! Não consigo fazer nada, não funciona nada, estou a mais de um mês tentando resolver a questão da rematrícula e não consigo porque o contrato é inexistente."
Anhanguera,br.com.cogna.ava,1,2026-08-07 14:38:46,essa nova atualização tá ruim e bugada sem as informações corretor acessando pelo site tá melhor
Anhanguera,br.com.cogna.ava,1,2026-08-07 11:05:13,"um dos piores aplicativo para estudar, trava muito, é lento. maior dificuldade pra fazer as provas. e os preços do boleto absurdos."
Anhanguera,br.com.cogna.ava,1,2026-08-07 01:46:27,como pode um aplicativo que deveria ser mais prático e fácil de o aluno utilizar ser tão ruim assim? péssimo! bugs horríveis não consigo acessar as aulas pelo celular somente pelo pc. a gente paga a faculdade e ela é 100 EAD o que eu espero no mínimo é um aplicativo com ótimo funcionamento.
Anhanguera,br.com.cogna.ava,1,2026-08-07 00:29:34,"app horrível. ao invés de nos ajudar, só atrapalha."
Anhanguera,br.com.cogna.ava,1,2026-08-07 00:12:02,"tô com dificuldade em ver vídeos em tela cheia no app, já limpei o cache, reinstalei e o erro ainda persiste. arrumem isso por favor que eu altero a avaliação 🙏🏻 tá mas vão arrumar isso ??? qual a previsão de reparo ? tô com mais instabilidade no app ainda"
Anhanguera,br.com.cogna.ava,1,2026-08-06 22:42:20,"aplicativo é muito ruim, lento, nao atualiza."
Anhanguera,br.com.cogna.ava,1,2026-08-06 21:09:48,"O aplicativo está cada dia pior, na atualização de hoje, o financeiro manda para secretaria, a secretaria manda para comunidade, enfim, péssimo."
Anhanguera,br.com.cogna.ava,1,2026-08-06 20:28:37,"aplicativo péssimo, 3 dias que as aulas voltaram e até agora nada de liberarem as aulas no aplicativo."
Anhanguera,br.com.cogna.ava,1,2026-08-06 20:13:55,horrível. trava muito.
Anhanguera,br.com.cogna.ava,1,2026-08-06 18:02:55,"fiz a atualização, e agora nada funciona no app. quando abro a app trava, desinstalei e nada funciona"
Anhanguera,br.com.cogna.ava,1,2026-08-06 17:50:59,"Após a atualização a aba de serviços acadêmicos esta nomeada como financeiro, e não tem as opções financeiras, o boleto vence hoje e eu não tenho acesso a ele por isso."
Anhanguera,br.com.cogna.ava,2,2026-08-06 17:30:37,"O aplicativo ficou ruim com a atualização , ficou bagunçado, a secretária aparece na parte do financeiro e não dá pra fazer pagamento por lá"
Anhanguera,br.com.cogna.ava,1,2026-08-06 16:32:24,"Acabou de atualizar e o app ficou todo bugado... simplesmente trava e não funciona absolutamente nada. Eu vou, saio do app e entro novamente, ai resolve. Mas logo em seguida trava novamente. Como pode um faculdade de ensino superior em software ter um app com constantes problemas a serem resolvidos? o certo seria buscar melhoria constantemente, de forma que incrementasse nos aprendizados, mas estão sempre em busca de resolver problemas um a trás do outro. lamentável."
Anhanguera,br.com.cogna.ava,2,2026-08-06 16:28:12,"Esse aplicativo da Anhanguera me dá é raiva, é difícil entrar nele e não encontrar um erro, parece que tem mais coisa ruim doq boa nesse app. Não aguento mais toda vez esse bagulho travando, pra entrar em um link e ver a matéria trava, pra conseguir acessar minha carteirinha do estudante NEM ENTRA, pra assistir um vídeo a parte trava também, pô mano assim não dá né? Eu nem comento nas avaliações do Playstore mas como eu necessito desse app tô aqui falando que não suporto mais essa bagunça"
Anhanguera,br.com.cogna.ava,4,2026-08-06 15:12:17,"inverteu,A aba de financeiro não tem mais as opções, e no mesmo lugar tem a opção de secretaria pra suporte do aluno, arruma por favor, demais coisas parabéns."
Anhanguera,br.com.cogna.ava,3,2026-08-06 13:08:49,"só vou aumentar as estrelas se consertar esse aplicativo porque ele não fica de tela cheia nem no celular, e nem no tablet. e não tem suporte para o tablet fica de tela deitada."
Anhanguera,br.com.cogna.ava,2,2026-08-06 13:05:40,"está atualizado ,está travando, não consigo acessar o meu financiamento"
Anhanguera,br.com.cogna.ava,1,2026-08-06 12:43:21,"Simplesmente o pior aplicativo de todos, todo início de semestre e uma palhaçada, não dar pra acessar matérias, boletos e nada, procurei a polo, e são pessoas incompetentes que não resolvem nada. Deixando o aluno com matéria atrasada, devido a irresponsabilidade de fazer o básico."
Anhanguera,br.com.cogna.ava,2,2026-08-06 11:52:30,"Era bom, depois da última atualização, app trava na tela inicial, já desinstalei e reinstalei e continua congelando."
Anhanguera,br.com.cogna.ava,1,2026-08-06 10:47:12,"app está travando muito em Android, estou usando pelo site que está rodando melhor."
Anhanguera,br.com.cogna.ava,1,2026-08-06 09:52:56,"O aplicativo está infestado de bugs que nunca são corrigidos. A cada atualização surgem novos problemas. As disciplinas somem, o progresso exibido não corresponde ao real e o botão de tela cheia nunca funciona. Após a última atualização, o app ficou inutilizável: ao abrir o app, aparece uma pesquisa e, ao fechá-la, ele trava completamente. Além disso, a aba Financeiro está bugada com a Secretaria, impedindo até o pagamento das mensalidades. Inadmissível."
Anhanguera,br.com.cogna.ava,1,2026-08-06 08:20:13,simplesmente horrível 😕 não atualiza. se eu não tivesse entrado no site tinha me atrasado na matéria. PÉ SSI MO. LAMENTÁVEL 🫤😒
Anhanguera,br.com.cogna.ava,4,2026-08-06 05:20:56,"gosto muito do app, bem didático, mas, o ruim é que no tablet não tem rotação de tela antes tinha por favor consertem"
Anhanguera,br.com.cogna.ava,1,2026-08-06 03:24:07,"o app é horrível, ele trava toda a hora , tenho q sair e entrar, não estou conseguindo entregar meus documentos, pq na secretaria. não entra o ícone para entrega , eles estão lê cobrando. mas não consigo entregar, já abri chamado e estou aguardando solução , eu achei a didática boa pelo q vi até agora , ainda foi pouco , mas o app é péssimo, acho q vou ter que ir pessoalmente fazer a entrega dos meus documentos"
Anhanguera,br.com.cogna.ava,2,2026-08-06 01:53:07,"tava bom agora ta travando ta pessimo. ja limpei a cache e nada resolve. não responde ao toque, ta travando é só o app da Anhanguera"
Anhanguera,br.com.cogna.ava,1,2026-08-06 01:51:05,nossa... péssimo não consigo resolver nada e depois de atualizar ficou mais difícil
Anhanguera,br.com.cogna.ava,1,2026-08-06 00:59:25,"o app está travando, não fuciona"
Anhanguera,br.com.cogna.ava,1,2026-08-05 22:08:38,"pior aplicativo que ja vi. não funviona , não é confiável, vários erros, te prejudica , deixe pra fazer prova no último dia que vc se da mal"
Anhanguera,br.com.cogna.ava,5,2026-08-05 20:41:27,"fácil de utilizar, informações claras e objetivas."
Anhanguera,br.com.cogna.ava,1,2026-08-05 20:36:11,"aplicativo todo travado, mal da pra usar."
Anhanguera,br.com.cogna.ava,3,2026-08-05 15:51:58,"muita demora pra atualizar os conteúdos no app, uso pelo notebook e la aparece tudo muito rápido porém no app não, se eu estiver em transporte e quiser revisar algo app não funciona."
Anhanguera,br.com.cogna.ava,2,2026-08-05 13:10:55,"No computador as aulas deste semestre já está disponível, mas no app do meu celular não. precisam atualizar isso."
Anhanguera,br.com.cogna.ava,1,2026-08-05 11:44:11,"ruim , não aparece as matérias disponíveis . não atualizam pagamentos ."
Anhanguera,br.com.cogna.ava,1,2026-08-05 01:35:48,"A pior coisa que eu podia fazer era ter me matrículado nessa instituição, nota 0 em comprometimento, nunca obtive acesso ao portal do aluno,atendimento péssimo, ninguém sabe nada e não resolve nada mas para cobrar valor indevidos isso sabem bem."
Anhanguera,br.com.cogna.ava,2,2026-08-05 00:19:15,"O App e o site sempre em ""manutenção"" atrasando a vida dos alunos. Sinceramente penso seriamente em trocar de polo porque esse é muito incompetente."
Anhanguera,br.com.cogna.ava,1,2026-08-04 23:55:41,aplicativo desatualizado. não abre tela cheia. não sincroniza a aula assistida no navegador com as do aplicativo.
Anhanguera,br.com.cogna.ava,1,2026-08-04 18:18:53,"decepcionado, estou no segundo semestre e não consigo usar esse app, não baixa as aulas pra assistir depois, muito bug... tem que acessar pelo Mozilla pra funcionar meia boca... precisa resolver urgente sem história triste!"
Anhanguera,br.com.cogna.ava,1,2026-08-04 13:52:49,"problemas antigos não solucionados, no Android continua a não funcionar em segundo plano, atualizei o aplicativo e simplesmente não, travado na tela inicial, não consigo estudar."
Anhanguera,br.com.cogna.ava,1,2026-08-04 07:56:06,"app esta bugado, toda vez que voce vai fazer uma prova aparecem questão apenas com as respostas sem perguntas"
Anhanguera,br.com.cogna.ava,1,2026-08-04 02:16:31,"O app está desatualizado, as aulas já começaram (hoje é 03/08/26), mas no aplicativo mostra uma tela dizendo que tenho que esperar até liberar as aulas aí passa 5 segunda e o app trava."
Anhanguera,br.com.cogna.ava,3,2026-08-04 01:33:36,App trava muito. não atualiza de acordo com a plataforma.
Anhanguera,br.com.cogna.ava,1,2026-08-04 00:35:11,"até agora não consigo abri pelo app diz que ta aguardando, mais pela Internet eu consigo abrir e estudar, ta me deixando confusa."
Anhanguera,br.com.cogna.ava,3,2026-08-03 23:51:25,"demora muito para atualizar, tenho que entrar sempre pelo notebook, deste jeito fica ruim de ver aulas nos intervalos ou fora de casa. As pessoas baixam o app para poder estudar no trabalho... vamos melhorar mais esse aplicativo por favor."
Anhanguera,br.com.cogna.ava,1,2026-08-03 18:34:29,Não dá para colocar em tela cheia as vídeo aulas. O botão simplesmente não funciona. exercícios sem enunciado e questões de outras matérias.
Anhanguera,br.com.cogna.ava,1,2026-08-03 12:29:10,"Aplicativo horrível, sempre dá erro"
Anhanguera,br.com.cogna.ava,1,2026-08-01 09:25:28,"Estava até gostando das aulas,mas os exercícios disponíveis para responder no final do conteúdo nao condiz com a matéria estudada, e o aplicativo nao da nenhum suporte pra resolver esse problema,e no final ficarei sem a nota dos exercícios,por que nao sei responder algo que nao estou estudando. Como pode, um erro desse,vc estudar um assunto e a plataforma fornecer exercícios de outra matéria nada haver"
Anhanguera,br.com.cogna.ava,1,2026-07-29 14:22:11,Experiência péssima.
Anhanguera,br.com.cogna.ava,3,2026-07-28 21:20:38,"que é lento todo mundo já sabe , mas pra mim o maior problema é que quando entro na parte de atividades pra vê provas, correções o app não tem opção se voltar, daí eu tenho q praticamente desligar o celular, pq mesmo entrando em outros app qnd retorno ainda tá travado na mesma página."
Anhanguera,br.com.cogna.ava,1,2026-07-27 16:31:48,"péssimo aplicativo, deixa a desejar."
Anhanguera,br.com.cogna.ava,1,2026-07-27 10:55:35,"Muito difícil, tudo que solicitamos tem que ser pelo app, não conseguem resolver nada pelo telefone e nem na faculdade. Demora mais de 10 dias para liberar um documento que pode ser liberado na hora é um absurdo."
Anhanguera,br.com.cogna.ava,1,2026-07-25 13:56:57,Não consigo acessar o portal do aluno.
Anhanguera,br.com.cogna.ava,1,2026-07-24 14:53:46,"atendimento ao cliente confuso, quase completamente feito apenas por bots. quando liguei para o polo ainda me tive um atendimento mediocre com a atendente claramente irritada, detalhe, a minha pergunta foi só sobre como mudar de curso pois eu não tinha mais interesse em adm."
Anhanguera,br.com.cogna.ava,5,2026-07-24 12:21:12,"EU dei 5 estrela para vc ler meu comentário, pensa em uma faculdade,difícil de lidar faturas cobradas a rios , acham que o dinheiro do aluno é encontrado no lixo porque é sem lógica a falta de estrutura, e de apoio ao cliente. meu conselho real , procure outra unidade, as vezes o barato sai caro e muito caro ."
Anhanguera,br.com.cogna.ava,1,2026-07-23 19:43:36,"não dá para acessar pelo celular, experiência horrível"
Anhanguera,br.com.cogna.ava,1,2026-07-23 16:22:22,"Sou ex aluna , cancelei minha matrícula porque no que seria meu primeiro dia de aula presencial, descobri que o polo não funcionava no horário noturno, que me venderam. Nunca cheguei a ter nenhum dia de aulas, cancelei no primeiro dia . Já reclamei no Procon, sobre uma cobrança de indevida, no início do ano e a dívida foi considerada indevida por eles. Agora estou sendo cobrada novamente e não consigo falar com a faculdade, já tentei. Vou entrar com nova reclamação no procon e em outros meios."
Anhanguera,br.com.cogna.ava,1,2026-07-23 13:42:42,"Não recomendo. Qualquer problema que você tiver em qualquer matéria, ele não dará suporte. só abrem ordem de serviço para avaliar sua situação, e dias depois dão como resolvido, só que sem resolver. Foi uma grande decepção esse instituição!"
Anhanguera,br.com.cogna.ava,1,2026-07-17 05:19:10,"péssimo, não disponibilizam as matérias para estudo, aplicativo e instituição de ensino falha plenamente com aluno"
Anhanguera,br.com.cogna.ava,3,2026-07-16 13:35:12,"sou estudante da universidade estou no final praticamente do curso e não consigo entrar no aplicativo, já desinstalei e instalei novamente, várias vezes e não consigo mais entrar no aplicativo."
Anhanguera,br.com.cogna.ava,5,2026-07-15 12:22:38,"App com boas informações, orientações e fácil navegabilidade. Muito prático e didático. Amo Anhanguera."
Anhanguera,br.com.cogna.ava,2,2026-07-13 17:29:27,sou aluna e simplesmente não consigo acessar.
Anhanguera,br.com.cogna.ava,5,2026-07-13 16:32:01,uma excelente plataforma
Anhanguera,br.com.cogna.ava,1,2026-07-10 10:38:57,"não consigo dar aceite no termo de renovação de matrícula, mas no site consta que estou no 5° semestre e no app consta que estou no 4°, disseram que era falha do sistema mas já tem mais de um mês e nada de solucionarem"
Anhanguera,br.com.cogna.ava,3,2026-07-08 18:47:41,já tem mais de mês que tô tentando assinar o contrato e o app não vai
Anhanguera,br.com.cogna.ava,1,2026-07-06 23:06:29,É impossível assinar os termos de contrato da rematrícula nesse app.
Anhanguera,br.com.cogna.ava,2,2026-07-06 19:54:51,poderiam facilitar as informações disponíveis!
Anhanguera,br.com.cogna.ava,2,2026-07-05 22:32:23,"precisa ser mais fluido, as vezes buga e não computa o que já estudei."
Anhanguera,br.com.cogna.ava,5,2026-07-04 23:31:11,excelente aplicativo.
Anhanguera,br.com.cogna.ava,1,2026-07-03 21:03:07,"desapontado com a anhanguera! no começo fiquei muito empolgado com a ideia de retomar os estudos, por isso optei pela anhanguera, infelizmente o conteúdo das aulas é muito superficial e sem quase suporte nenhum, precisa fazer atividades complementares mas nem os acessores sabiam informar como. A maior decepção foi que negativaram meu nome, sendo que cancelei o curso já tem quase 6 meses, nunca mais! Melhor procurar outra instituição pois fiquei desapontado com o nível da anhanguera."
Anhanguera,br.com.cogna.ava,1,2026-07-03 19:50:43,Esse aplicativo nunca abre no meu celular. Meu PC é gamer mesmo assim o aplicativo é lento nele e muitas vezes nem entra. Frustrante
Anhanguera,br.com.cogna.ava,3,2026-07-03 16:19:43,"Seria interessante colocar a função de tela cheia nas vídeo aulas, pois fica muito ruim assistir normal, porque não dá para ver direito os detalhes da aula."
Anhanguera,br.com.cogna.ava,1,2026-07-02 21:35:34,"De acordo com o APP, eu não estou com a minha matrícula ativa. No entanto, encontro-me no sexto semestre de Letras Português/Inglês. Gostaria de conseguir fazer login. Ficaria muito mais fácil. Mas o aplicativo não permite."
Anhanguera,br.com.cogna.ava,3,2026-07-02 21:21:15,"Desde que me inscrevi em Fevereiro, eu não consigo deixar umas informações no cadastro, como os campos relacionados a deficiência, sempre que tento salvar, da mensagem de erro. Isso acontece tanto no app quanto no site."
Anhanguera,br.com.cogna.ava,1,2026-07-02 16:53:33,"o app está horrível de uns meses para cá, disciplinas continuam na pagina principal como se não tivessem sido concluídas."
Anhanguera,br.com.cogna.ava,1,2026-07-01 21:36:08,"tá dizendo que minha matrícula não existe, mas no site do portal do aluno eu consigo entrar de boa"
Anhanguera,br.com.cogna.ava,1,2026-06-25 19:41:05,"Essa escola é uma armadilha, saia enquanto é tempo. Eu cancelei matrícula no primeiro mês pq depois do primeiro mês tem um monte de complicação, mesmo assim a Unopar colocou meu nome no serasa. A Anhanguera vai te arrancar dinheiro estudando ou não. Outros alunos que estavam terminando o primeiro semestre queriam sair e não podiam por causa de multas e tals."
Anhanguera,br.com.cogna.ava,5,2026-06-17 17:40:41,𝐞𝐬𝐭𝐮𝐝𝐨 𝐥𝐚́ 𝐚𝐩𝐫𝐞𝐧𝐝𝐢 𝐦𝐮𝐢𝐭𝐨
Anhanguera,br.com.cogna.ava,2,2026-06-15 15:26:30,"A princípio comecou tudo bem, fácil de manusear o app porém os vídeos abre, mais não completa como feito a atividade, já tentei pelo app e também pelo Google anônimo e permanece o mesmo erro."
Anhanguera,br.com.cogna.ava,1,2026-06-13 19:37:18,"Não consigo acessar, só porque estudo 100% EAD? Justamente é o que mais precisava, para ser mais fácil acesso."
Anhanguera,br.com.cogna.ava,3,2026-06-11 18:11:24,atualmente não está funcionando....eu prefiro usar o app
Anhanguera,br.com.cogna.ava,1,2026-06-11 01:04:53,"app horrível mal otimizado, vários problemas em relação ao envio de trabalhos e as aulas"
Anhanguera,br.com.cogna.ava,3,2026-06-09 22:13:11,app tá horrível. fica como se eu n estivesse matriculada. não abre. n consigo acesso. sendo q está em prazo de avaliação de matéria online. é um absurdo!!
Anhanguera,br.com.cogna.ava,5,2026-06-09 22:11:35,muito bom o aplicativo facilita nosso estudo e nossa visão das provas
Anhanguera,br.com.cogna.ava,1,2026-06-06 13:04:53,"O meu só dá erro no financeiro,não consigo acessar o boleto e depois querem mandar boleto com juros. Palhaçada"
Anhanguera,br.com.cogna.ava,4,2026-06-06 09:50:43,Excelente muito bom mesmo. Ótimo em todos os sentidos e aspectos. Parabéns.
Anhanguera,br.com.cogna.ava,2,2026-06-05 19:21:00,"O App tem um potencial muito bom, porém ele demora muito pra carregar, às não carrega a opção que você precisa."
Anhanguera,br.com.cogna.ava,1,2026-06-05 16:00:43,péssima faculdade fiquei semestre inteiro bloqueado último semestre era terminar e maio mas agora junho liberar as matérias ainda previsão terminar esse ano sendo era para acaba em maio nao indico ninguém cursa aqui
Anhanguera,br.com.cogna.ava,1,2026-06-05 14:40:29,"o aplicativo não funciona , as aulas estão liberadas agora dia 02/ 02 /2026 e simplesmente não aparece nada na fy .... Estou perdendo aula por causa do aplicativo, não abre , tela preta , suporte não responde as solicitações."
Anhanguera,br.com.cogna.ava,1,2026-06-04 19:32:04,sou aluna estou no 5 semestre e diz q não estou matriculada 🤔 muito estranho isso
Anhanguera,br.com.cogna.ava,5,2026-06-04 12:29:48,gostei muito interessante facilita bastante obrigado.
Anhanguera,br.com.cogna.ava,1,2026-06-04 04:20:32,"Péssimo app e péssima instituição. Experiência negativa desde o início, até o final. Quando vc paga a multa de cancelamento no portal, eles não dão baixa, deixam a fatura vencer para ficar gerando mais juros e prejuízos para o aluno. Contato com a instituição não existe, são muitos números de whatsapp automáticos e nenhum funciona. Não voltarei nem recomendarei a ninguém!!"
Anhanguera,br.com.cogna.ava,1,2026-06-03 20:16:02,"É horrivel, não da pra entrar não da pra mexer direito, estou tentando entrar pra conseguir ver a minha nota e fazer as atividade, não consigo entrar."
Anhanguera,br.com.cogna.ava,1,2026-06-01 22:00:33,Muito ruim vários erros e nunca consertam
Anhanguera,br.com.cogna.ava,1,2026-06-01 10:38:26,o aplicativo buga sempre e não atualiza os conteúdos. precisa melhorar isso.
Anhanguera,br.com.cogna.ava,1,2026-06-01 04:24:54,"App não funciona muitas funcionalidades. Trava, vive com erros, mal consigo utilizar. Muito ruim."
Anhanguera,br.com.cogna.ava,2,2026-05-31 10:13:07,"Péssimo aplicativo, layout e aplicações não funcionam... Precisei usar a carteirinha de estudante e não deu certo... fica só carregando. passei perrengue!"
Anhanguera,br.com.cogna.ava,5,2026-05-30 20:18:44,"parou de travar,vou dar 5 estrelas."
Anhanguera,br.com.cogna.ava,1,2026-05-30 20:02:37,"aplicativo trava toda hora , ja é a segunda vez que faço a memsa prova e o aplicativo travou , agora terei que refazer pela terceira vez ."
Anhanguera,br.com.cogna.ava,2,2026-05-30 16:00:16,a video aulas não estão constanto que estão vistas e a linha não fica verde e não muda a porcentagem
Anhanguera,br.com.cogna.ava,5,2026-05-30 01:19:54,Precisa melhorar algumas coisas
Anhanguera,br.com.cogna.ava,1,2026-05-29 18:24:24,"essa plataforma HORROROSA de vcs, nao contabilizou minha prova que acertei 10 questoes e apareceu que acertei 0 de 0 e embaixo que havia 10 questões corretas. É Uma vergonha que o aluno pague todo o mês para ter um estudo bom e deva se contentar com uma plataforma totalmente instável"
Anhanguera,br.com.cogna.ava,2,2026-05-29 12:01:55,"é preciso melhorar a plataforma, ta tendo, muitos bugs que acaba deixando as matérias com a frequencia baixa por conta dos bugs"
Anhanguera,br.com.cogna.ava,5,2026-05-29 00:47:58,Melhor instituição que existe e melhor app.
Anhanguera,br.com.cogna.ava,1,2026-05-28 22:14:37,"não tem a opção de transmitir a aula para tv, o botão pra colocar em tela cheia não funciona"
Anhanguera,br.com.cogna.ava,5,2026-05-28 18:07:11,"Show,eu estou amando!"
Anhanguera,br.com.cogna.ava,1,2026-05-28 13:07:09,"Eu acho engraçado que só avisa instabilidade perto de prova, e sabe o que é pior quando você vai entregar um trabalho você tem que tentar 20x, para vocês ter noção e abaixo de 10mb. Que coisa gente para uma plataforma online uma instabilidade de duas semanas antes da prova prejudica demais, e vocês só avisa quando entra em contato. Eu acho que deve ser considerado esses dias de instabilidade na mensalidade ..."
Anhanguera,br.com.cogna.ava,1,2026-05-28 00:01:11,mal programado e interface horrorosa. contrate um designer com cérebro!
Anhanguera,br.com.cogna.ava,2,2026-05-27 19:48:36,"essa nova atualização está deixando o app muito ruim, todas as páginas aparecem erro e nem as provas estão abrindo , ocorre um erro fica carregando e nada de aparecer o acesso."
Anhanguera,br.com.cogna.ava,1,2026-05-27 17:42:57,Não estou conseguindo acessar o AVA
Anhanguera,br.com.cogna.ava,1,2026-05-27 11:44:25,"Não gosto de estudar pelo aplicativo, os vídeos não abrem em tela cheia. E pelo site é pior, que ficam abrindo janelas pop-up com notificações que não interessam e atrapalham a concentração, além de obstruir os textos."
Anhanguera,br.com.cogna.ava,4,2026-05-27 00:47:12,"Achei o app com boa interface, fácil de utilizar. Mas o único porém é que não consigo assistir as vídeos aulas em tela cheia. Sempre clico no ""[ ]"", mas não acontece nada. Por favor, arrumem isso"
Anhanguera,br.com.cogna.ava,1,2026-05-26 17:05:01,aplicativo está péssimo.
Anhanguera,br.com.cogna.ava,5,2026-05-26 09:30:42,um aplicativo sensacional
Anhanguera,br.com.cogna.ava,2,2026-05-26 01:50:17,"Preciso que resolvam os vários problemas já relatados por outros vários usuários, estamos pagando e no mínimo vocês devem entregar um serviço a altura, o último problema: não estamos conseguindo abrir os exercícios. Por gentileza precisamos de um retorno ou vamos definitivamente desistir de continuar nessa instituição."
Anhanguera,br.com.cogna.ava,1,2026-05-26 00:47:22,Toda vez que o telefone inicia ele fica voltando pro modo não perturbe!
Anhanguera,br.com.cogna.ava,3,2026-05-25 22:46:30,Não atualiza as disciplinas já realizadas
Anhanguera,br.com.cogna.ava,1,2026-05-25 20:47:59,"aplicativo ruim portal péssimo ,já tem 6meses sem fazer atividades e prova, porque não está aparecendo, já fiz vários chamados ninguém resolver"
Anhanguera,br.com.cogna.ava,5,2026-05-25 16:10:24,"satisfeita com o app da instituição, sendo fácil e útil para o meu desenvolvimento pessoal e profissional."
Anhanguera,br.com.cogna.ava,2,2026-05-25 12:15:57,"Ultimamente o app está deixando a desejar. Não atualiza, demora a abrir, quando abre. Realmente não está bom."
Anhanguera,br.com.cogna.ava,3,2026-05-24 19:33:59,"As lives não abrem, e mesmo depois pra revisar para a prova não consigo acessar"
Anhanguera,br.com.cogna.ava,5,2026-05-24 13:36:13,Me simplifica muito o modelo de estudo para que se enquadre na minha rotina.
Anhanguera,br.com.cogna.ava,1,2026-05-24 08:48:27,Esse aplicativo só fica falhando. Ninguém merece passar raiva com isso!!!
Anhanguera,br.com.cogna.ava,1,2026-05-23 16:56:12,"Pior erro da minha vida foi ter assinado contrato com eles, apenas pesquisem e procurem os relatos antes de tomar uma decisão, eles não oferecem suporte nenhum, não tem atendimento humanizado, simplesmente somem e te deixam na mão, já colocou muitas pessoas no Serasa sem motivo ou razão, um desrespeito e uma dor de cabeça sem fim! O pior lugar com o pior atendimento, simplesmente não, não vale a pena."
Anhanguera,br.com.cogna.ava,1,2026-05-22 21:56:01,"Há 2 meses não consigo responder às atividades do curso. Diz que ""não foi possível localizar minhas atividades, abra um chamado para resolver o problema."" Pior faculdade por EAD. 2 anos cursando e novos problemas surgem no APP e site. Abrir chamado pode levar meses para te responder."
Anhanguera,br.com.cogna.ava,3,2026-05-22 01:54:16,"Para as aulas o app funciona bem, porém estou em uma disciplina que já assisti as aulas 5 vezes porém os vídeos aulas não marcam como assistido. A 2 e 3 unidades estão com esse mesmo problema 😵‍💫"
Anhanguera,br.com.cogna.ava,1,2026-05-21 16:49:06,Eu não consigo estudar porque minhas disciplinas sumiram do App. Eu vou fazer provas presenciais e não consigo estudar porque o conteúdo do app.Sumiu!
Anhanguera,br.com.cogna.ava,1,2026-05-20 17:19:36,"não perca seu tempo com essa faculdade, o aplicativo e ruim, o suporte online não é bom, e o polo presencial é inútil. além disso, ficam perturbando mesmo que você não renove a matrícula pra pagar algo que você não se reescreveu."
Anhanguera,br.com.cogna.ava,1,2026-05-17 11:22:22,"Sou estudante de engenharia mecânica, mas todas as vezes que acesso o app, fala que não tenho inscrição, mas estou no 3° ano."
Anhanguera,br.com.cogna.ava,1,2026-05-17 00:22:29,"estou sem acesso às matérias pelo aplicativo, já faz dois meses e vocês não resolvem esse problema."
Anhanguera,br.com.cogna.ava,1,2026-05-15 16:44:29,"Faz um tempo que assisto as vídeo aulas e não contabiliza como visto e não pontua, o prazo das aulas estão se encerrando e esta tudo atrasado, um desrespeito total com o Aluno/Cliente."
Anhanguera,br.com.cogna.ava,4,2026-05-15 11:46:06,"Gostaria que obtivesse um botão de retornar o vídeo de 10 segundos, pois por muitas vezes acabo me distraindo com minhas crianças, ou não entendo o conteúdo de imediato, acabo voltando mais que o necessário. Gostaria de poder assistir em tela cheia pois meu app não abre o vídeo em tela cheia , o que gera distração, pois me pego lendo o que está escrito abaixo. Algumas vezes acontece, de assistir o vídeo completo ou ler a página toda mas não aparece como lido que gerando diminuição na pontuação"
Anhanguera,br.com.cogna.ava,1,2026-05-15 07:48:40,Bom dia o meu aplicativo não está pegado des janeiro até agora não resolveram gostaria de fala com meu tutor mais nunca conversa acessa como vc pode mim ajuda estou no 3 semestre mas na conseguindo estudar porque as matérias estão tracada e tem que fazer alguma matérias que eu fui reprovado vc poderia mim responder.
Anhanguera,br.com.cogna.ava,2,2026-05-14 13:34:14,"o aplicativo simplesmente deixou de funcionar a opção de assistir as aulas em tela cheia, isso para um aparelho celular é de extrema importância! não tem como estar estudando com a tela minúscula e sem conseguir ler direito, precisamos ver o que está sendo passado,ver os exemplos, realizar anotações conforme o que é passado por escrito no texto dos slides o aplicativo está praticamente para ouvir os professores falando, tendo que acessar pelo site para tentar ainda estudar direito 🤡"
Anhanguera,br.com.cogna.ava,5,2026-05-14 04:10:21,A demora pra liberar a nota e muita
Anhanguera,br.com.cogna.ava,1,2026-05-13 01:20:54,"App horrível, não consegui acessar. Faz duas semanas que me matriculei e ninguém da instituição resolve esse problema, mas mandar o segundo boleto para pagar isso eles fazem bem ! estou decepcionada"
Anhanguera,br.com.cogna.ava,1,2026-05-13 00:20:21,"faz 3 dias que tento agendar as datas das provas e não consigo por erro do site da cogna, já tentei mandar mensagem pro meu polo e ninguém me responde."
Anhanguera,br.com.cogna.ava,2,2026-05-12 19:05:32,o meu polo está fechado e possivel minha prova ser online??
Anhanguera,br.com.cogna.ava,1,2026-05-12 12:50:35,"demora para carregar o conteúdo, quando término as aulas as vezes não conta como se eu tivesse feito as aulas"
Anhanguera,br.com.cogna.ava,2,2026-05-12 02:38:52,não consigo nem agendar as provas online.
Anhanguera,br.com.cogna.ava,2,2026-05-11 23:55:52,"aplicativo está me deixando na mão, não consigo marcar minha prova, e quando entrei em contato com WhatsApp eles pediram para aguardar até dois dias antes de finalizar a marcação das provas mas infelizmente não posso esperar por muito tempo ou seja posso ficar sem fazer a prova porque o aplicativo ou site não marca não aparece data"
Anhanguera,br.com.cogna.ava,1,2026-05-11 16:13:49,Pior plataforma EAD que ja vi na minha vida....sempre dando erro ao realizar prova e os exercícios... fui reprovado em cinco matérias sem poder fazer as provas por erro do aplicativo...vc entra em contato ninguém resolve nada ja nem sei mais oq fazer....pois então cobrando todos os meses sem poder estudar não adianta entrar em contato e ninguém resolve nada
Anhanguera,br.com.cogna.ava,5,2026-05-11 14:24:23,"muito bom e prático, estão de parabéns."
Anhanguera,br.com.cogna.ava,1,2026-05-11 13:45:55,horrível completamente bagunçado
Anhanguera,br.com.cogna.ava,5,2026-05-11 11:55:02,Material e disciplina boas.
Anhanguera,br.com.cogna.ava,3,2026-05-09 16:59:50,Não sei o que ocorreu no aplicativo.
Anhanguera,br.com.cogna.ava,1,2026-05-08 13:43:23,"Portal do aluno pelo navegador não entra ,simplesmente desapareceu tudo minhas disciplinas, provas, notas,tela ficou preta....Aplicativo nem entra,e como a gente estuda....cobrar as mensaludades eles fazem bem,com 10 dias antes de vencer já mandam email para cobrar,mais educação, ensino descente,após e navegadores bons nada.O jeito é cancelar,pois se não consegue estudar."
Anhanguera,br.com.cogna.ava,5,2026-05-08 05:31:40,ótimo APP de estudos
Anhanguera,br.com.cogna.ava,1,2026-05-08 00:32:48,"Após a última atualização, tanto o aplicativo e o site ficaram horríveis. Há dois meses entrei em contato sobre problemas na execução das atividades, e tenho uma matéria que acabei por entrar em recuperação pelo motivo citado. Nem mesmo as avaliações carregam. caso corrijam e não cobrem por essa recuperação, atualizo a avaliação."
Anhanguera,br.com.cogna.ava,3,2026-05-07 23:45:36,aplicativo cheio de defeitos porém melhor que nada..
Anhanguera,br.com.cogna.ava,1,2026-05-07 01:43:56,enche o saco ter que assistir ao mesmo vídeo várias vezes porque o app não reconhece que foi assistido!
Anhanguera,br.com.cogna.ava,4,2026-05-06 19:31:34,"o app buga a todos momentos mas é prático de manusear, precisei esperar muitos dias para conseguir ver minha nota pois não estava entrando no app de maneira nenhuma"
Anhanguera,br.com.cogna.ava,2,2026-05-06 15:44:29,demora muito para resolver os problemas técnicos no app e tá sempre travando as matérias
Anhanguera,br.com.cogna.ava,1,2026-05-06 12:47:02,"nao aparece neu curso, fala q não tenho curso sendo q estou acabando o 5⁰periodo"
Anhanguera,br.com.cogna.ava,1,2026-05-06 11:11:55,"Aplicativo péssimo, passo horas estudando para no final o app não contabilizar o tempo estudado, sendo obrigada e retomar algo que já estudei várias vezes para contabilizar o estudo. O que era para facilitar no final só dificulta."
Anhanguera,br.com.cogna.ava,2,2026-05-06 01:24:09,Esse app é muuito ruim igual a faculdade mesmo.
Anhanguera,br.com.cogna.ava,1,2026-05-05 23:08:56,UNOPAR ele coagir os aluno aatw usa conteúdo incompleto e cobra atraso em prova após o próprio aplicativo da bug e vencer o pedido de estudo pô não pode ter acesso e se constesta ele reprovam na matéria pra o aluno prejudicar e ser obrigado a paga taxas em estudo incompleto e falta de apoio e acompanhamento profissional pelo faculdade limitado números de professores
Anhanguera,br.com.cogna.ava,1,2026-05-04 23:50:39,"app não está funcionando, já atualizei e nada! coloco meu CPF e diz que sou aluno e pede pra me cadastrar, sendo q já sou aluno a 2anos"
Anhanguera,br.com.cogna.ava,1,2026-05-04 03:02:16,"Consta como se minha Matrícula ainda não estivesse ativa. Não consigo acessar nenhum conteúdo. Preciso seguir usando navegador para estudar pensei que o app fosse facilitar nesse aspecto, mas apenas me frustrei."
Anhanguera,br.com.cogna.ava,2,2026-05-01 17:27:51,"Vai demorar muito para trocar a equipe de TI de vocês? O sistema do AVA persistentemente possui problemas e pouco é feito para adereçar o problema. Por quanto mais tempo vocês irão mandar respostas genéricas em vez de resolver o problema de fato? Se continuar assim, vou só pegar o meu canudo e nunca mais voltar pra essa faculdade, por mais que os professores sejam excelentes. Tampouco irei recomendar para os outros; pelo contrário: pedirei pra ficarem LONGE!"
Anhanguera,br.com.cogna.ava,5,2026-05-01 17:26:46,A Carteirinha de Estudante não está abrindo
Anhanguera,br.com.cogna.ava,1,2026-05-01 15:50:37,Não consigo acessar a aba de Carteirinha Digital pelo app nunca! E quando vai validar pelo QRCode impresso na própria Carteirinha o site apresenta erro. Complicado.
Anhanguera,br.com.cogna.ava,1,2026-04-30 22:46:03,"o app está péssimo, não consigo entrar, fala que não sou matriculada"
Anhanguera,br.com.cogna.ava,1,2026-04-30 10:43:12,"o aplicativo sempre trava na hora de fazer as atividades e quando passa para outro módulo, da como se eu não estivesse concluído aquele Módolo mesmo já feito"
Anhanguera,br.com.cogna.ava,3,2026-04-30 00:39:07,a live gravada pega no notebook não no celular
Anhanguera,br.com.cogna.ava,5,2026-04-29 11:11:53,excelente app de estudos
Anhanguera,br.com.cogna.ava,3,2026-04-29 00:02:30,Esse aplicativo deve melhorar muito !!!! conforme vamos finalizando as partes da aula ele deve identificar que finalizamos. Eu assisti a aula toda e fiquei com 86% de progresso.
Anhanguera,br.com.cogna.ava,1,2026-04-28 14:58:03,"lento, praticamente não funciona."
Anhanguera,br.com.cogna.ava,1,2026-04-27 11:39:04,Eu gostava muito desse aplicativo.. de um tempo pra cá não sei o q aconteceu q ele não está entrando no aplicativo..
Anhanguera,br.com.cogna.ava,3,2026-04-27 11:26:39,"Infelizmente o aplicativo carece de algumas funções e correções, pois, o botão de tela cheia não funciona, e não existe reprodução com a tela bloqueada e nem mesmo em segundo plano, além de por vezes a aula não fica concluída usando o mobile, pelo PC no navegador tudo funciona como deveria"
Anhanguera,br.com.cogna.ava,1,2026-04-26 15:55:39,"Carteira foi gerado rápido, não gostei do fato do documento estar pronto, mas não consigo baixar, nem em navegador e também no aplicativo, que nem carrega, além da avaliação que toda vez aparece para ser feita e ""gera erro inesperado, tentarnovamente""."
Anhanguera,br.com.cogna.ava,4,2026-04-25 14:39:59,"O app ajuda bastante, eu uso ele e também o site no notebook, mas a questão que tem um erro no app, que não tá dando para dar fullscreen no celular, gostaria que vocês pudessem consertar esse erro!."
Anhanguera,br.com.cogna.ava,5,2026-04-23 15:51:22,"O aplicativo é excelente! Muito prático, intuitivo e ajuda bastante nos estudos, facilitando muito o acesso ao conteúdo. Além disso, a faculdade é ótima, oferece todo o suporte necessário. Estou muito satisfeita!"
Anhanguera,br.com.cogna.ava,1,2026-04-23 10:49:08,Péssimo aplicativo está sempre com instabilidade.
Anhanguera,br.com.cogna.ava,1,2026-04-23 02:43:58,"O app está péssimo,sinceramente estou desistindo do meu curso, as aulas não carregam 100% , as atividades nunca enviam e quando tento denovo fala que chegou ao limite, não sei oq fazer já entrei em contato e n me ajudaram em nada!"
Anhanguera,br.com.cogna.ava,1,2026-04-22 22:58:23,"o aplicativo é um lixo, toda hora a tela fica cinza, no ava é outro Lixo fica travando toda hora, única coisa que eu penso é só em desistir desse curso, o problema que já fiz 40 % do curso, e agora fico remando nesse lixo, que não vejo a hora de acabar, outro problema é a demora pra atualizar os pagamentos, os comprovantes no extrato já chegou a demorar 15 dias pra atualizar, outro motivo que desanima que eu perdi o benefício da empresa por não conseguir os comprovantes de pagamentos, um lixo."
Anhanguera,br.com.cogna.ava,3,2026-04-22 00:48:05,"O app tá bugando demais, assisto toda a aula porém consta q eu não finalizei, app muito instável."
Anhanguera,br.com.cogna.ava,3,2026-04-21 23:58:15,não está carregando as matérias tá complicado
Anhanguera,br.com.cogna.ava,3,2026-04-21 11:14:46,gostaria que melhorasse está muito lento os vídeos aula não carrega por completo
Anhanguera,br.com.cogna.ava,2,2026-04-21 02:14:58,"Tenho 3 semanas atrás, as minhas aulas da matéria não estão disponíveis para assistir. A matéria está disponível, mais quando clica nas Unidades, não tem aulas. Já acionei várias e várias vezes a polo, sempre me retornam que estão verificando, mais sem previsão. Com isso, os dias estão passando, e a data sempre chegando perto das entregas da matéria. Infelizmente, precisam melhorar o app."
Anhanguera,br.com.cogna.ava,1,2026-04-20 00:19:20,"estou a uma semana tentando assistir as aulas pelo app, mas nunca dá certo e mostra uma mensagem de erro, difícil terminar a disciplina desse jeito, tenho prova correndo e não terminei as aulas porque não carrega nenhum vídeo"
Anhanguera,br.com.cogna.ava,5,2026-04-19 22:03:29,A instituição atendeu bem a solicitação e o app está bom novamente.
Anhanguera,br.com.cogna.ava,4,2026-04-17 23:04:18,está tendo muita instabilidade
Anhanguera,br.com.cogna.ava,2,2026-04-17 15:27:01,"o aplicativo tem muitos bugs, vídeos que as vezes cortam na hora de falar, mas o conteúdo é bom, estou gostando apesar desses problemas, precisam melhorar o aplicativo!!!"
Anhanguera,br.com.cogna.ava,2,2026-04-16 12:07:32,muito prático em fazer a prova
Anhanguera,br.com.cogna.ava,5,2026-04-16 04:05:23,"dá trabalho também,mas com silêncio,foi melhor de racionar"
Anhanguera,br.com.cogna.ava,2,2026-04-15 11:41:13,não aparece as mesmas opções quando uso no site
Anhanguera,br.com.cogna.ava,4,2026-04-14 14:32:28,"o Aplicativo é muito bom, bem intuitivo. Só precisão da uma atualizada, porque durante os estudos do conteúdo, demora um pouquinho pra seguir com as próximas páginas do estudo. da um delay. estou acessando de Tablet."
Anhanguera,br.com.cogna.ava,1,2026-04-14 12:24:30,página sempre cheia de erros!!!
Anhanguera,br.com.cogna.ava,1,2026-04-14 10:33:48,"Não consigo solicitar a carteirinha pelo APP, só da erro, depois da atualização nem abre mais na opção carteirinha."
Anhanguera,br.com.cogna.ava,2,2026-04-14 00:58:22,"antigamente o app era melhor,agora não fica em tela cheia ,muito lento e pior não consigo nem falar com a secretária."
Anhanguera,br.com.cogna.ava,1,2026-04-13 22:26:35,"praticamente impossível assistir as aulas ao vivo, acessar os slides e assistir vídeos em tela cheia e entre outros vários erros, fiquei lendo e vi que outras pessoas passam pela mesma dificuldade. achei péssima experiência."
Anhanguera,br.com.cogna.ava,3,2026-04-13 21:24:21,"aplicativo ruim não tem como espelhar na tv , não consigo da zoom na aula ou vídeo está difícil heim"
Anhanguera,br.com.cogna.ava,1,2026-04-13 20:41:32,"como estudar ead com um aplicativo so tem BUG???? pelo amor gente nao abre nada, to ficando no puro disispero! e preocupada vc faz toda aula e não fica 100% nao abre os links precisa de melhorias urgente."
Anhanguera,br.com.cogna.ava,4,2026-04-13 17:49:36,"Parabéns à equipe do suporte e dev's Melhorei a nota da avaliação do app pois vcs corrigiram o problema com a visualização da opção ""provas e correções"" até a data de hoje. E tenho mais uma sugestão: o modo tela cheia na reprodução do vídeo não abre no celular e ao minimizar o aplicativo perdemos o áudio é necessário estar com a tela do aplicativo aberta, seria bom poder acompanhar a aula por audio enquanto vamos trabalhar quando não for possível assistir o vídeo. Se melhorar isso 5 estrelas."
Anhanguera,br.com.cogna.ava,2,2026-04-13 17:08:40,"terrível! muitas das aulas não chegam nunca ao 100% mesmo tendo visto ela inteira. funções que não funcionam como colocar a aula em tela cheia, uma das minhas disciplinas simplesmente desapareceu."
Anhanguera,br.com.cogna.ava,1,2026-04-13 16:08:17,"Quanto ao aplicativo funciona bem, a faculdade deixa a desejar no apoio e atendimento ao aluno."
Anhanguera,br.com.cogna.ava,2,2026-04-13 13:10:58,"o aplicativo é bom, tenho acesso completo aos cursos, aulas e conteúdo, e o chat com os mentores. o único problema é que de um tempo para cá tanto o app tanto o site não tem permitido colocar a vídeo aula em tela cheia, nem para celular nem para notebook, é horrível assitir as aulas pela tel pequena, alguns conteúdos não são possíveis ler, por favor se tiver como corrigir esse bug e voltar a dar para assitir as aulas em tela cheia no app e o site"
Anhanguera,br.com.cogna.ava,1,2026-04-12 20:02:46,infelizmente pagando pra estudar em EAD e aplicativo não contabiliza frequência e não estou conseguindo me inscrever pra fazer prova presencial.
Anhanguera,br.com.cogna.ava,1,2026-04-12 13:25:45,"app está ruim, não consigo acessar os estudos. tenho prova disponível e não consigo acessar-la."
Anhanguera,br.com.cogna.ava,3,2026-04-11 11:03:51,"aplicativo precisa de atualização, não está finalizando as matérias, fica como pendente o que já finalizei tem que melhorar bastante fiz os exercícios por ele e não conseguia ver a nota que tirei"
Anhanguera,br.com.cogna.ava,5,2026-04-10 18:26:30,app top Demais hehe. Só gostaria que vocês consertassem um bug que quando eu termino um exercício eu não consigo ver a correção pós exercício pois o app buga depois que termino o exercício me forçando a fechar o app aí quando eu entro já estar corrigida a atividade mas não sei no que eu errei. um abraço a todos.
Anhanguera,br.com.cogna.ava,2,2026-04-10 18:09:10,O app está horrível 😔!!! Demorando pra carregar!!! Não consegui corrigir meu exercício porque não carregou!!!!
Anhanguera,br.com.cogna.ava,3,2026-04-10 12:59:09,"app só vive dando erro... sou matriculada já tem tempo e só vive aparecendo pra verificar a inscrição de matrícula, tá impossível navegar ... melhorem isso pois temos prazo p cumpri com as atividades ..."
Anhanguera,br.com.cogna.ava,2,2026-04-09 23:35:57,"o aplicativo tem deixado a desejar... não está concluindo as aulas, mesmo mostrando que já foram todas assistidas o aplicativo mostra que não está 100% concluída. Fui realizar uma prova no último dia e não consegui, mesmo estando no prazo para conclusão... registrei reclamação e até hoje nem sequer responderam ao pólo. Agora fui assistir as aulas de uma disciplina está dando erro e não abre as aulas. Tá difícil viu! e o pior de tudo é que não tem ninguém que resolva os problemas dos alunos!"
Anhanguera,br.com.cogna.ava,1,2026-04-09 20:20:54,"pior app de educação que existe, negócio é todo bugado, parece que desenvolveram esse aplicativo deitados em uma rede no domingo, e nítido a preguiça na construção do app, 1 estrela pq não tem como dar 0"
Anhanguera,br.com.cogna.ava,2,2026-04-09 16:24:24,"precisa ser melhorado não consigo acessar algumas área.Demora muito para abrir as abas, agora mesmo estou tentando fazer pagamento da mensalidade,mas no app ainda não pareceu,a área de pagamento."
Anhanguera,br.com.cogna.ava,1,2026-04-09 06:22:23,"Estou usando pelo site. porque pelo aplicativo depois que atualizou, ficou ruim. pelo site estou adiantada, pelo aplicativo ainda nem finalizei algumas matérias."
Anhanguera,br.com.cogna.ava,1,2026-04-08 18:22:46,"Demora na resolução dos problemas, enrolação para liberar certificado, cobranças indevidas!"
Anhanguera,br.com.cogna.ava,1,2026-04-08 05:09:24,o app não está carregando as aulas como feita e tbm está dando erro na marcação das provas
Anhanguera,br.com.cogna.ava,1,2026-04-07 10:00:45,o aplicativo vive com problemas.
Anhanguera,br.com.cogna.ava,3,2026-04-07 01:47:28,Depois que teve a última atualização nunca mais prestou direito.
Anhanguera,br.com.cogna.ava,1,2026-04-06 20:18:51,o aplicativo é até fácil pra usar o problema é quando faço as atividades não aparecem mais minhas notas
Anhanguera,br.com.cogna.ava,2,2026-04-06 01:51:41,"Por favor, melhorem o sistema do aplicativo, não consigo acessar minhas correções e até para fazer as atividades avaliativas trava, assim não dá, e não tem nenhuma rede para tirar dúvida ou de apoio, péssimo!!!!"
Anhanguera,br.com.cogna.ava,1,2026-04-05 20:12:51,"Aplicativo horrível,vive fora do ar,trava na hora da prova e das resolução de exercícios."
Anhanguera,br.com.cogna.ava,1,2026-04-05 00:41:03,"o aplicativo trava demais, tem certos dias e momentos que tu só quer fazer uma prova tranquilo ou uma atividade e ele simplesmente não carrega!!! melhorem isso, pois não pagamos barato para ter esse tipo de sistema com falhas."
Anhanguera,br.com.cogna.ava,2,2026-04-04 20:30:07,"Ultimamente, tem deixado muito a desejar. Algumas vídeo aulas não estão baixando, não consigo acessar os slides das aulas, a contabilidade de aulas assistidas não está sendo creditado, não está sendo possível assistir às aulas em relação cheia."
Anhanguera,br.com.cogna.ava,1,2026-04-04 19:47:25,"Para ser ruim, precisa melhorar muito!"
Anhanguera,br.com.cogna.ava,3,2026-04-04 17:24:30,"fiz meu exercício e enviei, ficou só carregando, muito ruim. Não sei o que fazer, não consigo concluir a disciplina."
Anhanguera,br.com.cogna.ava,4,2026-04-04 14:29:21,"Amo muito as aulas, óbvio que tenho dificuldades em relações com as leis da educação kkk, o aplicativo é ótimo. Só que depois da última atualização, eu não consigo ver as correções dos exercícios e das provas. Como eu vou saber no que preciso melhorar se não mostrar as correções?, espero que arrume logo."
Anhanguera,br.com.cogna.ava,3,2026-04-04 13:14:59,"O aplicativo estava funcionando super bem , mas na última atualização parou de mostrar as notas e avaliações do app."
Anhanguera,br.com.cogna.ava,5,2026-04-04 11:54:45,"o aplicativo está muito ruim,não está finalizando os exercícios e não aparece as notas e as correções e quando vou tentar refazer os exercícios fala que já atingiu o limite de tentativas ."
Anhanguera,br.com.cogna.ava,2,2026-04-04 11:50:30,"o aplicativo não está dando baixa no conteúdo que eu já estudei, está muito ruim e as perguntas respondidas não está finalizando a tarefa, e não é só no meu aplicativo, tem mais gente com o mesmo problema"
Anhanguera,br.com.cogna.ava,1,2026-04-04 03:39:49,"O que está acontecendo com este app? pqp, a última atualização piorou drasticamente o funcionamento. Ele não carrega corretamente, e não estou conseguindo corrigir meus exercícios. Isso é inaceitável. Vocês precisam resolver esse problema URGENTEEE pois estão prejudicando muitos usuários que dependem do App."
Anhanguera,br.com.cogna.ava,2,2026-04-04 00:08:04,o aplicativo antes estava muito bom mais fui fazer o exercício e ficou só carregando e não mostrava a nota aí sai entrei de novo e nada ainda foi tentar falou eu já tinha feito 2 tentativa nos exercício fiz somente uma enviei mais não carregava e também não está mostrando meu progresso de aula está zerado sendo que assisti todas as aulas
Anhanguera,br.com.cogna.ava,1,2026-04-03 22:35:12,"O aplicativo apresenta erros constantemente. A função offline é só enfeite, não funciona também. Optei por usar somente na navegação do google, mas não isenta do fato de apresentar bugs e falhas continuamente, é complicado uma situação dessas pois não é de graça os cursos e EAD não é fácil e ainda tem que ter paciencia com esses tipos de situação."
Anhanguera,br.com.cogna.ava,2,2026-04-03 21:11:14,"Depois da última atualização não da mais para acessar a parte de fazer Anotações e não da pra ver a correção das atividades também, fica carregando infinitamente, Além que não da pra ver a pontuação quando faz os exercícios online, como se estuda assim?"
Anhanguera,br.com.cogna.ava,1,2026-04-03 21:05:48,bug constante não dar de ver as matérias
Anhanguera,br.com.cogna.ava,5,2026-04-03 00:50:28,"estou aprendendo aos poucos a mexe,mais está sendo uma experiência boa"
Anhanguera,br.com.cogna.ava,2,2026-04-02 23:41:08,"aplicativo muito ruim, não dá para colocar gravação de aulas em tela cheia, notas e correções impossível acessar, fica sempre carregando, tendo que acessar o navegador"
Anhanguera,br.com.cogna.ava,1,2026-04-02 00:01:45,"O app é muito ruim 😞. Simplesmente, há páginas que não carregam... uma opção aparece, outra não. Conseguimos acessar uma parte, outra não. Enfim, mais atrapalha do que ajuda."
Anhanguera,br.com.cogna.ava,1,2026-04-01 18:56:25,"horrível, toda hora tenho problema de carregar as aulas, a vídeo aula não da para aumentar a tela, minha carteira de estudante fica carregando para sempre e nada aparece no final e toda hora sai o login e tem que fazer de novo.🫩"
Anhanguera,br.com.cogna.ava,3,2026-04-01 16:05:30,"ainda da pra melhorar, o site eh melhor"
Anhanguera,br.com.cogna.ava,1,2026-04-01 11:38:03,"O app é bem ruim, sempre com instabilidade e erro."
Anhanguera,br.com.cogna.ava,5,2026-03-31 22:04:44,Após a atualização ficou incrível! parabéns!
Anhanguera,br.com.cogna.ava,1,2026-03-31 15:52:30,"toda vez o aplicativo apresenta um problema diferente, tento resolver mas não consigo, tento falar com atendentes mas nenhum da atenção necessária! péssimo aplicativo!"
Anhanguera,br.com.cogna.ava,1,2026-03-31 14:14:52,está muito difícil em estudar pós não estou conseguindo ter a acesso as minhas aulas assim fico atrasado na matéria já que tenho prova agendada
Anhanguera,br.com.cogna.ava,1,2026-03-31 13:32:32,"bom dia, eu não estou conseguindo acessar pelo notebook, a página não carrega isso pra mim é horrível"
Anhanguera,br.com.cogna.ava,1,2026-03-31 13:30:26,"O App auxilia bem nos estudos, mas isso quando ele funciona. Muitas vezes ele está com Bug, não entra nas aulas, vc não consegue ver as notas, é a porcentagem das aulas ficam todas bagunçadas. Esse aplicativo está sendo um descaso para nós alunos que pagamos para ter o acesso às aulas e temos que torcer para o app estar funcionando normalmente. Nesse exato momento estou a mais de 7 minutos esperando o app carregar pra ver a correção da minha prova. Esse app tem que melhorar mo ainda"
Anhanguera,br.com.cogna.ava,1,2026-03-31 10:53:15,"Bom dia, essa atualização o aplicativo está com várias instabilidades, a matéria não aparece a porcentagem correta, as notas dos exercícios não estão aparecendo após enviar para correção, a prova não esta disponível o tempo todo, é preciso uma correção imediata, pois estamos sendo prejudicados com informações duvidosas."
Anhanguera,br.com.cogna.ava,5,2026-03-31 10:33:28,"estou no início do curso de ADM ,se tivesse visto a nota nem tinha começado mais a experiência é outra,estou gostando espero que até o final não me decepcione e tenha que mudar está avaliação."
Anhanguera,br.com.cogna.ava,1,2026-03-31 09:35:12,"Minha experiência no app e no site tem sido péssima, o modo tela cheia nunca funciona, testei em 3 celulares, e agora na última atualização, nem no site funciona. Tenta estudar matemática via celular no ônibus, impossível de ler."
Anhanguera,br.com.cogna.ava,1,2026-03-31 08:52:05,"simplesmente estou tentando acessar meu login e ele carrega e para, sem justificativa, sem explicação, me impedindo de acessar minha conta"
Anhanguera,br.com.cogna.ava,1,2026-03-31 02:32:32,"Não consigo utilizar o app, simplesmente não carrega a tela de estudos. ja desinstalei e instalei de novo e nada."
Anhanguera,br.com.cogna.ava,5,2026-03-30 18:38:33,tudo simplesmente é ...
UNINTER,com.uninter.app,1,2026-09-25 12:05:26,Depois da última atualização é impossível assistir as transmissões ao vivo. O app fecha sozinho assim que seleciono o ícone da transmissão.
UNINTER,com.uninter.app,1,2026-09-23 21:59:44,as aulas ao vivo nao abrem no app
UNINTER,com.uninter.app,2,2026-09-22 10:31:48,"não carrega nada, trava demais!!"
UNINTER,com.uninter.app,1,2026-09-17 21:58:15,"O aplicativo fecha ao tentar assistir uma aula ao vivo. Isso deveria ser tratado como algo de extrema urgência, e a correção deve ser simples. Alias, mostra que não testam o aplicativo antes dos releases. Pastelaria isso."
UNINTER,com.uninter.app,1,2026-09-09 23:18:32,"Após a última atualização, não consigo mais assistir às aulas, o app fecha sozinho, já desinstalei, limpei cache e forcei a parada, não voltou"
UNINTER,com.uninter.app,1,2026-09-09 22:19:07,"Não dá pra por as aulas ao vivo em tela cheia, precisa de atualização, e ta fechando app na aulas ao vivo."
UNINTER,com.uninter.app,3,2026-09-04 19:48:29,"nao consigo qcessar os videos das aulas ao vivo, clico pra abrir e o app fecha"
UNINTER,com.uninter.app,4,2026-08-31 13:08:28,"Bom dia, de fato todas as informações estão disponíveis, notadamente muito bem desenvolvido. Unico porém, não consigo audio nas aulas?? Já reinstalei mas continuo sem audio. Meu celular, Samsung S25 Obrigado"
UNINTER,com.uninter.app,1,2026-08-30 06:21:58,como que vc esta fazendo uma prova Apol e do nada o aplicativo fecha e te da nota vinte se do que vc respondeu apenas 2 questoes. fazendo vc perder uma das 3 chances de fazer a prova??? isso nao pode acontecer
UNINTER,com.uninter.app,1,2026-08-27 04:19:39,"Perdi um aulão ao vivo, não mostra na agenda a data correta e quando a gente entra na opção de cursos mostra os aulões que a gente ingressou, mas não dá para ver a data completa, mostra lá mês 08/2026, mas não mostra o dia e nem a hora. Para quem não pode usar o computador sempre que nem eu é péssimo!"
UNINTER,com.uninter.app,1,2026-08-27 01:12:40,"O app é inútil, tudo é direcionado ao site,a carteirinha é horrível e nenhum um pouco flexível."
UNINTER,com.uninter.app,1,2026-08-20 09:25:36,"tenho um celular porreta e mesmo assim esse app é mal otimizado e cheio de bugs, as vezes tenho que ficar entrando e saindo pra carregar as informações, eles tem esse app só por ter mesmo porque não funciona como era pra funcionar."
UNINTER,com.uninter.app,1,2026-08-11 18:37:40,FUI ENGANADO CUIDADO. FIZ 1 POS ACABEI E AGORA NA HORA DE GANHAR A OUTRA POS DE GRAÇA NA PROMOÇÃO DA UNINTER NAO DEU PORQUE SUBIU DE PREÇO.ME SENTI ENGANADO VOU DENUNCIAR AO PROCON E NO INSTAGRAM. CUIDADO NÃO FAÇAM UNINTER ELES MENTEM
UNINTER,com.uninter.app,2,2026-08-06 18:34:08,"É ótimo para cursos 100% on-line, mas não tentem fazer cursos semi presenciais se não moram em Palmas ou cidades capitais, a gestão é horrível e não me deram informações sobre as aulas presenciais direito, era sempre ""não dá pra saber até começar"" e ""talvez"" quando finalmente começou eles não iam ajudar em NADA passagem, comida, deslocamento até o local, hospedagem era tudo por nossa conta, tive que trancar foi uma experiência horrível e desanimadora, só serviu pra perder dinheiro e ter estresse"
UNINTER,com.uninter.app,1,2026-07-29 15:19:41,app é horrível para estudar no celular ou tablet péssimo não mostra nada mas no computador abre direitinho poderia melhorar isso
UNINTER,com.uninter.app,1,2026-07-28 20:56:07,"Aplicativo muito bugado, não mostra o que tem que mostrar por exemplo algumas aulas e avaliações. Pra acessa o curso da forma certa eu preciso entrar pelo site porque esse app não funciona"
UNINTER,com.uninter.app,5,2026-07-28 02:56:12,"Depois das últimas atualizações, o aplicativo se mostrou ser bastante útil. Também gostei das melhorias na interface, espero que continue melhorando ainda mais futuramente. (Principalmente a parte do design)"
UNINTER,com.uninter.app,1,2026-07-27 06:28:13,"Se pegar as mensalidades de um único aluno, eles conseguem pagar um bom profissional na área para fazer um aplicativo melhor, sinceramente. Atualmente é um aplicativo confuso, sem otimização, as vezes funciona, as vezes não funciona, as resoluções para mobile dele são péssimas. É inacreditável e vergonhoso que esse aplicativo pertença a uma universidade INTERNACIONAL. Para onde vai o dinheiro dos alunos, afinal de contas? Por que vocês não investem em vocês mesmos? Não faz sentido."
UNINTER,com.uninter.app,5,2026-07-22 23:28:20,"Não tive algum problema com a plataforma, pelo contrário, tive boas experiências, aulas bem elaboradas, disponibilidade das aulas para assistir depois, livro do curso, curso de inglês, fui correspondida na tutoria e no atendimento online, não tenho nada a reclamar."
UNINTER,com.uninter.app,1,2026-07-21 21:01:09,"Instalei o app para pegar a carteirinha de estudante e o aplicativo simplesmente não reconhece meu RU e a senha. Diz que os dados estão errados, sendo que são os mesmos que uso para acessar o portal Uninter/Univirtus pelo site."
UNINTER,com.uninter.app,5,2026-07-17 20:16:11,"Excelente app, muito fácil e prático de usar"
UNINTER,com.uninter.app,3,2026-07-17 07:53:33,"O design do aplicativo, até é bonito(melhor que o site), mas ainda não é 100% funcional. Para consultar pagamentos, me encaminha para o site, não tem opção de baixar nada para quando estivermos offline(vídeos, resumos das aulas ou o PDF da parte textual) isso dificulta o acesso de quem tem uma internet mais limitada. Se puderem minimizar essa maneira de ter que sair do aplicativo para ter acesso a mais informações, ele ficará completo! Já que isso perde o objetivo do aplicativo: ser útil."
UNINTER,com.uninter.app,1,2026-07-08 19:22:01,"não tem utilidade, não da para ver aulas nele e nem as aulas que estou vendo no notebook, ou seja, só atrasa o aluno."
UNINTER,com.uninter.app,1,2026-07-08 17:39:39,"aplicativo não está funcionando desde dia 3 de junho para mim, tenho atividade de apols para entregar e não consigo fazer por ele porque simplesmente não carreta nem as aulas nem abre conteúdo da matéria, não consigo estudar nem fazer apols por ele, estou sendo prejudicado e o tempo está correndo, quando entrei em contato com a tutoria deram uma resposta curta apenas dizendo que app está com inconsistência e mais nada e encerraram o chamado."
UNINTER,com.uninter.app,2,2026-07-08 16:17:59,"De uns dias pra cá, está bugando muito, não consigo ter acesso ao roteiro e nem nas avaliações, tive que desinstalar algumas vezes para normalizar, aí no outro dia, volta tudo dnv o bug. Limpo o cache e nada. É uma situação muito chata e desgastante."
UNINTER,com.uninter.app,2,2026-07-08 15:11:28,"Não sei se foi somente o meu acesso, mas desde a data de ontem 07/07/26 por volta de 12 em diante, o aplicativo não aparece mais as matéria das aulas no App UNINTER. Pelo site no Pc ou Celular funciona tranquilo. Porém, pelo app parou de aparecer as aulas. E isso prejudica bastante os estudos."
UNINTER,com.uninter.app,1,2026-07-08 13:38:31,"Sempre travando, não está bom"
UNINTER,com.uninter.app,1,2026-07-08 13:02:27,"agora não está mais nem carregando o roteiro de estudos, não serve mais pra nada"
UNINTER,com.uninter.app,2,2026-07-08 12:21:27,"Já desintelei e instalei o aplicativo mas continua sem carregar o roteiro e as avaliações de todas as disciplinas, já faz dois dias isso. Para quem estuda principalmente pelo celular fica complicado."
UNINTER,com.uninter.app,2,2026-07-08 01:14:34,"não está abrindo as abas de roteiro, notas nada"
UNINTER,com.uninter.app,1,2026-07-07 17:18:12,"App bugado. Não abre as aulas, não aparece os livros no tablet"
UNINTER,com.uninter.app,1,2026-06-27 00:45:19,Muito difícil de compreender e não funciona bem
UNINTER,com.uninter.app,5,2026-06-24 14:17:42,ótima platafor de estudos
UNINTER,com.uninter.app,1,2026-06-24 12:47:24,"Aplicativo não roda direito, você tenta abrir ele por muitas vezes não carrega as aulas."
UNINTER,com.uninter.app,1,2026-06-21 13:11:54,"nossa quanta avaliação Ruim nesse app, estou pensando em me matricular, mas essas avaliações do app já faz a gente duvidar muito da qualidade da universidade. já ia fechar mas depois desses comentários irei pesquisar um pouco mais outras unidades. esses avaliações pensam muito para os novos clientes/Alunos."
UNINTER,com.uninter.app,1,2026-06-10 15:18:26,"É um app ruim, não tem como assistir aulas diretamente por ele, há um bug consistente de mensagens ou avisos para ler que o app não permite, se solicitar suporte não aparece a opção de teclado."
UNINTER,com.uninter.app,1,2026-06-04 19:51:14,"aplicativo horrível, que fica toda hora notificando como se a gente não entrasse as aulas, mesmo quando você entra. vivem batendo no peito dizendo que incentivam os alunos estudarem do seu jeito e ficam nessa perturbação."
UNINTER,com.uninter.app,3,2026-06-04 11:06:38,"O aplicativo é bom, mas a experiência de assistir às aulas deixa a desejar porque ele sempre nos redireciona para um link externo no navegador. ​Como sugestão de melhoria, a equipe de TI poderia integrar o player de vídeo diretamente dentro do próprio app usando WebView ou componentes de embed. Não é necessário hospedar os arquivos de vídeo dentro do aplicativo, bastando utilizá-lo como uma ""janela"" para o servidor atual de vocês. Isso tornaria o estudo muito mais fluido e prático!"
UNINTER,com.uninter.app,1,2026-05-30 22:57:40,"Pelo dinheiro que pagamos na faculdade, com certeza daria para pagar um bom desenvolvedor para fazer um aplicativo melhor. Convenhamos."
UNINTER,com.uninter.app,1,2026-05-27 23:01:41,"Péssimo, não permite assistir aulas ao vivo, na plataforma as aulas ao vivo não são as do curso. não temos retorno ao procurar o polo no momento da aula pra informar do problema. No atendimento online são mensagens prontas. Estou decepcionada. Quando você assiste as aulas, são maravilhosas,mas até conseguir acessar já perdeu tempo e gerou um desgaste desnecessário."
UNINTER,com.uninter.app,5,2026-05-25 09:13:29,Excelente plataforma EAD para graduação.
UNINTER,com.uninter.app,2,2026-05-25 02:33:25,"comprei um tablet para assistir as aulas e descobri pelos comentarios que o app não adaptável para tablet,ja tem semaa tentando assistir os videos pelo tablet e nada."
UNINTER,com.uninter.app,1,2026-05-20 01:39:46,"não consigo acessar nada no app. Ele só mostra as matérias que tem, mas quando clica pra assistir ele nem direciona para as aulas mais. Não dá pra fazer pagamento por lá, nem as apols. Não sei o que está acontecendo com o app, mas antes eu estava conseguindo acessar tudo isso e agora não faz nada."
UNINTER,com.uninter.app,1,2026-05-13 21:00:45,não estou gostando não aparece as notas muita coisa não funciona como o esperando
UNINTER,com.uninter.app,1,2026-05-11 04:43:52,"Não vejo utilidade em usar esse app. Não dá p/ assistir às aulas nele, sempre é direcionado p/ o navegador. Seria excelente se desse para assistir às aulas offline, pq assim não gastaria o pacote de internet. Fiquei animada achando que eu ia aproveitar o tempo do meu trajeto até o rabalho p/ ir assistindo, mas não dá. Várias informações só aparecem no Pc e p/ completar, esse mês ficou c/ um bug na opção de pgto e não consegui pagar dentro do prazo, tive que pagar atrasado. Isso me chateou.☹️"
UNINTER,com.uninter.app,1,2026-05-04 23:26:10,"Tá precisando melhorar esse design. Tá feio demais. Um Centro Universitário com mais de 1 milhão de alunos utilizando um app mal feito desses, é o fim da picada. Fora a mensalidade estrondosa que está sendo cobrada em alguns Polos, porque agora vocês funcionam assim: com ganancia."
UNINTER,com.uninter.app,1,2026-05-04 08:14:40,"Continua muito limitado, perde feio para plataformas de outras universidades."
UNINTER,com.uninter.app,2,2026-04-25 20:21:45,"Após a atualização para enviar uma tutoria o sistema está um pouco ruim. No app, após selecionar a categoria da tutoria não aparece a área de digitação, enquanto no navegador, após certa quantidade de caracteres a área de visualização de texto digitado começa a diminuir progressivamente para a esquerda até sumir e não é possível ver mais o que está digitando (para contornar eu consegui digitar em outro local e depois apenas recortar e colar no chat da tutoria, então consegui ler e enviar)"
UNINTER,com.uninter.app,2,2026-04-21 16:29:36,"no celular até que vai, mas o app tem muitos bugs e não instala no notebook"
UNINTER,com.uninter.app,1,2026-04-15 14:53:45,"A atualização do aplicativo ficou muito ruim, as aulas não são projetadas em tela inteira Atualizando. retirei uma estrela. o PP demora a atualizar as aulas, não tem um histórico de onde vc parou integrado. se eu acessar em dispositivos diferentes, não mostra onde parei."
UNINTER,com.uninter.app,1,2026-04-14 02:27:23,"Aplicativo horrível, pra uma escola com 30 anoa de vida é decepcionante, Triste mesmo vou migrar pra outra universidade porque estou tendo uma. péssima experiência, pago caro e não tenho retorno, pra receber reclamação não aparece um pra responder, mas pra elogios vem um monte.... as vezes nem o chefe master da Uninter sabe que o aluno está tendo péssima experiência, desde do app até às provas presenciais... frustante demais... comprei um peixe, recebi só a espinha...."
UNINTER,com.uninter.app,5,2026-04-13 23:26:24,Plataforma de Estudo Magnífica 💫✨
UNINTER,com.uninter.app,1,2026-04-13 15:02:36,o aplicativo está totalmente desatualizado e nao aceita fazer loguin porque nao libera o botão de entrar.
UNINTER,com.uninter.app,4,2026-04-09 00:20:58,"o aplicativo está muito bom em comparação ao anterior, única coisa que me incomoda é ter que ir no navegador do celular e entrar no univirtus para poder ver a frequência no caso o local onde será as aulas práticas já que no app não tem onde ver o local de aulas práticas aí acho ruim ter que abrir o navegador só pra poder ver isso, fora isso o aplicativo está top demais."
UNINTER,com.uninter.app,1,2026-04-08 22:17:43,"Eu não consigo conversar no chat aula ao vivo, o campo de digitação fica em baixo da barra de navegação do meu celular, como posso resolver isso?"
UNINTER,com.uninter.app,3,2026-04-07 20:23:18,"instabilidade define o aplicativo da Uninter, em certos momentos não carrega a grade curricular, reiniciando algumas vezes, ele entra, outrora os vídeos das aulas em si estão funcionando normal, mas derrepende começa a travar do nada, reiniciando o aplicativo ele volta a correr sem travar, mas as vezes mesmo reiniciando ele continua travado. Tem muito oque melhorar em quesito de responsividade e estabilidade"
UNINTER,com.uninter.app,3,2026-03-24 22:37:15,"Não permite rotação de tela, com isso os videos das aulas ficam pequenos e ruins de visualizar pelo tablet"
UNINTER,com.uninter.app,5,2026-03-23 07:09:28,"A nova atualização ficou excelente! Plataforma intuitiva, tecnológica e eficiente. Super recomendo a Uninter para quem quer crescer profissionalmente e adquirir conhecimentos!"
UNINTER,com.uninter.app,4,2026-03-22 03:42:30,Falta pouco para ser mais completo.
UNINTER,com.uninter.app,1,2026-03-20 01:34:47,"Seria bom se fosse feito tudo dentro do aplicativo. O conteúdo é sem igual, mas a aplicação é péssima! Um valor exorbitante nos cursos e não oferece um aplicativo bom."
UNINTER,com.uninter.app,5,2026-03-16 17:35:04,Excelente aplicativo não há o quê questionar...
UNINTER,com.uninter.app,5,2026-03-11 13:35:10,"Facilitou muito com a atualização, parabéns."
UNINTER,com.uninter.app,5,2026-03-06 05:38:56,é a melhor universidade. e fui bem atendida pelo Polo em limeira sp.
UNINTER,com.uninter.app,2,2026-02-25 12:23:33,"O app estava excelente, agora não consigo mais assistir as vídeo aulas por ele, pois não carregam, pensei que fosse o sinal de internet, testei em lugares e operadoras diferentes, desinstalei e instalei novamente, mas o erro persiste."
UNINTER,com.uninter.app,2,2026-02-25 09:45:42,"Não sincroniza com o que ja foi visto pelo computador, ou seja, não aparece o que tu ja progrediu pelo PC O app basicamente se resume a um "" agregador de links"" pois te joga pro navegador. As avaliações positivas bem provável seja do pessoal que desenvolve o app, pois não é útil nem pra assistir offline, pois como dito antes: Ele te joga pro navegador."
UNINTER,com.uninter.app,1,2026-02-20 01:20:43,"o app era melhor antes, agora quando você abrir a matéria para estudar, ele redirecionar você para uma página no Google, então pensando bem , não precisa mais baixar o app, bastante você salvar o link da Uninter na barra de favoritos do Google , assim você economiza memória RAM do seu celular 😉"
UNINTER,com.uninter.app,3,2026-02-17 01:14:30,"eu sinto falta dos popups no aplicativo, recomendava bastante coisa bacana e com o app eu quase não entro mais no site então não vejo os popups e nem as pesquisas."
UNINTER,com.uninter.app,5,2026-02-13 10:31:13,esselente aplicativo ficou incrível!
UNINTER,com.uninter.app,3,2026-02-11 15:55:55,"Gostaria de recomenda um ponto de melhoria, compatibilidade com Chips x86 grupo de computadores com sistema ChromeOS ou que usam Android em computador. já que o app aparenta ser mais ""moderno"" do que site."
UNINTER,com.uninter.app,4,2026-02-10 22:42:51,"O app ainda tem alguns bugs na leitura no modo escuro, por isso não vou dar 5 estrelas, mas melhorou muito, parabéns aos desenvolvedores 👏👏"
UNINTER,com.uninter.app,4,2026-02-10 08:08:05,"A AULA 1 não abre, somentes as demais. Só consigo acessar pelo computador a primeira, isso me limita por não poder levar o computador para o trabalho e estudar no intervalo. Tirando isso o app é muito bom."
UNINTER,com.uninter.app,4,2026-02-07 02:54:14,"melhor faculdade de todas recomendo, tanto professores e laboratório excelentes."
UNINTER,com.uninter.app,1,2026-02-06 15:52:02,"Na verdade, não sei qual é a proposta do App, pois o vídeo te direciona para um navegador. Fora que não é possível ajustar a tela para assistir no celular ou tablet, ontem passei raiva ao assistir a aula de inauguração e tive que tirar minha esposa dos estudos dela no Pc para que eu pudesse assistir. A instituição em si, não tenho o que reclamar pois sempre tive bons feedbacks e nas pesquisas sempre vi falarem bem, mas já o App de estudos infelizmente já vi melhores em instituições sem conceito."
UNINTER,com.uninter.app,5,2026-02-06 13:58:49,excelente super índico
UNINTER,com.uninter.app,5,2026-02-05 11:24:08,"A nota não condiz com a atual situação do aplicativo. Está MUITOOOOO MELHOR. Bem mais organizado, fácil de mexer, layout bem feito...Atualmente acho que o certo seria um 4,8 porque ainda falta a opção de salvar login, então você precisa ficar colocando seu RU toda vez que for entrar. Tirando isso, o aplicativo melhorou em tudo"
UNINTER,com.uninter.app,3,2026-02-05 00:53:50,está travando e fechando o aplicativo nas aulas ao vivo.
UNINTER,com.uninter.app,5,2026-02-05 00:04:43,A melhor Escola EAD do Brasil.
UNINTER,com.uninter.app,3,2026-02-04 21:43:06,as vezes dá umas bugadas no app no Android
UNINTER,com.uninter.app,5,2026-02-03 00:13:50,até o momento tá sendo otimo
UNINTER,com.uninter.app,1,2026-01-30 12:46:43,"Péssimo, sempre dando erro e depois da última atualização só piorou."
UNINTER,com.uninter.app,2,2026-01-28 19:27:23,app tem que melhorar muito ainda
UNINTER,com.uninter.app,4,2026-01-13 12:21:35,"É muito bom, mas poderia ter uma aba com todas as provas em um lugar só, sem ter que abrir cada disciplina."
UNINTER,com.uninter.app,5,2025-12-31 17:42:40,essa nova versão do app gostei muito está muito melhor assim dá para fazer tudo por ele dá para ver até as notas gostei do app😃😃😃😃
UNINTER,com.uninter.app,1,2025-12-29 00:23:06,"não pega em tablet e não está carregando as avaliações correta, se você quiser estudar a 2⁰ ou 3⁰ avaliações /apol's não é possível pq esse ""app"" só abri a que ELE quer, a 1⁰. Trabalhando a 100% pra tornar a vida do estudante mais difícil do que já é."
UNINTER,com.uninter.app,1,2025-12-22 20:11:12,muito difícil a comunicação com eles o polo de colatina ES a atendente tem uma má vontade
UNINTER,com.uninter.app,1,2025-12-22 02:26:55,"O app é inútil para um aluno que quer abrir as aulas por ele, afinal jogam para o navegador e assim trava. Um app que é apresentado como facilitador no ensino deixa muito a desejar e obriga o aluno buscar outras opções e isso é inviável para cursos EAD"
UNINTER,com.uninter.app,5,2025-12-11 16:42:59,excelente app vc acha tudo que precisar nele.
UNINTER,com.uninter.app,5,2025-11-24 16:42:47,depois da Att ficou nota 10. estava meio ultrapassado
UNINTER,com.uninter.app,3,2025-11-24 16:09:33,"A barra de texto fica muito à base do telefone, de modo que não dá pra selecionar e de fato utilizar."
UNINTER,com.uninter.app,4,2025-11-16 13:49:32,"Pontos positivos: agenda inicial, cursos e materiais - mais aplicabilidade aos estudos que antes não havia. Bem melhor mesmo. Parabéns! Pontos a melhorar: ter opção de exclusão de avisos e mensagens com seleção parcial ou total, pois quando há muitas mensagens se perde tempo limpando um a um. Documentos solicitados não estavam completando o download. Em desempenho a página não vai até o final, faltando informação (modos escuro ou claro). Tenho outros pontos a colaborar, mas não coube aqui!"
UNINTER,com.uninter.app,4,2025-11-14 23:45:26,"Se for possível, verificar a parte das mensagens de tutorias e avisos. Eu excluo as mensagens e quando eu volto aparece novamente."
UNINTER,com.uninter.app,1,2025-11-14 03:31:56,Deveriam criar vergonha na cara e desenvolver um app decente para os alunos! Integrar as funções dentro do próprio app ao invés de direcionamento para uma página web. Design extremamente simples e desleixado. Melhorem!
UNINTER,com.uninter.app,5,2025-11-13 19:28:37,"Gostei do app. geralmente assisto as aulas na minha smart tv, mas tenho que ficar logando pelo Google, vocês pensam em criar algum app para as smart tvs ? Seria interessante pelo fato de não precisar logar sempre. Em relação ao uso do app no celular, até agora estou gostando."
UNINTER,com.uninter.app,5,2025-11-13 19:18:37,essa última atualização com diversas melhorias ! biometria. aulas ao vivo em destaque. modo escuro da interface... e principalmente muito menos bugs que a versão anterior! equipe está de parabéns
UNINTER,com.uninter.app,5,2025-11-13 15:59:29,ótimo App ajuda tanto na mobilidade quanto nos estudos. essa última versão ficou sensacional. parabéns 👏👏👏👏👏
UNINTER,com.uninter.app,1,2025-11-12 20:52:36,"O app anterior era mto melhor. Desabilitaram a funcionalidade de executar os vídeos das aulas em segundo plano, ou seja, quando bloqueio o aparelho, o vídeo para de rodar. Péssimo! As notas as disciplinas não carregam. Ou seja, o app não é útil. Estou assistindo às aulas pelo navegador do celular."
UNINTER,com.uninter.app,2,2025-11-12 09:36:14,"Novo app roda mais liso, design é bonito, tem mais informação pra gente acessar, essa parte ficou muito legal. Mas aí vocês me colocam um link pra abrir as aulas no Google ao invés de ser logo no próprio app? ué??? mais fácil a gente entrar logo no ava do Google e estudar por lá mesmo então. Com todo respeito, mas nessa parte foi um trabalho bem preguiçoso, vou dar duas estrelas porque as novas opções estão bem bacanas e ele está mais fluido, mas a parte mais importante vcs n fizeram"
UNINTER,com.uninter.app,4,2025-11-12 06:58:43,"Atualização 12/11/2025 a opção de minimizar e assistir os vídeos no celular voltei a funcionar normalmente, porém esse erro ainda não corrigido => Outra coisa que atrapalha muito, é ao assistir a aula e clicar em qualquer lugar fora dele o app vai pra outra tela e depois é preciso reabrir novamente do zero, acessando o conteúdo desde o início até o vídeo, ex, estava na aba estudar e sem querer clica em, home ou outra,.. poderia deixar fixo ou minimizado o vídeo/ Aula que esta sendo reproduzido."
UNINTER,com.uninter.app,5,2025-11-11 02:01:40,"impressionante o quanto esse aplicativo melhorou, acompanho o mesmo desde seu início! está incrível."
UNINTER,com.uninter.app,5,2025-11-10 14:11:56,"Depois dessa atualização, o app ficou show de bola. Agora ele tem uma finalidade, dá pra estudar por ele. Antes eu só acessava pra pegar o boleto. Parabéns Uninter, atualização demorou, mas chegou."
UNINTER,com.uninter.app,4,2025-11-09 22:46:27,"a única coisa que falta seria um botão para voltar 10 segundos nos vídeos das aulas, as vezes não entendemos algum termo e queremos voltar, mas acaba voltando muito e atrapalhando, de resto essa atualização melhorou muito em vista da anterior"
UNINTER,com.uninter.app,2,2025-11-08 19:10:50,"Hum, o App passou por uma transformação, hein? Algumas coisas estão ótimas, mas, as provas apenas pelo PC, é isso mesmo? A praticidade que eu tinha de fazer a prova, pelo celular, em qualquer lugar, não existe mais?"
UNINTER,com.uninter.app,3,2025-11-06 22:55:18,"App é liso, mas por favor arrumem salvar o progresso das aulas já assistidas, é um caos controlar o que já foi assistido e o que não foi, fica confuso 😕"
UNINTER,com.uninter.app,1,2025-11-05 18:58:15,"após a atualização ficou impossível o uso do app. Lento, trava demais, nada abre, não consigo mais realizar consulta financeira pq nada aparece, não deixa mais baixar o material e slides das aulas.....além de feio ficou nada funcional"
UNINTER,com.uninter.app,5,2025-11-04 16:23:29,"bela atualização, pessoal! parabéns aos desenvolvedores."
UNINTER,com.uninter.app,5,2025-11-04 01:23:20,o novo app ficou incrível tive que vir comentar
UNINTER,com.uninter.app,1,2025-11-03 20:28:50,as aulas está uma doideira misturado coloca como antes
UNINTER,com.uninter.app,2,2025-11-02 18:32:16,"Depois de fazer as leituras e assistir às videoaulas, eu costumava colocar novamente as videoaulas, deixando rodando em segundo plano, ou até com a tela do celular bloqueada enquanto fazia outras coisas, apenas ouvindo... mas após a nova atualização não tem mais essa possibilidade, poxa. e mais, na página de matérias em andamento, todas as matérias estão repetindo o mesmo título, só sei qual é matéria após clica nesse ""título repetitivo"", pena que não dá para mandar o print aqui"
UNINTER,com.uninter.app,5,2025-10-31 23:26:44,A atualização ficou top!
UNINTER,com.uninter.app,1,2025-10-31 23:13:35,meu app simplesmente não abre as aulas.
UNINTER,com.uninter.app,1,2025-10-31 00:28:32,"Péssimo, péssimo, péssimo! Nada prático pra quem precisa estudar no celular, o aplicativo é pesado, e ruim! foram atualizar e ficou horrível, nada funciona."
UNINTER,com.uninter.app,2,2025-10-30 09:29:11,O design ficou bom mas perdeu duas funções que eu usava muito : ouvir as aulas mesmo com a tela do celular bloqueada. Também não aparece mais a opção de compartilhar a tela da aula na TV.
UNINTER,com.uninter.app,5,2025-10-28 20:06:27,"admito que com essa nova otimização melhorou grandemente o APP, toda a equipe tá de parabéns e os devs"
UNINTER,com.uninter.app,2,2025-10-27 20:10:40,"Ficou péssimo após a última atualização. Não roda o áudio nem o vídeo em segundo plano, não dá pra baixar mais a aula. Piorou muito."
UNINTER,com.uninter.app,4,2025-10-27 12:42:08,"No modo de tela cheia, o app não está mantendo a tela ligada."
UNINTER,com.uninter.app,1,2025-10-27 12:33:17,"app todo bugado e com os itens mal distribuídos, na aba de tutoria tem um bug que a caixa pra digitar texto fica em cima das mensagens e nao sai de jeito nenhum"
UNINTER,com.uninter.app,5,2025-10-27 12:17:19,Eles melhoraram MUITO o aplicativo! Agora atende super tudo o que eu precisava. Ficou muito mais bonito e intuitivo. Além de trazer informações realmente relevantes pra minha vida acadêmica.
UNINTER,com.uninter.app,4,2025-10-25 17:06:50,"Agora com o aplicativo de cara nova, o site precisa de uma mudança urgentemente!"
UNINTER,com.uninter.app,1,2025-10-25 02:08:41,"Mal comecei a estudar e já começou a dar problema no Aplicativo, o aplicativo mudou não consigo acessar com a minha senha e matrícula para assistir as aulas e já tem provas para fazer, não consigo o acesso e aí como que faz? no wadsapp é mensagem aleatória não consigo falar com um humano, agora se fosse aluno novo se matriculando rapinho apareceria alguém para conversar no wadsapp, se continuar assim vou cancelar e entrar com meios judiciais."
UNINTER,com.uninter.app,5,2025-10-24 18:55:49,"O aplicativo ficou muito bom, sem complicações!"
UNINTER,com.uninter.app,5,2025-10-24 00:06:38,Passou da hora de mudar e a mudança veio pra MELHOR! Até que em fim. Bem elaborado e fluído. Em breve chegará nas maiores pontuações da loja Google Playstore! Já se ver a nota subindo!!!
UNINTER,com.uninter.app,5,2025-10-23 21:25:54,"Com essa última atualização o app ficou mais leve e responsivo, muito melhor que a versão antiga."
UNINTER,com.uninter.app,1,2025-10-23 12:42:22,Não faz mas o login!
UNINTER,com.uninter.app,1,2025-10-22 23:08:16,"voltou meu curso desde o começo, só aparece que fiz nos históricos e nem consigo continuar porque nao aparece qual curso estou fazendo"
UNINTER,com.uninter.app,5,2025-10-22 19:44:40,Agora ficou top. Só falta melhor o site do Ava.
UNINTER,com.uninter.app,1,2025-10-22 16:58:19,"Foi a pior escolha que fiz.... só me roubou dinheiro essa praga.... mesmo depois do cancelamento, e tendo pago as parcelas, não paro de receber cobrança.... Uninter nunca mais 👎"
UNINTER,com.uninter.app,1,2025-10-22 14:16:12,muito ruim .prefiro a versão anterior
UNINTER,com.uninter.app,3,2025-10-22 09:55:49,"o novo visual ficou muito bom... pena que uma função (pra mim), super importante, era poder assistir as aulas offline baixando os vídeos, pois assistia durante viagens. agora nao consigo mais. Gostei do relógio de marcação de tempo assistido."
UNINTER,com.uninter.app,3,2025-10-22 00:09:25,"Melhorou pouca coisa, acredito que deveria ter a opção de adicionar a carteirinha de estudante ao Google Wallet, seria bem mais prático."
UNINTER,com.uninter.app,3,2025-10-22 00:03:08,"A atualização do app modificou para melhor o layout, os botões e trouxe itens que antes só abriam em navegadores. Ficou mais bonito e organizado. Mas... para estudar no app está pior! Não abre em tela cheia, o texto de apoio fica muito pequeno, não abre o pdf de primeira, é necessário abrir e fechar a aula várias vezes, e o que é pior, nem o vídeo nem o áudio funcionam com a tela apagada. Parece que estudar pelo navegador ainda é melhor negócio."
UNINTER,com.uninter.app,3,2025-10-21 19:38:47,"a última atualização pode até ter sido bem intencionada mas não tão bem executada! perdeu a identidade total! algumas funções podem ter sido acrescentadas mas outras mais úteis ficaram escondidas! habilitaram umas coisas e desabilitaram outras, ou seja não tá nada intuitivo!!! além de ter perdido identidade visual da faculdade... não curti na minha opinião, tipo, tá funcional, mas não tá legal..."
UNINTER,com.uninter.app,3,2025-10-21 17:25:18,"infelizmente é incompleto. não apresenta se os trabalhos estão em analise, se tem como acessar e saber a nota. aparece diretamente como reprovado. assusta."
UNINTER,com.uninter.app,1,2025-10-21 14:01:27,"Não estou conseguindo acessar o app,coloco o RU e a senha, mas o botão p clicar p entrar tá inativo."
UNINTER,com.uninter.app,5,2025-10-21 08:55:09,"Depois da atualização, o aplicativo da Uninter ficou excelente! Antes eu usava pouco porque achava bom, mas nada demais. Agora está muito mais completo e prático dá pra acompanhar tudo: Apol, grades, matérias pendentes, até as provas que faltam. Realmente ficou top! Espero que continuem mantendo esse padrão, porque está fazendo muita diferença no dia a dia dos alunos. 👏📚"
UNINTER,com.uninter.app,5,2025-10-21 05:57:07,Única coisa ruim é que após a atualização as informações de login não ficam mais salvas.
UNINTER,com.uninter.app,5,2025-10-21 03:44:48,"Uma sugestão de melhoria para ficar melhor a experiência de uso no app é não sair do login, porque frequentemente pede login e senha. Fora isso com a atualização recente atualização do App ficou bem mais intuitivo e melhorou a experiência de assistir as aulas pelo app. Bem melhor do que era antes! Agora é só daqui para melhor. Parabéns Uninter! 👏"
UNINTER,com.uninter.app,1,2025-10-20 13:05:18,"A última atualização estragou o app. Sempre assisto às aulas pelo celular; agora não abre nenhum vídeo. slides, não abrem. Arrumam, por favor, para quem tem pouca horas de estudo está fazendo falta!"
UNINTER,com.uninter.app,4,2025-10-20 10:01:11,"a atualização ficou boa, mas agora nao consigo mais ouvir o áudio da aula com a tela do celular bloqueada, na antiga versão tinha essa possibilidade"
UNINTER,com.uninter.app,2,2025-10-20 02:19:22,"Não carrega os vídeos das aulas por motivo ""erro de rede ou formato não suportado"". Seria muito bom poder assistir as aulas pelo app."
UNINTER,com.uninter.app,1,2025-10-19 16:15:39,"depois da atualização o app não abre a aula em tela cheia de forma adequada e quando estou assistindo a tela desliga como se não estivesse usando. E depois, quando volta, não consigo utilizar os botões para pausar e diminuir a tela."
UNINTER,com.uninter.app,5,2025-10-18 18:52:02,"Minha primeira graduação aos 39 anos e estou amando tudo na Uninter, professores super acessíveis até pelas redes sociais, o App é bem intuitivo e o conteúdo bem satisfatório... Minha sugestão seria ter como baixar o áudio da aula completa, assim como há possibilidade nos vídeos, fragmentado é mais incômodo de fazer. No mais agradeço pela experiência!!"
UNINTER,com.uninter.app,2,2025-10-18 17:57:41,"A atualização do APP teve varias melhorias, porém, é impossível ler o texto da aula nessa nova versão! Não dá para selecionar o texto, a tela fica ""poluída"" e o texto fica minimizado, dificultado a concentração e leitura. Ao tentar baixar o texto em PDF, da erro de autorização, tendo que entrar em outra página, acessar novamente a área do aluno fora do app, para conseguir baixar o texto! A leitura online se tornou muito complicada! Por favor, tentem rever o essa parte do app."
UNINTER,com.uninter.app,5,2025-10-18 14:37:19,Com essa nova versão ficou muito melhor a navegação e a visualização das atividades pendentes.
UNINTER,com.uninter.app,5,2025-10-18 04:48:00,"maravilhoso o APP, tudo organizado, não trava nada."
UNINTER,com.uninter.app,4,2025-10-17 23:25:14,Ok! Adorei essa nova atualização do app! O design esta muito melhor.
UNINTER,com.uninter.app,4,2025-10-17 21:19:30,"sensacional essa última atualização do aplicativo da Uninter tá, vocês estão de parabéns muitas novas funcionalidades forem incrementadas, uma das principais reclamações que eu tinha em relação ao aplicativo antigo é que muita coisa só era de redirecionada pro navegador, agora tudo quase tudo está sendo resolvido dentro do próprio aplicativo, como pagamento de boleto e as próprias vídeo aulas agora só falta a leitura dos livros serem feitas dentro do aplicativo também"
UNINTER,com.uninter.app,5,2025-10-17 15:48:40,"Amém, Melhorou 100%. agora sim está util"
UNINTER,com.uninter.app,5,2025-10-17 13:38:24,"Depois da atualização de outubro de 2025 melhorou bastante, está bem intuitivo e suave nas funções, espero que continue melhorando assim."
UNINTER,com.uninter.app,5,2025-10-17 13:28:55,A nova aparência do aplicativo ficou muito melhor!! Mais fácil de usar!!
UNINTER,com.uninter.app,2,2025-10-17 13:20:54,"Atualizou, ficou mais bonito e só isso mesmo pq de resto conseguiu ficar ainda pior do que era. Nada funciona como deveria."
UNINTER,com.uninter.app,5,2025-10-17 11:08:04,adorei a nova atualização. interface mais limpa e intuitiva. agora é só repaginar o site pra mesma estética
UNINTER,com.uninter.app,5,2025-10-17 03:56:06,"O novo aplicativo ficou incrível! Acho que só faltou o login persistente, porque ninguém merece ter que ficar preenchendo os dados a cada login. Fora isso, não achei nenhum outro defeito até agora! Ficou moderno, funcional, implementaram funcionalidades que antes só dava pra acessar via PC. E a organização das pendências com o prazo na tela inicial e por ordem do prazo menor vai ajudar muito na organização dos estudos. Estão de parabéns!"
UNINTER,com.uninter.app,5,2025-10-17 03:11:07,"Ficou excelente!! Da pra fazer tudo por lá, ficou bem intuitivo também! Parabéns!"
UNINTER,com.uninter.app,5,2025-10-17 00:42:02,"Fizeram uma excelente atualização, porque antes era horrível. Agora parece outro, fácil de mexer e rápido. Apenas precisa dar mais fluidez quando acessa as rotas de aprendizagens das aulas, deixar elas mais integradas com o app. Parabéns por ouvir os usuários."
UNINTER,com.uninter.app,5,2025-10-17 00:02:40,Agora sim o aplicativo está muito bom 10/10
UNINTER,com.uninter.app,5,2025-10-16 23:32:41,"Ficou ótima essa nova atualização, limpa, intuitiva, organizada. Amei a versão escura, muito linda, Parabéns!!!"
UNINTER,com.uninter.app,4,2025-10-16 21:05:45,"Com a atualização do aplicativo, mudei de opinião. A princípio está melhor. Gostei da parte biblioteca."
UNINTER,com.uninter.app,5,2025-10-16 18:39:29,"Gostei do novo visual do app, fácil e ágil para encontrar os serviços e outras informações."
UNINTER,com.uninter.app,2,2025-10-09 16:22:02,"Não consigo acessar pelo aplicativo no Android, não carrega de jeito nenhum, não sei o que está acontecendo, só consigo estudar em casa."
UNINTER,com.uninter.app,1,2025-10-06 12:52:48,"péssimo atendimento, todos os atendentes são mau educados, aí tudo certo, SÓ QUE NINGUÉM RESOLVE SEU PROBLEMA!!!!"
UNINTER,com.uninter.app,5,2025-10-05 21:34:15,"App funciona bem, fácil de utilizar, fácil acesso às notas."
UNINTER,com.uninter.app,5,2025-09-30 16:19:51,"Aplicativo abre e funciona super bem no meu celular, até o momento não tenho nenhuma reclamação."
UNINTER,com.uninter.app,1,2025-09-23 15:10:40,"Programa nada intuitivo, não grava onde você parou de estudar, não vemos o progresso. PÉSSIMO!"
UNINTER,com.uninter.app,1,2025-09-20 15:49:40,"diz que eu dispositivo não é mais compatível com o app, mas como um simples app de instituição não é compatível, tenho um galaxy a13"
UNINTER,com.uninter.app,5,2025-09-18 08:21:38,"a opção de calendário não abre, clico nela e não acontece nada"
UNINTER,com.uninter.app,1,2025-09-16 14:12:13,"Fiz minha transferência de faculdade e estou desde então tentando instalar o APP e recebo a resposta que essa versão não está disponível para o meu dispositivo e o detalhe é que tentei em mais outros 5 e todos deram o mesmo problema. Estou aqui na linha há 20 minutos tentando contato com a área acadêmica pra onde fui transferida sem sucesso. Tenho todos os aplicativos instalados no celular como bancos, minha faculdade atual e etc... Nunca tive problema pra instalar nada. Enfim... Sem resposta."
UNINTER,com.uninter.app,5,2025-09-12 02:15:53,"Estou gostando bastante da universidade, do conteúdo e da facilidade em acessar serviços, ver notas, datas de provas e atendimento ao aluno, professores de exatas bastante dedicados particularmente gosto desse design do aplicativo."
UNINTER,com.uninter.app,5,2025-09-03 16:32:07,"Eu estou anda patinando com a informação porque estou pesquisando em teste, mas seu que tudo vai bem com o tempo alcançar meus objetivos."
UNINTER,com.uninter.app,5,2025-08-30 14:57:34,"ótima plataforma, completa!"
UNINTER,com.uninter.app,1,2025-08-29 11:40:23,"Meu aplicativo não funciona, eu já instalei e desinstalei, já atualizei e simplesmente não funciona. Ele não faz nem login, os dados ficam carregando e aparece uma mensagem ""ocorreu um erro"". Ajustem isso Uninter."
UNINTER,com.uninter.app,5,2025-08-19 18:15:36,A Uninter é muito bem organizada. Seu aplicativo é muito útil e fácil de usar. E o site é ótimo tb.
UNINTER,com.uninter.app,1,2025-08-18 14:52:26,"Ultrapassado, precisa urgentemente ser otimizado, é melhor acessar o univirtus pelo navegador, pois pelo aplicativo é horrível..."
UNINTER,com.uninter.app,1,2025-08-12 13:38:43,"O app é bem bugado, por isso eu acesso o portal pelo Google Chrome e estudo por lá."
UNINTER,com.uninter.app,1,2025-08-07 10:21:50,a funcionalidade do aplicativo está péssima toda vez que atualiza piora. não consigo se quer acessar o financeiro para fazer o pagamento. detalhes chatos e corriqueiros.
UNINTER,com.uninter.app,1,2025-08-06 22:56:11,"Se você respira o login cai. O AVA é muito mal otimizado e essa é a pior experiência de uso: ter que logar no mesmo computador de um dia pro outro... uma universidade que ensina boas práticas de desenvolvimento com essa falha é inadmissível, beira o absurdo. O atendimento também é horrível na minha região. Enfim, só queria dizer que detesto a plataforma web por causa desse erro grotesco."
UNINTER,com.uninter.app,2,2025-08-03 18:28:10,"App não é desenvolvido para usar em Tablet! Não é nem um pouco intuitivo e não é possível fazer o download das vídeos aulas para assistir e estudar durante as viagens. A solução é utilizar o navegador, e adaptar as configurações para PC no Tablet (altera o layout da página) que não é uma das melhores opções."
UNINTER,com.uninter.app,3,2025-07-19 19:43:49,"poderia ser mais completo , igual a versão PC"
UNINTER,com.uninter.app,5,2025-07-17 13:39:04,"muito bom, até agora só falta eu passar nas avaliações. kkkkk! 🤎🏼💞"
UNINTER,com.uninter.app,5,2025-07-16 22:34:16,"Bom, mas no celular e no tablet não aparece as aulas já assistidas, no computador consigo visualizar o que eu já assisti, no celular e tablet não, aí fico meio confusa se já assisti ou não"
UNINTER,com.uninter.app,2,2025-07-10 21:05:30,"O aplicativo possui as funções mais básicas q podemos esperar. É possível quase q unicamente acompanhar as matérias em andamento, mas msm assim p/ realmente acessar o conteúdo o app te manda para o site. P/ quem estuda no celular isso atrapalha muito. Como uma universidade com muitos cursos EAD, deveriam dar uma atenção maior a esse aplicativo, por favor!! Ajudaria muito se todo o conteúdo e opções fossem integrados ao ap"
UNINTER,com.uninter.app,1,2025-07-09 00:28:57,"Instituição perigosa! Em 99% das matérias fechei com nota 100, mas olhando no desempenho acadêmico tem nota 60, 78, 87... Tem até nota de trabalho que tirei total e nem lançaram a nota!"
UNINTER,com.uninter.app,1,2025-07-08 22:54:00,"não sai da página de logar, ainda nao consegui acessar ao app realmente..."
UNINTER,com.uninter.app,5,2025-07-07 20:21:13,Excelente app. Simples e objetivo.
UNINTER,com.uninter.app,3,2025-07-01 14:58:39,depois da última atualização está com bugs um deles que as apols está dizendo que só com supervisão e as matérias finalizadas estão aparecendo na tela inicial
UNINTER,com.uninter.app,5,2025-06-27 16:36:51,melhor universidade do país não tenho que reclamar
UNINTER,com.uninter.app,1,2025-06-18 21:19:04,"Gostaria muito de voltar para a Uninter, mas o App e Site são um fator que desmotiva. O App redireciona para a Web, perdendo toda a praticidade que deveria ter em poder acessar as aulas sem precisar do navegador. Porque é ruim? Navegador para celular não fica configurado igual quando acessa pelo PC. Não tem todas as opções e menus na tela. Uninter como um Centro Universitário grande, consolidado, deveria ter melhorado a muito tempo seu App e Site."
UNINTER,com.uninter.app,1,2025-06-13 17:22:36,"App lento, não abre nada direito, inútil."
UNINTER,com.uninter.app,5,2025-06-13 13:40:46,amoo uninter... melhor faculdade particular...
UNINTER,com.uninter.app,5,2025-06-13 01:26:38,Excelente aplicativo!
UNINTER,com.uninter.app,5,2025-06-10 19:59:57,"App muito bom, dá pra ter acesso as aulas, materiais e atividades. adorei!"
UNINTER,com.uninter.app,1,2025-06-09 05:23:12,bugado é pouco para esse app
UNINTER,com.uninter.app,5,2025-06-07 12:55:53,a melhor faculdade app é otimo
UNINTER,com.uninter.app,1,2025-06-05 03:12:14,"O Aplicativo é MUITO ruim, por favor, atualizem ele, reformulem tudo que for possível. layout muito antigo e nada funciona nele. Uma pena!! Eu tô amando a Uninter, mas desanima mexer no aplicativo e no site. Infelizmente está desatualizado e antigo."
UNINTER,com.uninter.app,1,2025-06-01 21:54:06,os vídeos no app não estão funcionando! só consigo assitir pelo computador
UNINTER,com.uninter.app,5,2025-05-26 16:35:33,"Comecei minha graduação em Biomedicina e o app é muito bom e fácil. O Site é meio complexo de primeira, mas assistindo os tutoriais e o modo de uso é bem tranquilo. Tem tudo nele."
UNINTER,com.uninter.app,5,2025-05-21 22:55:35,"app mó bom, pessoal que não sabe mexer kkkkkkk"
UNINTER,com.uninter.app,5,2025-05-11 22:43:15,aplicativo está de parabéns
UNINTER,com.uninter.app,5,2025-05-08 01:44:03,Poderiam melhorar a interface!
UNINTER,com.uninter.app,2,2025-04-28 18:18:55,"a usabilidade dele é complexa, não tem um visual organizado e várias abas sem funcionalidade."
UNINTER,com.uninter.app,5,2025-04-24 21:32:26,App simples e intuitivo.
UNINTER,com.uninter.app,1,2025-04-24 14:48:11,tão ruim que nem login consigo fzr.
UNINTER,com.uninter.app,3,2025-04-24 12:19:51,Aplicativo travando muito. E olha que meu celular é um S22 ultra.
UNINTER,com.uninter.app,5,2025-04-24 11:02:34,Aplicativo rapido e prático. Muito bem organizado. Parabéns!
UNINTER,com.uninter.app,5,2025-04-18 14:33:35,Baixei somente para utilizar a carteira do estudante e funcionou muito bem
UNINTER,com.uninter.app,1,2025-04-10 13:39:55,"depois de alguns anos voltei pra fazer mais uma graduação, e reafirmo que nunca vi um site e aplicativo tão complexo, cheio de Novas abas e janelas, é muita poluição visual, poderia ser mais simples, as aulas, PDF, livros, avaliação, e outras coisas poderiam ser tudo junto ali dentro do próprio módulo ou fase, igual fazem alguns sites de concurso público por exemplo. Ai temos que ficar entrando, saindo, abrindo outra aba, etc. se torna muito trabalhoso. por isso que muitos odeiam EAD."
UNINTER,com.uninter.app,5,2025-04-08 14:50:31,ótimo empenho explicativo.
UNINTER,com.uninter.app,3,2025-04-08 14:11:27,"particularmente acho o aplicativo ótimo e muito útil, mas gostaria de deixar um feedback: a interface é muito ultrapassada, recomendaria muito investir em um designer para fazer uma nova interface mais moderna, porque afeta muito na visão da gente sobre a faculdade. O lobby do app parece muito amador para uma faculdade com cursos de tecnologia. Espero que mudem isso, melhoraria a experiência de muita gente."
UNINTER,com.uninter.app,2,2025-04-08 02:04:02,"o App é precisa de atualizações para que fique com uma navegação mais objetiva e fácil. o design também é algo que incomoda bastante. não está otimizado para o celular,ficando mais acessível para o PC."
UNINTER,com.uninter.app,5,2025-04-07 22:06:54,"Aplicativo muito bom!! Consigo assistir minhas aulas, ver as atividades e fazer as atividades. Ajuda muito, pois é prático e rápido. Parabéns!!"
UNINTER,com.uninter.app,1,2025-04-07 09:03:57,Bom dia ! Alerta para o Desenvolvedor do APP ! Está Dando Erro no App ! Procure Corrigir !
UNINTER,com.uninter.app,2,2025-04-04 19:16:09,"os vídeos aulas deveria ter a opção de escolher a velocidade do vídeo, mas tipo de 1.25 vai pra 1.50 concerte isso"
UNINTER,com.uninter.app,3,2025-03-31 03:51:11,"Ótima plataforma de ensino superior, possui várias disponibilidades para aprendizagem no celular e é de fácil manuseio. Porém, a interface do usuário e o design não é tão agradável, pois ainda existem certas funções que não são totalmente disponíveis para mobile, que geralmente causam bugs, te levam para o navegador ao invés do acesso no próprio aplicativo e não são tão responsivos com diferentes telas. Mas ainda assim cumprem com o objetivo, que é promover o ensino de uma maneira fácil."
UNINTER,com.uninter.app,2,2025-03-24 01:04:26,Não atualizam o App recorrentemente e o app liberi não funciona. Lamentável! 🤦🏾‍♂️
UNINTER,com.uninter.app,1,2025-03-18 00:42:28,"Meu aplicativo apenas não funciona, fica apresentando ""Bad request"" detalhe a senha e o RU (registro usuário) são os mesmo que uso no site, copio e colo."
UNINTER,com.uninter.app,5,2025-03-09 03:12:57,"Ótimo app,fácil de mecher e bem intuito."
UNINTER,com.uninter.app,1,2025-03-06 20:53:57,Nunca vi um aplicativo tão ruim. Simplesmente não consegui nem abrir
UNINTER,com.uninter.app,5,2025-03-04 00:00:42,Para mim tá tudo bem mostra a carteirinha de identificação o resto eu vejo no PC
UNINTER,com.uninter.app,1,2025-03-03 22:04:30,Está muito desatualizado em comparação com os demais APP das demais instituição de ensino.
UNINTER,com.uninter.app,1,2025-02-28 01:13:33,"23/07/24.Impossível obter informações das disciplinas por este App. Informações omitidas, as vezes diferente do Chrome. Perdi aulas !!!! 27/02/25. Novamente fui olhar pois só uso o site e o app continua igual! Inútil."
UNINTER,com.uninter.app,3,2025-02-21 05:22:57,O aplicativo tem que melhorar
UNINTER,com.uninter.app,1,2025-02-18 19:58:51,"Ruim, não carrega direito."
UNINTER,com.uninter.app,1,2025-02-13 02:42:47,"Aplicativo mal otimizado para uso no tablet. Por que é necessário abrir o navegador externo ao app para assistir aos conteúdos da faculdade? A propósito, uso o Samsung Internet no tablet e não aparecem os botões de fazer o download dos materiais (leia-se apostilas em PDF e vídeo e áudio das videoaulas das disciplinas)."
UNINTER,com.uninter.app,3,2025-02-12 22:29:25,"O app em si é até razoavel, facil de mexer e bem intuitivo. mas as lives travam exageradamente :("
UNINTER,com.uninter.app,3,2025-02-11 02:52:34,Sempre dá um erro ao abrir o link UV que creio ser do ambiente AVA do univirtus. Faz mais de 6 meses erro.
UNINTER,com.uninter.app,5,2025-02-09 00:35:32,👍 nota 10 aplicativo da escola uniter Funciona mesmo
UNINTER,com.uninter.app,5,2025-02-08 14:14:24,Sou aluno da UNINTER e sem sombra de dúvidas o CMA é um suporte maravilhoso e muito eficaz. Retiram todas suas dúvidas e isso era o que eu buscava em uma universidade. Parabéns 🎉 UNINTER.
UNINTER,com.uninter.app,5,2025-01-27 20:19:02,o que dizer é ótimo.
UNINTER,com.uninter.app,3,2025-01-27 16:19:37,"Carteira estudantil está apresentando problema. Os dados: do aluno, do curso, do campus e validade está aparecendo a mensagem como ""não disponível"". Já loguei e desloguei do app e continua o mesmo problema."
UNINTER,com.uninter.app,5,2025-01-22 13:11:20,"Perfeito... Na medida. Links diretos às bibliotecas, navegação fácil."
UNINTER,com.uninter.app,1,2025-01-20 20:43:05,"Tanto o site quanto o aplicativo não estão funcionando em fim desistir de fazer a inscrição, prefiro pagar mais caro em algum lugar mais confiável."
UNINTER,com.uninter.app,1,2025-01-19 15:46:24,"Acabei de instalar; loguei e cliquei em Univirtus; demorou um pouco mas abriu a pagina do curso. Cliquei e fui direcionado para as disciplinas; ate ai tudo certo. Ao escolher a disciplina, abriu a s aulas, mas ai ao clicar na aula 1 abriu direto no navegador (chrome), saindo do ambiente do App. Se for para estudar pelo navegador no celular, nao precisa de App! Eu fazia AMPLI e o App era de fato um App; nao direcionava para o navegador. O AVA UNIVIRTUS é bom, completo. Mas o App nao é de fato App"
UNINTER,com.uninter.app,2,2025-01-08 04:06:02,A tela do aplicativo fica bugada quando vai ver os códigos de barra para pagar boletos
UNINTER,com.uninter.app,5,2025-01-06 16:25:53,"É um excelente App, atende muito bem no que foi proposto."
UNINTER,com.uninter.app,1,2024-12-27 23:17:28,A maioria das vídeo aulas não abrem.
UNINTER,com.uninter.app,1,2024-12-21 13:53:40,"Responsividade nota 0, faz favor de arrumar a parte de negociação de boleto, não consigo fazer pelo celular, quando seleciono a opção é aberto um modal para confirmar, esse modal está cortado e não consigo clicar em sim"
UNINTER,com.uninter.app,1,2024-12-17 22:23:22,"Aplicativo mal otimizado, depende de navegador externo, ao entrar nas aulas os botões são mal elaborados, o estudante tem que ficar adivinhando onde clicar porque não é intuitivo. Lamentável a Uninter, que é uma instituição rica, disponibilizar um app assim pros seus alunos. E é terrível notar que existem comentários de alunos reclamando do app EM 2019 e até agora nada foi feito? Como assim? Espero que a Uninter entenda que isso é um desrespeito com o aluno que paga muito caro."
UNINTER,com.uninter.app,1,2024-12-15 19:34:39,Aplicativo muito desatualizado e com design antigo.
UNINTER,com.uninter.app,5,2024-11-26 21:34:07,"Aplicativo bem intuitivo, muito bom e leve."
UNINTER,com.uninter.app,1,2024-11-19 17:13:53,Horrível nada funcional
UNINTER,com.uninter.app,5,2024-11-19 11:40:05,tem que limpar a lixeira do meu celular para funcionar bem
UNINTER,com.uninter.app,1,2024-10-21 23:03:51,"Hoje dia 21/10/2024 aula inaugural já travando, vim ver os comentários agora desesperei, são dois anos, será assim direto?"
UNINTER,com.uninter.app,3,2024-10-21 14:04:11,A carteirinha de estudante no meu aplicativo não quer aparecer as horas 😔
UNINTER,com.uninter.app,1,2024-10-18 14:49:09,"Já era pouco funcional, e agora nem abre mais no meu telefone, uma pena a faculdade ser tão boa e estar se queimando a reputação com esse App que na minha opinião era melhor nem ter ele, pois não ajuda em nada os alunos."
UNINTER,com.uninter.app,1,2024-10-17 01:03:59,"Sou aluno de psicanálise na instituição e realmente é lamentável um app desse pra uma instituição de ensino superior como a Uninter, app péssimo, ultrapassado, sem atrativos, parece que estou no antigo Facebook 🤦🏾‍♂️..."
UNINTER,com.uninter.app,1,2024-10-12 08:24:48,Precisa melhorar muito! E já passou da hora!
UNINTER,com.uninter.app,1,2024-10-06 00:34:33,"A faculdade é boa, mas o app é horrível, tem botões que não servem para nada, e poderia ter um design melhor, não consigo fazer o pagamento."
UNINTER,com.uninter.app,1,2024-10-03 02:52:53,Não consigo acessar.
UNINTER,com.uninter.app,2,2024-09-28 18:25:46,"Como que uma faculdade EAD renomeada tem um aplicativo defasado assim... Melhoras, Uninter, melhoras."
UNINTER,com.uninter.app,3,2024-09-26 19:11:07,"Seria muito bom se colocasse a opção de voltar e passar 10s nas vídeos aulas, igual tem em outras plataformas, facilitaria muito, pois as vezes perdemos algo que o professor falou e pra voltar fica muito difícil. Outra coisa interessante a se fazer seria abrir uma nova aba sempre que clicar em uma vídeo aula e não abrir essa nova aba onde já tinha aberto outra vídeo aula. Não é possível abrir novas abas na Univirtus, apenas uma e isso é ruim"
UNINTER,com.uninter.app,5,2024-09-22 14:50:39,Um ótimo aplicativo!
UNINTER,com.uninter.app,1,2024-09-17 13:59:11,"Aplicativo defasado, o ensino dos professores da Uninter é ótimo, mas a plataforma mobile deixa a desejar."
UNINTER,com.uninter.app,1,2024-09-15 01:04:11,"Não estou conseguindo acessar, aparece mensagem dizendo para contatar o suporte."
UNINTER,com.uninter.app,5,2024-09-11 14:41:33,Atendimento maravilhoso
UNINTER,com.uninter.app,2,2024-09-11 09:53:41,"App não funciona direito. Os vídeos das disciplinas não carregam e a tela de financeiro está desconfigurada, de modo que não é possível baixar o boleto para pagamento."
UNINTER,com.uninter.app,1,2024-09-10 10:07:49,"Após clicar na rota de aprendizagem o APP abre o navegador, apresentando uma tela vazia. Troquei o navegador de Samsung para Chrome, porém não adiantou. Me ajudem!!!"
UNINTER,com.uninter.app,1,2024-09-10 00:27:29,"Horrivel, com esta nova atualização não está aparecendo a carteira de estudante por completo. Esta faltando a data de validade e com a logo da instituição em branco."
UNINTER,com.uninter.app,1,2024-09-09 22:25:52,Estava abrindo todo o conteúdo de estudo e não abre mais mesmo liberando todas as permissões
UNINTER,com.uninter.app,3,2024-09-08 19:13:34,"Não estão abrindo as videoaulas no aplicativo, não consigo estudar pelo celular. Não dá pra acessar o material"
UNINTER,com.uninter.app,1,2024-09-06 11:58:46,Muito lento. Não abre o link da aula. Experiência ruim
UNINTER,com.uninter.app,1,2024-09-04 18:31:24,"Chega a ser uma ofensa e falta de respeito ao aluno/consumidor uma instituição renomada e consolidada no sistema de ensino EAD ofertar um app tão ultrapassado e sem funcionalidades. Aos alunos, eu recomendaria não ocuparem a memória dos seus aparelhos baixando algo inútil. Uninter, invista no desenvolvimento de suas plataformas digitais que por sinal a versão web também deixa muito a desejar."
UNINTER,com.uninter.app,4,2024-09-03 16:31:39,Tá na hora de aperfeiçoar os recursos disponíveis. Melhorar o performance do aplicativo e torná-lo mais abrangente principalmente no acesso aos conteúdos que impedem o uso pelo celular.
UNINTER,com.uninter.app,1,2024-09-03 08:16:51,"O app é horrível, trava, é lento, toda hora tem bug, eu perdir minha aula pq não funcionava o app, por mais que seja um pouco melhor usar pelo navegador, vc precisam fazer melhoria, usem a IA em favor de vocês"
UNINTER,com.uninter.app,5,2024-09-01 10:19:30,"Cursei Pós Graduaçao na UNINTER, curso excelente, conteúdo nota 10. Além disso, o pessoal é super atencioso, material didático de primeira, sempre disponivel."
UNINTER,com.uninter.app,3,2024-08-28 20:07:16,Não consigo acessar mais com minha senha 😞
UNINTER,com.uninter.app,5,2024-08-20 15:41:46,"Tá dizendo foi bugado, mas eu gosto deste APP muito bom 👍"
UNINTER,com.uninter.app,1,2024-08-19 14:24:41,Tá bem ruim não entra em ND
UNINTER,com.uninter.app,2,2024-08-10 01:33:14,"Comparado ao cenário atual moderno onde tudo é utilizado através da IA, com visuais atrativos, mais organizado e adaptado pra plataforma mobile, minha nota pra esse app é 2/5. Acho uma falta de respeito com quem é aluno da instituição. Terem o nome que tem no mercado de educação e oferecem um app tão ultrapassado como esse. Entre ter ele instalado no celular e ter a versão do site no navegador, é melhor ficar com a versão do navegador mesmo. O app é praticamente abandonado."
UNINTER,com.uninter.app,5,2024-08-08 03:27:55,Muito bom estudo por aqui
UNINTER,com.uninter.app,1,2024-08-01 01:52:15,"O APP é bem ruim, não carregar as aulas ao vivo, não consigo nem gera código de pagamento"
UNINTER,com.uninter.app,2,2024-07-30 20:08:26,Acredito que o aplicativo precisa de muitas melhorias no geral
UNINTER,com.uninter.app,1,2024-07-29 23:00:17,Péssimo processo de atendimento.
UNINTER,com.uninter.app,1,2024-07-24 18:34:48,"O aplicativo é muito ruim. Já instalei 2x, mas ele não funciona direito."
UNINTER,com.uninter.app,3,2024-07-23 16:57:23,"Não é tão completo nem funcional como o site. Não consigo abrir textos, não consigo ver anexos."
UNINTER,com.uninter.app,4,2024-07-18 21:48:40,Da pra usar essa carteirinha para pagar meia entrada?
UNINTER,com.uninter.app,1,2024-07-03 18:40:07,"Não baixem, usem o site, o aplicativo é completamente disfuncional, o ava só funciona no site"
UNINTER,com.uninter.app,1,2024-06-29 15:08:23,"Além dos problemas comentados aqui, destaco que a carteirinha digital não funciona. Clico nela e fica em branco. Ruim."
UNINTER,com.uninter.app,3,2024-06-25 23:46:18,Poderia enviar ou sinalizar melhor as novos informativos
UNINTER,com.uninter.app,1,2024-06-21 20:54:33,Péssimo. Não consegui nem logar...
UNINTER,com.uninter.app,1,2024-06-19 12:05:05,"A escola é muito boa e o suporte deles tbm, mais o app trava e falha muito, se resolver isso fica perfeito."
UNINTER,com.uninter.app,1,2024-06-17 22:46:30,"App desatualizado, matéria não entra, prova impossível de fazer, maisss os boletos de fácil acesso"
UNINTER,com.uninter.app,5,2024-06-17 21:59:02,A plataforma e o aplicativo uninter é simplesmente muito bom e intuitivo além dos conteúdos bem elaborado parabéns mesmo a todos os envolvidos que sempre trazem atualizações e conteúdos bem qualificados que simplifica o acesso e os estudos e o grupo uninter Itu estão de parabéns pelo suporte e atenção com os alunos e dedicação também.
UNINTER,com.uninter.app,1,2024-06-14 11:15:33,"Ele é muito ruim msm. Não se consegue fazer nada pelo aplicativo, ele não tem a aula propriamente dito , no aplicativo, tudo te direciona para o web site, fazendo vc perder muito tempo pra resolver qualquer coisa com ele.. muito decepcionante esse aplicativo. Não condiz com a qualidade das disciplinas."
UNINTER,com.uninter.app,4,2024-06-10 20:23:05,"O app não é tão seguro quanto o site, por isso não tem muitas funcionalidades. Utilizo ele apenas para consulta de datas, prazos e avaliações."
UNINTER,com.uninter.app,1,2024-06-09 21:59:47,"bem ruim. O mínimo que o app poderia fazer é comunicar informações sobre provas e trabalhos, mas não há uma área de ""trabalhos"" no mobile e não é informado quando a prova é presencial. Esses dois pontos já me prejudicaram quanto ao desempenho no curso. Não recomendo que baixem, usem apenas ava pelo site (que também é contraintuitivo, precisa redobrar a atenção para não perder nada)"
UNINTER,com.uninter.app,2,2024-06-06 13:26:03,Abre e fecha sozinho logo em seguida
UNINTER,com.uninter.app,1,2024-05-25 23:58:32,"Péssimo app, infelizmente não cumpri oq fala, não sai da página. Pior app da Uninter, Quem não tem notebook e depende de app caiu numa fria. Não recomendo mesmo esse app."
UNINTER,com.uninter.app,4,2024-05-23 12:18:05,Ótima experiência de aprendizado atravéz deste.
UNINTER,com.uninter.app,2,2024-05-20 10:18:04,"Estou avaliando apenas o app e não o curso. É um app com o layout muito defasado e ultrapassado, não possuí muitas funcionalidades importantes como o site, é muito desorganizado, não te notifica quando você está em período de avaliação e toda situação que você precisa resolver como por exemplo pagar a mensalidade com o desconto da bolsa, chamar o suporte, fazer uma avaliação ou acessar a biblioteca virtual, o app te redireciona para o site, o que faz a gente questionar o por que de usar o app."
UNINTER,com.uninter.app,2,2024-05-17 03:11:38,"Preciso começar um estágio e fica dando estágio obrigatório não disponível , na página ."
UNINTER,com.uninter.app,1,2024-05-17 02:42:17,"É bem ruim e frustante, desatualizado, melhor abrir pelo navegador (no qual também não é dos melhores)"
UNINTER,com.uninter.app,5,2024-05-16 23:56:37,"Funcionando certinho. Leve e prático. Agora, se o seu celular estiver com pouca memória ou for muito antigo, qualquer aplicativo dá erro."
UNINTER,com.uninter.app,5,2024-05-14 18:27:23,"Aplicativo sempre funcionou muito bem, sempre me satisfaz!"
UNINTER,com.uninter.app,5,2024-05-14 18:19:29,Para mim um ótimo app sempre funcionou muito bem
UNINTER,com.uninter.app,3,2024-05-10 22:53:51,Infelizmente muito ruim
UNINTER,com.uninter.app,1,2024-05-08 21:55:25,Péssimo atendimento Não indico a ninguém
UNINTER,com.uninter.app,3,2024-05-02 17:29:23,"Olá, sou um novo aluno da uninter, porém o APP da instituição não funciona muito bem no meu aparelho, sempre dá um problema de bug ou travando e um dos livros das disciplinas não está disponível no Liberi."
UNINTER,com.uninter.app,2,2024-04-25 23:00:22,"App bem fraquinho. Vários problemas, dentre eles, não aparecem os trabalhos, apenas APOL e avaliações. Trava bastante também."
UNINTER,com.uninter.app,1,2024-04-22 18:52:29,"Aplicativo ruim e pesado, os vídeos não rodam ."
UNINTER,com.uninter.app,1,2024-04-19 20:13:23,"App não funciona como esperado! Faço tudo pelo computador, do contrário, perco tempo e passo raiva!"
UNINTER,com.uninter.app,5,2024-04-16 16:50:28,Até agora estou gostando
UNINTER,com.uninter.app,1,2024-04-05 14:41:09,"Infelizmente, não consigo abrir com minha Internet e Wi-Fi residencial as aulas ao vivo, ou mesmo gravadas neste aplicativo. imagina se precisasse usá-lo na rua, com meus dados móveis de celular, simplesmente seria inviável. Acho que teriam que criar um aplicativo mais inclusivo e que facilitasse o acesso a plataforma por mobile. Espero que a turma de TI consiga um dia."
UNINTER,com.uninter.app,5,2024-04-03 00:00:13,Facilita o estudo...muito bom
UNINTER,com.uninter.app,1,2024-04-01 23:24:14,"Péssimo aplicativo, não funciona nas novas versões do Android."
UNINTER,com.uninter.app,3,2024-03-27 15:14:05,"Otima universidade, reconhecida, otimos professores e otima didatica, achei muito organizada, porem, o aplicativo nao tem muitos recursos, ja na web o acesso é bem melhor."
UNINTER,com.uninter.app,1,2024-03-25 15:13:06,"O ava nem abre, só da erro e volta para o menu principal"
UNINTER,com.uninter.app,2,2024-03-21 13:40:26,"Aplicativo deixa muito a desejar poucas funcionalidades e as que tem não funcionam muito bem. Poderiam melhorar muito pra ficar melhor para os alunos, quando isso acontece posso voltar aqui e reavaliar o Aplicativo. Obrigado"
UNINTER,com.uninter.app,1,2024-03-14 18:26:25,"O APP é péssimo, não dá pra assistir aula nele, ele te redireciona pro Google e porque não abre no APP mesmo? Quem fez esse aplicativo, tá de parabéns pela má vontade."
UNINTER,com.uninter.app,1,2024-03-08 20:59:41,"O aplicativo é bem limitado, não tem como ver as vídeos aulas por ele, eu acredito que tinham que melhorar muita coisa ainda!"
UNINTER,com.uninter.app,5,2024-03-05 16:09:05,"Gostei muito do app ainda mais que fica no ponto que eu parei a aula, caso queira continuar depois. Muito bem organizado, recomendo!"
UNINTER,com.uninter.app,5,2024-02-29 20:59:13,Muito boa. Experiência bacana.
UNINTER,com.uninter.app,1,2024-02-28 12:28:38,"Pouco funcional e limitado. Deveria proporcionar praticidade, mas utilizo o ava pelo computador que é muito melhor."
UNINTER,com.uninter.app,1,2024-02-27 19:49:22,A faculdade é boa ..mas o APP deixa muito a desejar
UNINTER,com.uninter.app,5,2024-02-24 18:56:14,Muito bom e prático.
UNINTER,com.uninter.app,1,2024-02-24 00:56:24,"Está sendo horrível a experiência com app..trava direto, lento e nada prático..precisa melhora muito os recursos e otimizar suas funções. Em suma, façam suas atividades pelo ava em um computador, enquanto o app não seja de fato funcional."
UNINTER,com.uninter.app,2,2024-02-21 23:53:38,"O aplicativo no tablet da alguns bugs, não abre os vídeos, espero que venha uma atualização"
UNINTER,com.uninter.app,1,2024-02-20 14:45:14,Crasha muito e possui instabilidade em algumas situações como boletos e aulas.
UNINTER,com.uninter.app,2,2024-02-13 15:29:06,Já tem um tempo que nada além da parte financeira funciona! Sempre dando erro! Além disso sempre achei muito limitado o que é oferecido no app.
UNINTER,com.uninter.app,5,2024-02-12 22:32:35,Melhor EAD do mundo.
UNINTER,com.uninter.app,1,2024-02-07 09:00:33,"Realmente uma falta de respeito com os alunos, o app é horrível, nada funciona, como o chat nos vídeos ao vivo simplesmente não aparece!"
UNINTER,com.uninter.app,1,2024-01-23 00:25:36,"Esse aplicativo é um lixo, nada nele funciona. Uma vergonha!"
UNINTER,com.uninter.app,1,2024-01-11 20:17:44,"Faculdade excelente,mas o aplicativo deixa muito a desejar. Não tô mais nem conseguindo baixar o plano de ensino."
UNINTER,com.uninter.app,1,2024-01-11 01:58:05,"Já é difícil entrar em contato com a universidade, aí atualizaram um aplicativo totalmente das antigas pra pior. Simplesmente não entra mais meu RU e no meu polo só disseram que é erro do aplicativo e me disseram para entrar pela internet, mas e se eu não tenho notebook como vou assistir as aulas?"
UNINTER,com.uninter.app,1,2024-01-10 21:44:56,"Amo a faculdade e ótima, mas esse aplicativo deixa a desejar. A única coisa que funciona e a carteirinha digital, porque o resto tá horrível, por ser uma universidade EAD deveria ser melhor esse app, ter mais funcionalidades."
UNINTER,com.uninter.app,2,2024-01-01 05:34:16,"Não sei se atualizou, mas não há meio de acessar os conteúdos."
UNINTER,com.uninter.app,1,2023-12-31 22:32:49,"A única coisa que dá pra acessar nele é a carteirinha. No mais, não abre nada, não consta nada."
UNINTER,com.uninter.app,1,2023-12-27 11:21:12,O maior erro da minha vida
UNINTER,com.uninter.app,2,2023-12-19 17:49:16,"Está muito ruim,dando erro toda hora"
UNINTER,com.uninter.app,3,2023-12-18 22:11:11,"Não consigo baixar os materiais no meu Tablet. Apenas no celular, notei que esse problema vem desde 2019 e estamos em 2023 e isso ainda não foi resolvido. Se o APP é um instrumento para os estudos isso deveria rodar perfeitamente e quando houvesse algum problema deveria ser resolvido."
UNINTER,com.uninter.app,1,2023-12-12 01:09:41,"Os vídeos abrem pelo navegador e demora uma eternidade para carregar...perde mais tempo esperando carregar, do que vendo aula..."
UNINTER,com.uninter.app,1,2023-12-09 21:15:40,"No momento diz que Usuário ou senha estão inválidos; sendo que acesso normalmente pelo navegador. Esse app é completamente desnecessário, tem funções limitadas - isso quando funciona."
UNINTER,com.uninter.app,1,2023-12-05 00:52:30,O app simplesmente não é funcional. Não dá pra acessar corretamente as aulas. Não dá pra acessar os boletos. A única coisa que funciona é a carteira de estudante. O restante é inútil através do app.
UNINTER,com.uninter.app,1,2023-12-03 16:30:01,"App bem feio, confuso e com poucos recursos. Uma faculdade desse porte como a Uninter está merecendo um app e plataforma web melhor, mais modernos e intuitivos."
UNINTER,com.uninter.app,3,2023-11-27 14:31:13,"O ensino da Uninter é maravilhoso. O portal é ótimo, mas o aplicativo deixa muito a desejar. Várias áreas não podem ser acessadas, como a parte de desempenho e chat."
UNINTER,com.uninter.app,2,2023-11-24 00:31:24,"A instituição em si é maravilhosa, o problema mesmo é o app. Antes já estava um pouco complicado de usar mas agora nem entra mais no Univirtus."
UNINTER,com.uninter.app,1,2023-11-23 06:41:19,Está bugado nunca abre sempre vem a mensagem fechar o app ou aguardar
UNINTER,com.uninter.app,1,2023-11-19 03:43:21,"Acabei de me matricular no curso de Ads e achei bem estranho o aplicativo de uma faculdade EAD não funcionar direito e ter tantas reclamações. Minha função de abrir o Ava nem funciona, quando clico recebo uma mensagem de erro e volta pro início."
UNINTER,com.uninter.app,1,2023-11-12 10:42:55,O APP dois dias fora do ar sem retorno da instituição Um APP que deixa a desejar
UNINTER,com.uninter.app,1,2023-11-07 12:57:53,Poxa tá fraquinho esse app pra uma universidade tão grande e tão boa como é a Uninter
UNINTER,com.uninter.app,1,2023-11-06 17:09:42,"Precisam melhorar o aplicativo, não é agradável baixar o aplicativo e ver os conteúdos direto no navegador, se for assim é melhor entrar pelo navegador."
UNINTER,com.uninter.app,1,2023-11-04 03:56:34,"Não estou conseguindo fazer o login no app, já desinstalei e instalei dnv e nada de conseguir entrar"
UNINTER,com.uninter.app,1,2023-11-01 20:32:12,"É vergonhoso, nem parece o aplicativo oficial de uma instituição de nome como a Uninter. Preferia ter uma carteirinha impressa que não desse vergonha de mostrar."
UNINTER,com.uninter.app,1,2023-10-31 22:14:46,"Quando tento emitir minha carteirinha, ela fica em imagem cortada e nisso, não aparece algumas informações. Eu gostaria que arrumassem isso."
UNINTER,com.uninter.app,3,2023-10-30 13:21:49,"Na parte de Carteirinha, não mostra a foto de perfil. Já tentei trocar, remover, mas contiua quebrada."
UNINTER,com.uninter.app,1,2023-10-28 02:25:50,"Única utilidade do app é a carteirinha, que no momento se encontra bugada pra mim, com uma boa parte dela cortada."
UNIASSELVI,com.uniasselvi.leonardo,5,2026-09-26 14:27:04,estou amando estudar e aprender com a Uniasselvi
UNIASSELVI,com.uniasselvi.leonardo,5,2026-09-26 03:30:31,"app é excelente para quem gosta de estudar com praticidade e sem dificuldade para acessar as disciplinas, realizar as avaliações e conhecer outros cursos."
UNIASSELVI,com.uniasselvi.leonardo,5,2026-09-25 11:37:07,"Cordialidade, atendimento de qualidade."
UNIASSELVI,com.uniasselvi.leonardo,2,2026-09-25 10:25:47,"A barra de início e término de estágio fica exatamente no lugar dos comandos do celular, dificultando muito ao abrir e encerrar o estágio. As vezes temos que fazer malabarismos pra conseguir iniciar a marcação, e aí abre 2 vezes na mesma data e horário. está barra de início e término deveria ser mais larga, para fugir dos comandos do celular, ou mesmo em outro lugar. deveria ter uma trava para evitar o mesmo estágio no mesmo dia e hora ser iniciado mais de uma vez, o que nem faz sentido!"
UNIASSELVI,com.uniasselvi.leonardo,5,2026-09-24 22:30:37,App intuitivo e eficiente para os estudos.
UNIASSELVI,com.uniasselvi.leonardo,4,2026-09-24 21:09:46,"é bom , mas a sofIA não funciona direito.."
UNIASSELVI,com.uniasselvi.leonardo,2,2026-09-24 20:25:10,"As orientações de estágio apresentam falhas de sequência que prejudicam o estudante. Por exemplo: a simples emissão do termo de compromisso já pede a carga semanal e os dias da semana em que se fará o estágio. Obrigando o aluno de licenciatura, por exemplo, a procurar o diretor da escola (em alguns casos, por diversas vezes) antes do evento da assinatura do termo em si."
UNIASSELVI,com.uniasselvi.leonardo,1,2026-09-24 14:20:50,"pra que autorizar atualização dentro do App se de qualquer forma eu tenho que vim na Playstore atualizar manualmente? Nem ao menos existe um link de direcionamento quando aperta o botão ""atualizar"" dentro do app"
UNIASSELVI,com.uniasselvi.leonardo,5,2026-09-24 11:17:34,"Prático e fácil, app completo."
UNIASSELVI,com.uniasselvi.leonardo,5,2026-09-24 05:16:53,"uma faculdade de excelência, flexível e humanizada."
UNIASSELVI,com.uniasselvi.leonardo,5,2026-09-23 22:05:33,"É muito bom o app, plataforma simples e fácil de entender e encontrar o conteúdo de cada disciplina"
UNIASSELVI,com.uniasselvi.leonardo,4,2026-09-23 22:01:38,"aplicativo bom muito intuitivo,único problema para mim é que ser estiver lendo uma trilha no app ou vendo aula gravada no app e a tela apagar quando ligo o app fechou, também tem atualizações demaaaaais"
UNIASSELVI,com.uniasselvi.leonardo,5,2026-09-23 20:20:36,gostei do aplicativo.
UNIASSELVI,com.uniasselvi.leonardo,3,2026-09-23 17:50:48,"as vezes o app é confuso , mais com a ajuda do polo, consigo entender melhor"
UNIASSELVI,com.uniasselvi.leonardo,1,2026-09-23 14:41:31,Erro ao digitar prova e notas erradas.
UNIASSELVI,com.uniasselvi.leonardo,5,2026-09-23 13:46:31,"Como trabalho durante o dia e às vezes à noite e pela minha idade 65 anos me sentia impossibilitado de poder fazer uma faculdade, porem na unisself, encontrei essa facilidade em poder fazer um curso superior que preencha os meus requisitos de trabalho, o custo de Museologia para mim é maravilhoso, pois é o que eu faço no dia a dia, e nada mais do que especializar na técnica do trabalho que eu exerço no meu trabalho. Fico muito feliz por esse curso e pela carinhosa atenção dos seus funcionários."
UNIASSELVI,com.uniasselvi.leonardo,4,2026-09-23 13:34:09,"O curso de graduação na Uniasselvi é bom, mas não estou conseguindo me adaptar à metodologia da escola. Porém, é uma questão pessoal. Nada contra a instituição de ensino . Sempre fui bem atendida tanto no polo como online."
UNIASSELVI,com.uniasselvi.leonardo,5,2026-09-23 12:50:35,"Se você for uma pessoa organizada e esforçada, se dará muito bem e é muito fácil de entender os assuntos aplicados e de como mexer no app."
UNIASSELVI,com.uniasselvi.leonardo,1,2026-09-23 01:30:38,horrível tô tentando entrar para fazer as avaliações não estou conseguindo faço reclamação não esta adiantando nada perdi a prova por não conseguir estudar matéria
UNIASSELVI,com.uniasselvi.leonardo,5,2026-09-22 21:09:50,"Ótimo app tem tudo oque vc precisa. Fácil de usar, tudo organizado."
UNIASSELVI,com.uniasselvi.leonardo,1,2026-09-22 21:03:29,o app nao te deixa confirmar um termo de adesao no MEIO do semestre. Não é bem feito.
UNIASSELVI,com.uniasselvi.leonardo,4,2026-09-22 13:29:35,"As melhorias do App tem sido muito boas, porém a retirada dos simulados das disciplinas foi uma grande perda, ajudava os alunos a se preparar para provas e também incentivava os estudos pois havia um apanhado melhor nos sorteios de questões ao longo de todos os assuntos abordados. Acho justo reconsiderar os simulados das disciplinas no App."
UNIASSELVI,com.uniasselvi.leonardo,5,2026-09-21 21:15:01,"App, excelente! Metodologia de ensino excelente!"
UNIASSELVI,com.uniasselvi.leonardo,5,2026-09-21 18:28:39,"Gostei muito do aplicativo e do sistema de ensino da Uniasselvi. Entrei em julho2026 e até agora sem reclamações, só elogios."
UNIASSELVI,com.uniasselvi.leonardo,4,2026-09-21 14:44:30,muito prático e de vacil navegação
UNIASSELVI,com.uniasselvi.leonardo,5,2026-09-21 11:07:38,"Agora depois de mais uma atualização estou por diversas vezes tentando finalizar minha avaliação e me deparo com um erro unable_to_finish e não finaliza e nem aparece minha nota, espero que não seja prejudicado. A cada atualização só piora, agora nem consigo fazer geolocalização nos estágios e nem finalizar minhas avaliações! Simplesmente horrível!!! E esse suporte entra em contato perguntando o problema e depois some sem resposta e sem resolver os problemas!"
UNIASSELVI,com.uniasselvi.leonardo,1,2026-09-21 08:53:05,"não façam nada nessa instituição, cobranças indevidas,muita falta de suporte e atendimento ao cliente, professores visivelmente despreparados pra lidar com contexto dos alunos. 🧪 horrível!"
UNIASSELVI,com.uniasselvi.leonardo,5,2026-09-21 01:09:27,"Excelente aplicativo acadêmico, bom mesmo."
UNIASSELVI,com.uniasselvi.leonardo,5,2026-09-20 20:33:32,"Perfeito, é o melhor aplicativo!"
UNIASSELVI,com.uniasselvi.leonardo,2,2026-09-20 12:36:32,"Até então era um aplicativo tranquilo de usar enquanto aluna da instituição. Entretanto, a obrigatoriedade de utilizá-lo para pesquisar novos cursos é abusiva, uma vez que solicitam vários dados pessoais e não conseguimos sequer ver os valores, induzindo a assinar contrato sem transparência."
UNIASSELVI,com.uniasselvi.leonardo,1,2026-09-19 17:10:01,Pior app nunca vi!!!!! Desisti dessa faculdade por causa desse app PÉSSIMO!!!!!
UNIASSELVI,com.uniasselvi.leonardo,5,2026-09-19 15:01:23,"Eu indico ,porque é prático e rápido"
UNIASSELVI,com.uniasselvi.leonardo,5,2026-09-19 14:56:55,traz a visão de compartilhar conhecimento com a visão de acessibilidade
UNIASSELVI,com.uniasselvi.leonardo,5,2026-09-19 14:18:31,"muito bom ,mas fácil para digitalizar"
UNIASSELVI,com.uniasselvi.leonardo,1,2026-09-19 12:41:13,Um sistema muito ruim.
UNIASSELVI,com.uniasselvi.leonardo,1,2026-09-19 10:39:08,"Depois da última atualização sumiu os livros digitais das disciplinas, não sei se foi intencional... porém sem os livros digitais fica um pouco complicado para estudar! por favor, devolvam os livros digitais para o app!!"
UNIASSELVI,com.uniasselvi.leonardo,1,2026-09-19 00:11:32,estou revoltada com os funcionários dessa faculdade meu polo e da cidade nova moro em Belém do Pará fui fazer prova no dia 18/09/ as 118 horas e a funcionária me tratou mal e me mandou eu calar a boca eu fiquei revoltada com essa situação o nome dela é Elaine ... preciso que vcs tome uma providência
UNIASSELVI,com.uniasselvi.leonardo,2,2026-09-18 23:53:02,"Péssimo app. UI horrível e pouco intuitivo, app não funciona com o retorno do Android, e pra piorar o design do app coloca o retorno de menus em locais pouco úteis, fora o delay do comando. absurdo o app não aceitar retorno do Android, somente dentro do próprio app. caminhos muito longos pra se chegar a determinados menus. Agora tem o libras imposto que vc não consegue tirar da sua tela, quando abre, não fecha, uma função inútil pra quem não é portador de necessidades especiais. imposição gov.br"
UNIASSELVI,com.uniasselvi.leonardo,5,2026-09-18 20:08:27,tá bom só não gostei da parte do não poder cancelar a opção do tcc de resto tá tudo certo ✔️
UNIASSELVI,com.uniasselvi.leonardo,5,2026-09-18 13:10:51,Gosto muito da metodologia utilizada pela UNIASSELVI. O grupo de funcionários é de primeira qualidade.
UNIASSELVI,com.uniasselvi.leonardo,5,2026-09-18 11:38:11,é instrutivo. rápido.
UNIASSELVI,com.uniasselvi.leonardo,5,2026-09-18 01:42:44,"esse app é incrivel, hoje em dia só nao estuda quem não quer porque a uniasselvi é um excelente caminho para obter uma graduação"
UNIASSELVI,com.uniasselvi.leonardo,5,2026-09-18 00:50:30,"o aplicativo é bom, tem tudo que precisa. a única coisa que tem que melhorar é só a forma de mudanças pq não avisa ninguém das mudanças que eles vão fazer"
UNIASSELVI,com.uniasselvi.leonardo,1,2026-09-17 23:58:12,Que experiência horrível. Terceira aula que não consigo acessar. E não tenho suporte. Nunca passei por isso. Não é intuitivo. Não tem suporte. oferta de Cursos ou extensão é toda ora. Oferta de prova de recuperação apareceu. Mas eu não conseguia acessar ainda. Parece que é um favor que estão me fazendo.
UNIASSELVI,com.uniasselvi.leonardo,5,2026-09-17 21:43:58,Intuitivo e muito prático!
UNIASSELVI,com.uniasselvi.leonardo,5,2026-09-17 20:14:58,Super indico ótimos profissionais super qualificados na graduação e pós graduação
UNIASSELVI,com.uniasselvi.leonardo,5,2026-09-17 17:45:58,muito bom e muito prático
UNIASSELVI,com.uniasselvi.leonardo,1,2026-09-17 13:51:49,"O aplicativo apresenta falhas, procuro ajuda pelos canais de atendimento mas não resolvem o problema."
UNIASSELVI,com.uniasselvi.leonardo,5,2026-09-17 01:19:58,App bem elaborado 2 fácil de navegar e acessar
UNIASSELVI,com.uniasselvi.leonardo,5,2026-09-16 21:56:51,"fácil acesso , e explicações bem claras."
UNIASSELVI,com.uniasselvi.leonardo,3,2026-09-16 17:52:49,No poco X7 pro a parte inferior da tela que fica por baixo dos botões do telefone não é possível clicar / em notas e avaliações não consigo ver o gabarito pois não consigo clicar.
UNIASSELVI,com.uniasselvi.leonardo,5,2026-09-16 12:42:34,"Minha experiência como acadêmica, foi muito boa. Tive ótimos tutores regentes e mediadores, apoio no meu Pólo. O AVA é bem detalhado, trazendo direção se como estudar. Material de apoio com conteúdos dentro do que a disciplina exige. A Uniasselvi realmente pega na sua mão e te conduz no conhecer e saber, trazendo uma mentalidade nova, abre uma janela enorme pra sua capacitação com cursos livres e também ressalto a coordenação também é nota 10. Obrigado Uniasselvi.Pós- graduação lá vou eu."
UNIASSELVI,com.uniasselvi.leonardo,5,2026-09-16 12:09:34,gosto muito de fazer faculdade aqui. temos bastante flexibilidade
UNIASSELVI,com.uniasselvi.leonardo,5,2026-09-16 10:23:11,Aplicativo completo e de fácil didática
UNIASSELVI,com.uniasselvi.leonardo,5,2026-09-16 03:10:53,"ótimo app, fácil e tem tudo, aqui passei 5 anos realizando minha graduação, obrigado uniasselvi"
UNIASSELVI,com.uniasselvi.leonardo,3,2026-09-15 22:13:20,"oferece o básico muito bem funcional, mas peca em engajar o aluno no aprendizado da disciplina em andamento. imagine um aluno num dia desmotivante, abre o Leo app, faz login, procura a matéria, abre a matéria, abre a trilha de aprendizado, o app abre uma JANELA NO NAVEGADOR fora ir atéa unidadeque estáestudando. entende onde eu quero chegar? são quase 7 passos que tem enorme fator para desmotivar o aluno a estudar... se houvesse uma função que fixasse na tela inicial a trilha de aprendizado....."
UNIASSELVI,com.uniasselvi.leonardo,5,2026-09-15 12:08:57,"A Uniasselvi não é apenas um ensino, é uma carreira de aprendizado profissional. Sou Acadêmica da instituição polo Manaíra João Pessoa. ❤️ super indico 🏅"
UNIASSELVI,com.uniasselvi.leonardo,5,2026-09-15 01:32:09,ótimo curso. indico para outras pessoas
UNIASSELVI,com.uniasselvi.leonardo,5,2026-09-15 00:43:14,"Ótimo App, no início patinei um pouco, pq o App é bem completo, mas depois de mexer nele é bem tranquilo a navegação."
UNIASSELVI,com.uniasselvi.leonardo,5,2026-09-14 23:12:33,Estou muito satisfeito até o momento.
UNIASSELVI,com.uniasselvi.leonardo,5,2026-09-14 22:02:07,Educação com compromisso é o ideal
UNIASSELVI,com.uniasselvi.leonardo,4,2026-09-14 21:59:35,"O aplicativo é bom, porém algumas dúvidas e questões, acabam demorando um pouco para responder."
UNIASSELVI,com.uniasselvi.leonardo,5,2026-09-14 20:42:09,"Muito satisfeita, super recomendo"
UNIASSELVI,com.uniasselvi.leonardo,5,2026-09-14 13:54:29,"App muito top, tem tudo que precisamos."
UNIASSELVI,com.uniasselvi.leonardo,5,2026-09-13 22:31:24,"Ótimo aplicativo, completo e fácil de usar."
UNIASSELVI,com.uniasselvi.leonardo,4,2026-09-13 15:59:55,"Falta uma lupa, opção de procurar, dentro do AP. Ás vezes, eu não lembro onde está ""tal coisa"" e é um tormento para achar. Seria uma ferramenta de busca dentro do aplicativo. Seria mais incrível ainda se fosse como a Bia, a inteligência do Bradesco, você pergunta onde ver os empréstimos, por exemplo, e ela te leva para o local exato."
UNIASSELVI,com.uniasselvi.leonardo,1,2026-09-13 13:04:03,"Demonstrar minha insatisfação de um simples cancelamento de matrícula, estou desde mês passado tentando... Mas não tem um atendente pra finalizar, já entrou outra mensalidade e nada"
UNIASSELVI,com.uniasselvi.leonardo,5,2026-09-12 23:53:12,"App é muito fácil e rápido, soluciona minhas dúvidas."
UNIASSELVI,com.uniasselvi.leonardo,5,2026-09-12 21:43:45,app muito prático e funcional
UNIASSELVI,com.uniasselvi.leonardo,5,2026-09-12 21:41:29,"Super Recomendo, excelente Escola e com Ótimos Professores e Funcionários."
UNIASSELVI,com.uniasselvi.leonardo,1,2026-09-12 19:40:57,eu estou odiando esse aplicativo o índice de libras está atrapalhando de ver as questões das atividades 😡😡😡😡
UNIASSELVI,com.uniasselvi.leonardo,1,2026-09-12 13:39:59,"não recomendo a faculdade, atendimento eletrônico totalmente robotizado, te obrigando a resolver tudo por ligação, o qual se vc não tem tempo pra ficar pendurado do celular, não resolve nada!"
UNIASSELVI,com.uniasselvi.leonardo,5,2026-09-12 02:37:24,"Gosto muito, é intuitivo"
UNIASSELVI,com.uniasselvi.leonardo,5,2026-09-11 23:50:06,"interativo, inteligente e completo. O melhor!"
UNIASSELVI,com.uniasselvi.leonardo,5,2026-09-11 22:29:20,"Facilita bastante nos meus estudos, porque o acesso é descomplicado."
UNIASSELVI,com.uniasselvi.leonardo,5,2026-09-11 19:49:48,"O aplicativo é muito intuitivo, fácil de usar e com boas funcionalidades."
UNIASSELVI,com.uniasselvi.leonardo,5,2026-09-11 14:00:41,amooo esse app tudo bem explicado e retorno também é ótimo
UNIASSELVI,com.uniasselvi.leonardo,5,2026-09-11 02:41:58,muito prático e fácil de usar o app da Uniasselvi
UNIASSELVI,com.uniasselvi.leonardo,5,2026-09-11 01:49:45,"É um ótimo aplicativo de ensino a distância. Sugestão: Mostrar média da turma ao lado da média do aluno, para que o aluno tenha uma ideia como está se saindo em comparação aos demais. Média de turma baixa reflete baixo aprendizado da turma e nota alta, reflete bons estudos."
UNIASSELVI,com.uniasselvi.leonardo,5,2026-09-11 00:10:04,"muito bom esse app para as aulas, assuntos,provas,trabalhos e tais... muito bem msm,recomendo !"
UNIASSELVI,com.uniasselvi.leonardo,5,2026-09-10 03:12:03,a universidades UNIASSELVI tem suas oportunidades boas em engrossa no seus sonhos na sua carreira de se preparar para seu futuro .tem bons atendimentos e gualidades são ótimas para vc se manter bem informado. e proceguir a fazer seus sonhos realizados e forma na sua areia .
UNIASSELVI,com.uniasselvi.leonardo,5,2026-09-10 02:45:06,é um App maravilhoso
UNIASSELVI,com.uniasselvi.leonardo,5,2026-09-10 02:00:21,"por enquanto tem sido auto explicativo difícil no início para quem não tem prática no app , mas com calma vai se tornando mais fácil ."
UNIASSELVI,com.uniasselvi.leonardo,5,2026-09-10 00:06:37,Um apoio aos estudos prático e versátil .
UNIASSELVI,com.uniasselvi.leonardo,5,2026-09-09 23:39:19,Polo super prestativo e atenciosos
UNIASSELVI,com.uniasselvi.leonardo,5,2026-09-09 17:07:41,"tudo bem organizado, tudo bem prático pra aprender..."
UNIASSELVI,com.uniasselvi.leonardo,1,2026-09-09 16:55:31,"é muito ruim, fígado bugado toda hora. sempre fica pedindo pra mim colocar senha"
UNIASSELVI,com.uniasselvi.leonardo,5,2026-09-09 12:36:24,faculdade maravilhosa e atendimento tbm 🙂 recomendo a todos
UNIASSELVI,com.uniasselvi.leonardo,5,2026-09-09 11:58:55,Uniasselvi leo app é excelente e prático para usar.
UNIASSELVI,com.uniasselvi.leonardo,5,2026-09-08 23:27:19,é prático e muito eficaz na sua proposta. além de ser completo.
UNIASSELVI,com.uniasselvi.leonardo,2,2026-09-08 20:16:16,"a questão é que ja tinha o audiobook eu fiz produção do conhecimento científico e tecnologias emergentes com audiobook. inclusive cheguei a deixar elogio falando que o recurso de acessibilidade era excelente para neurodivergentes, eu por exemplo tenho dificuldade de foco e concentração com o audio eu conseguia me concentrar e entender melhor tanto que gabaritei. só que em inovação de produtos e design thinking não tem mais e ouvir pagina no chrome da reprodução indisponível"
UNIASSELVI,com.uniasselvi.leonardo,5,2026-09-08 18:19:28,"desculpas,estou desanimada pensando em desistir, mais ainda tentando.."
UNIASSELVI,com.uniasselvi.leonardo,1,2026-09-08 15:16:25,péssimo maior arrependimento de entrar num curso deles. precisava de ajuda estou a 2 SEMANAS tentando atendimento e sem retorno só não doi zero estrela pq não tem como.
UNIASSELVI,com.uniasselvi.leonardo,4,2026-09-08 01:20:34,"Tem sido bem satisfatório, e com muitos recursos para nos auxiliar"
UNIASSELVI,com.uniasselvi.leonardo,5,2026-09-07 23:30:42,"Gosto muito do App é acessível, intuitivo e fácil de usar."
UNIASSELVI,com.uniasselvi.leonardo,1,2026-09-07 22:14:23,a gente ta enviando a practicar pedagogíca e no ava não ta aparecendo em correção pratica pedagogíca recursos Didáticos pasr o ensino da lingua inglesa
UNIASSELVI,com.uniasselvi.leonardo,2,2026-09-07 18:26:47,"Iniciei meu estágio obrigatório e simplesmente meu aplicativo nao possui a opção para registrar presença, 3 dias fazendo o estágio e não consigo a resolução do meu problema. Muito insatisfeita,pois estou sendo prejudicado por erro da plataforma."
UNIASSELVI,com.uniasselvi.leonardo,1,2026-09-07 17:16:25,Alguns mediadores são excelentes.
UNIASSELVI,com.uniasselvi.leonardo,4,2026-09-07 03:48:56,Muito bom pratico e funcional
UNIASSELVI,com.uniasselvi.leonardo,5,2026-09-07 01:55:37,"Ótimo App, app bem interativo não trava e tem tudo que preciso para cumprir as atividades do curso de interesse."
UNIASSELVI,com.uniasselvi.leonardo,5,2026-09-06 22:54:10,acho um aplicativo ótimo
UNIASSELVI,com.uniasselvi.leonardo,5,2026-09-06 19:43:59,"A plataforma facilita o acesso às disciplinas, conteúdos, atividades, notas, calendário e demais informações importantes do curso."
UNIASSELVI,com.uniasselvi.leonardo,5,2026-09-06 00:23:11,melhor faculdade online do Brasil
UNIASSELVI,com.uniasselvi.leonardo,5,2026-09-05 20:26:31,"Pra quem está estudando de maneira remota, EAD o aplicativo é bem fácil de usar, recebemos por e-mail todas as informações e datas importantes, o suporte é sempre disponível para tirar dúvidas e vem fácil de estudar pelo app Léo."
UNIASSELVI,com.uniasselvi.leonardo,5,2026-09-05 18:36:49,"Estou gostado bastante dessa nova atualização do app que agora é mais organizado e mais facíl de enteder,as correções esta indo bem mais rápido do que antes,espero que continue assim."
UNIASSELVI,com.uniasselvi.leonardo,5,2026-09-05 16:42:39,Gostei muito do sistema EAD porque consigo me adaptar aos horários. O mais importante é tentar adquirir máximo possível de conhecimentos.
UNIASSELVI,com.uniasselvi.leonardo,5,2026-09-05 14:46:25,Excelente e de fácil utilização!
UNIASSELVI,com.uniasselvi.leonardo,4,2026-09-05 14:20:04,"tirando a parte de que usa o app da Microsoft para ver as aulas virtuais, de resto é tudo perfeito! 4 estrelas por causa disso, se não era 5!"
UNIASSELVI,com.uniasselvi.leonardo,5,2026-09-05 12:45:35,atendimento rápido e eficiente
UNIASSELVI,com.uniasselvi.leonardo,5,2026-09-04 22:16:37,fácil de entender o app
UNIASSELVI,com.uniasselvi.leonardo,5,2026-09-04 22:14:00,estou gostando muito
UNIASSELVI,com.uniasselvi.leonardo,5,2026-09-04 18:38:20,aplicativo muito top
UNIASSELVI,com.uniasselvi.leonardo,1,2026-09-04 18:09:36,"Não se inscrevam nessa faculdade, a multa para quem quiser largar é muito alta, só dei 1 estrela por não dar para por 0"
UNIASSELVI,com.uniasselvi.leonardo,5,2026-09-04 17:54:14,Melhor app de estudos!!!!
UNIASSELVI,com.uniasselvi.leonardo,5,2026-09-04 16:37:07,"Bem intuitivo e funcional, uma vejo como uma ferramenta muito eficaz para o aprendizado."
UNIASSELVI,com.uniasselvi.leonardo,5,2026-09-04 16:36:25,"É uma universidade muito boa, estou gostando muito desta experiência no EAD apesar de eu achar difícil estudar com está metodo a distância a faculdade nos ajuda muito."
UNIASSELVI,com.uniasselvi.leonardo,5,2026-09-04 15:46:08,Excelente app de fácil acessibilidade
UNIASSELVI,com.uniasselvi.leonardo,5,2026-09-04 14:54:52,"Fácil entendimento, acesso"
UNIASSELVI,com.uniasselvi.leonardo,1,2026-09-04 13:33:19,funciona quando a pessoa entra pra acessar fica demorando de pegar o app e trava
UNIASSELVI,com.uniasselvi.leonardo,5,2026-09-04 13:08:10,Apaixonada super indico
UNIASSELVI,com.uniasselvi.leonardo,4,2026-09-04 12:58:06,podia ter uma aula presencial por mês tambm
UNIASSELVI,com.uniasselvi.leonardo,3,2026-09-04 01:56:17,muito boa a experiência
UNIASSELVI,com.uniasselvi.leonardo,4,2026-09-04 00:30:51,"Gostei. Mas, poderia ser mais prático, com opções diretas."
UNIASSELVI,com.uniasselvi.leonardo,5,2026-09-03 23:08:50,"Ótima, tudo de bom esse app e a UNIASSELVI é incrível🙏🏻🙏🏻🙏🏻🙏🏻"
UNIASSELVI,com.uniasselvi.leonardo,1,2026-09-03 21:22:08,péssimo app péssimo atendimento péssima faculdade pra que tem professor senão dão aula nota menos 10
UNIASSELVI,com.uniasselvi.leonardo,5,2026-09-03 20:54:07,"Aplicativo otimo, muito bem estruturado"
UNIASSELVI,com.uniasselvi.leonardo,5,2026-09-03 17:03:31,"Tudo prático, tudo em tempo real, parabéns Uniasselvi"
UNIASSELVI,com.uniasselvi.leonardo,1,2026-09-03 16:11:01,"o app tá muito ruim, pra digitalizar a prova no polo e adicionar o documento do desafio profissional."
UNIASSELVI,com.uniasselvi.leonardo,2,2026-09-03 11:47:51,"fica carregando a tela do gov na tela e mesmo fechando e a abrindo o app, ainda permacece o gov carregando... nossa zueira fizeram no app"
UNIASSELVI,com.uniasselvi.leonardo,5,2026-09-03 00:37:02,"Uma característica positiva do UNIASSELVI Leo App é essa relação harmônica, onde o Léo consegue aproximar, em um único ambiente, aluno, conteúdo, atividades, avaliações, tutoria e vida acadêmica. Isso reduz a necessidade de ficar alternando entre diferentes sistemas. Um ponto negativo do aplicativo é a lentidão/travamento, e problemas ocasionais com login e autenticação por biometria, e o atendimento de algumas solicitações que demora muito, no demais é um ótimo aplicativo, dinâmico e interativo"
UNIASSELVI,com.uniasselvi.leonardo,5,2026-09-02 17:51:30,"não é difícil de aprender a mexer, estou adorando"
UNIASSELVI,com.uniasselvi.leonardo,3,2026-09-02 17:30:46,"o app estava ótimo, até a manutenção de ontem a noite , agora não fica mais aberto se abrir outra aba no celular ,volta para a tela de login , aí complica pra quem estudo pelo mesmo . o laboratório virtual a mesma coisa , nunca volta a alteração anterior , tem que selecionar tudo de novo , muito trabalhoso. fazendo assim perder a linha de raciocínio."
UNIASSELVI,com.uniasselvi.leonardo,5,2026-09-02 17:24:44,Excelente Aplicativo de aula.
UNIASSELVI,com.uniasselvi.leonardo,3,2026-09-02 15:24:29,"o Vlibras widget fica travando toda hora ou fica na frente obstruindo, fica difícil ler, quero que tenha a opção de desativar ou deletar ele do app, pois nao uso e nao quero ele na minha tela."
UNIASSELVI,com.uniasselvi.leonardo,5,2026-09-02 13:00:32,"“A educação é a chave para desbloquear o potencial humano.” — George Washington Carver foi por isso que eu escolhi a faculdade Uniasselvi, pelo desempenho que fornece."
UNIASSELVI,com.uniasselvi.leonardo,3,2026-09-02 12:34:37,"deveria ter uma opção de remover a opção de libras, atrapalha muito e ultimamente o meu abre e não carrega e fica aberto atrapalhando visualizar o conteúdo"
UNIASSELVI,com.uniasselvi.leonardo,5,2026-09-01 21:41:16,"falta um pouquinho da organização das aulas eu estou tendo duas aulas no mesmo horário e eu queria participar das duas aulas sendo que as minhas aulas era 19:00 até as 20:30 , outra era 20:30 está difícil ..."
UNIASSELVI,com.uniasselvi.leonardo,5,2026-09-01 16:32:35,"excelente App de estudo, 10/10"
UNIASSELVI,com.uniasselvi.leonardo,5,2026-09-01 16:07:38,a uniasselvi e nota 10
UNIASSELVI,com.uniasselvi.leonardo,5,2026-09-01 15:20:15,melhor faculdade EAD que eu encontrei
UNIASSELVI,com.uniasselvi.leonardo,5,2026-09-01 11:02:47,"muito bom, prático e fácil uso."
UNIASSELVI,com.uniasselvi.leonardo,5,2026-09-01 10:01:00,"App incrível, pensado em ajudar o aluno a crescer. Estou amando"
UNIASSELVI,com.uniasselvi.leonardo,5,2026-09-01 04:04:39,"É um canal muito prático e rápido tanto para as provas, tanto para os lançamentos dos resultados das provas, aulas online, comunicação maravilhosa com os professores, estou amando o app."
UNIASSELVI,com.uniasselvi.leonardo,5,2026-09-01 03:05:13,"minha primeira faculdade, a princípio da um nó a cabeça mais agora estou me encontrando com o app léu, muito bom, fora os vídeos no YouTube, que ajuda bastante obrigado."
UNIASSELVI,com.uniasselvi.leonardo,5,2026-09-01 00:20:34,Dentro das expectativas .
UNIASSELVI,com.uniasselvi.leonardo,5,2026-08-31 23:51:26,"maravilhoso , super fácil de usar"
UNIASSELVI,com.uniasselvi.leonardo,5,2026-08-31 22:45:53,o Léo app está cada vez melhor e mais prático!!
UNIASSELVI,com.uniasselvi.leonardo,3,2026-08-31 21:46:47,valor da mensalidade subiu demais minha vida financeira virou uma bolo de neve
UNIASSELVI,com.uniasselvi.leonardo,5,2026-08-31 21:30:31,top maravilhoso fácil acesso.
UNIASSELVI,com.uniasselvi.leonardo,1,2026-08-31 20:52:32,VLibras abrindo automaticamente na frente da tela.
UNIASSELVI,com.uniasselvi.leonardo,4,2026-08-31 18:12:43,a instituição é boa mas infelizmente a falta das aulas presencial deixa a desejar
UNIASSELVI,com.uniasselvi.leonardo,5,2026-08-31 17:11:01,funcionamento muito bom
UNIASSELVI,com.uniasselvi.leonardo,5,2026-08-31 17:01:59,Faz se necessário descrever a importância desse espaço que fortalece o aprendizado. Além do conforto nos oporuniza crescimento o tempo todo a disposição. Satisfação total.
UNIASSELVI,com.uniasselvi.leonardo,4,2026-08-31 16:38:35,conteúdo de ensino muito bom 😌
UNIASSELVI,com.uniasselvi.leonardo,5,2026-08-31 13:57:36,estou gostando muito de estar fazendo faculdade na Uniasselvi ❤️
UNIASSELVI,com.uniasselvi.leonardo,5,2026-08-31 13:40:26,"para os estudantes da Uniasselvi eu recomendo este aplicativo, muito bom!"
UNIASSELVI,com.uniasselvi.leonardo,5,2026-08-31 11:54:09,Cordialidade no atendimento.
UNIASSELVI,com.uniasselvi.leonardo,5,2026-08-31 11:40:14,fácil de usar muito bem
UNIASSELVI,com.uniasselvi.leonardo,5,2026-08-31 10:08:30,"Excelente, tanto o curso como o app de fácil acesso bem organizado e atende as expectativas dos alunos."
UNIASSELVI,com.uniasselvi.leonardo,5,2026-08-31 01:22:43,é um aplicativo muito fácil
UNIASSELVI,com.uniasselvi.leonardo,5,2026-08-30 23:36:14,o app é excelente atende bem as necessidades para o estudo.
UNIASSELVI,com.uniasselvi.leonardo,5,2026-08-30 14:06:30,"Gostei muitíssimo! Simples, de ótima navegabilidade e trás muita praticidade para os estudos!"
UNIASSELVI,com.uniasselvi.leonardo,5,2026-08-30 13:54:09,funciona muito bem!!
UNIASSELVI,com.uniasselvi.leonardo,5,2026-08-29 13:06:20,"muito bom P qm gosta de estudar, de aprender essa é a melhor , mas vc tem q se dedicar. Pois hj em dia é tudo muito fácil por causa de App de inteligência. Mas qnd ha dedicação vcs verão q será facil"
UNIASSELVI,com.uniasselvi.leonardo,5,2026-08-29 12:14:52,O App funciona muito bem e é bem ilustrado e intuitivo.
UNIASSELVI,com.uniasselvi.leonardo,5,2026-08-28 23:05:59,"melhor não há,estou gostando de mais,os professores ensinam bem,tá de parabéns"
UNIASSELVI,com.uniasselvi.leonardo,5,2026-08-28 21:42:43,"O aplicativo é completo, consigo acessar tudo que preciso."
UNIASSELVI,com.uniasselvi.leonardo,5,2026-08-28 18:46:32,"Até o momento estava satisfeita, até saber que o meu diploma pode ser rejeitado, por não se adequar a nova Resolução CNE/CP, n° 4 de 29 de maio de 2024. Pois segundo a resolução a minha grande encontra-se bem abaixo da caga horário exigida, inclusive, já têm alguns diplomas sendo rejeitados. Breve a UNIASSELVI pode ter algumas surpresas na justiça, por vender curso inadequado."
UNIASSELVI,com.uniasselvi.leonardo,5,2026-08-28 17:45:30,"maravilhoso,super fácil de usar ."
UNIASSELVI,com.uniasselvi.leonardo,5,2026-08-28 17:18:56,Top minha faculdade!!!Não troco!!!
UNIASSELVI,com.uniasselvi.leonardo,5,2026-08-28 01:42:24,Estou aprendendo a cada dia detalhes do App. vim de outra instituição e aos poucos me adaptando.
UNIASSELVI,com.uniasselvi.leonardo,5,2026-08-27 23:50:03,"Estou me adaptando, mas esse app é muito prático e eficiente"
UNIASSELVI,com.uniasselvi.leonardo,3,2026-08-27 22:44:17,às vezes apresenta estabilidade
UNIASSELVI,com.uniasselvi.leonardo,5,2026-08-27 17:05:12,"A faculdade é muito boa,tem tudo bem explicado no formato digital ,faz com que compreendemos melhor oque estamos estudando e no aplicativo"
UNIASSELVI,com.uniasselvi.leonardo,5,2026-08-27 16:51:55,"ótimo aplicativo,bem completo 👍"
UNIASSELVI,com.uniasselvi.leonardo,5,2026-08-27 01:22:44,"Estou gostando muito do ensino da uniasselvi , após muito tempo sem estudar , vejo grande motivação em voltar aos estudos de forma online , com pessoas capacitadas nos dando suporte nescessário para voltar aos estudos 👍🏻"
UNIASSELVI,com.uniasselvi.leonardo,5,2026-08-27 00:00:21,"aplicativo fácil e prático de ser usado, tem vídeo aula nele de como usar/funciona..."
UNIASSELVI,com.uniasselvi.leonardo,5,2026-08-26 23:19:47,"Muito bom, prático, entrega tudo que promete e muito mais."
UNIASSELVI,com.uniasselvi.leonardo,5,2026-08-26 22:22:43,"a instituição está de parabéns, fico muito agradecido por todo o suporte. obrigado à toda a instituição"
UNIASSELVI,com.uniasselvi.leonardo,5,2026-08-26 18:41:17,"está de parabéns, estou muito satisfeito 😌"
UNIASSELVI,com.uniasselvi.leonardo,5,2026-08-26 18:38:08,"Prático e rápido, com fácil acesso."
UNIASSELVI,com.uniasselvi.leonardo,5,2026-08-26 17:28:50,bom app para auxiliar o estudante na sua jornada na Uniasselvi.
UNIASSELVI,com.uniasselvi.leonardo,5,2026-08-26 15:46:08,"Excelente performance, app muito intuitivo e sem bugs!"
UNIASSELVI,com.uniasselvi.leonardo,5,2026-08-26 15:29:35,"Perfeito. Layout limpo, fácil de utilizar, bem intuitivo, tem todos os recursos necessários pra não precisar ligar ou deslocar da minha casa pra tirar dúvidas. Excelente, 100% satisfeita."
UNIASSELVI,com.uniasselvi.leonardo,5,2026-08-26 14:50:52,"Tem como realizar tudo no app, possui uma interface fácil de utilizar. Gosto de como é organizado em relação às disciplinas e outros recursos, e das opções que aparecem antes de entrar na conta, que facilita bastante. Mas de vez enquanto o app da uma bug ao abrir com minha digital, que volta para a parte de cadrastro e tenho que colocar meus dados uma ou duas vezes ao dia, não todos os dias, mas se torna chato, até custoso quando queremos apenas ver alguma informação simples."
UNIASSELVI,com.uniasselvi.leonardo,5,2026-08-26 13:33:30,Leo app muito incrível
UNIASSELVI,com.uniasselvi.leonardo,5,2026-08-26 13:24:37,"ótimo para estudar, não trava, não fecha, não é lento, os livros abrem super bem"
UNIASSELVI,com.uniasselvi.leonardo,5,2026-08-26 13:12:16,Leo App muito intuitivo e prático!!!
UNIASSELVI,com.uniasselvi.leonardo,5,2026-08-26 12:09:30,o Léo está sendo muito ágil
UNIASSELVI,com.uniasselvi.leonardo,5,2026-08-26 10:27:32,estou aprendendo muito
UNIASSELVI,com.uniasselvi.leonardo,1,2026-08-26 06:57:48,"Esta deixando a desejar. Problema na geolocalizacão para o estágio obrigatório l, erro sistêmico para realização das avaliações e um TI que fica inerte e nada resolve"
UNIASSELVI,com.uniasselvi.leonardo,5,2026-08-26 04:39:57,"Muito explicativo, fácil de navegar, e em caso de dificuldades, sempre temos suporte e orientações de pessoas ligadas a instituição."
UNIASSELVI,com.uniasselvi.leonardo,4,2026-08-25 22:41:49,muito bom na verdade excelente tenho o maior apoio do polo o aprendizado é excelente e o que eles ponde ta fazendo por nós eles fazem sem esforço
UNIASSELVI,com.uniasselvi.leonardo,5,2026-08-25 17:35:22,"Excelente atendimento no polo de Juiz de Fora, amando as aulas, vale super a pena."
UNIASSELVI,com.uniasselvi.leonardo,5,2026-08-25 17:07:32,estou muito satisfeita tô amando
UNIASSELVI,com.uniasselvi.leonardo,5,2026-08-25 14:09:01,Ótimo app e universidade! Recomendo.
UNIASSELVI,com.uniasselvi.leonardo,5,2026-08-25 14:05:39,muito bom o material
UNIASSELVI,com.uniasselvi.leonardo,5,2026-08-25 13:35:03,Melhor que poderia no momento!
UNIASSELVI,com.uniasselvi.leonardo,5,2026-08-25 13:29:34,"fácil de usar, amei."
UNIASSELVI,com.uniasselvi.leonardo,1,2026-08-25 11:38:34,"Bom dia , essa é a terceira avaliação negativa aqui, estou tentando o básico que é meu diploma , mandei meus documentos pra validação não resolvia , Leo app fechando sozinho nunca conseguia abrir chamado . reclamei me chamaram no WhatsApp, pediram meus documentos la mesmo a moça deu como validado , fui abri o chamado de colocação de grau . me retornaram dizendo que o RG estava ilegível, mas como se ja tinha sido validado . ja nao sei nem mais quanto tempo pra pedir o básico."
UNIASSELVI,com.uniasselvi.leonardo,5,2026-08-25 11:23:14,"muitos estudantes no módulo 5 se perguntam se os simulados da atividade de aprendizagem irão retornar, já a opção se mantém porém quando clicam não aparece nada, estudantes esperam o retorno dos simulados da atividade de aprendizagem, que era útil pra estudantes fazerem simulados e veram que tinha apreendido e quanto mais precisam apreender."
UNIASSELVI,com.uniasselvi.leonardo,5,2026-08-25 11:03:29,o aplicativo da Uniasselvi tem dado informações claras e rápidas que me ajuda em tudo que eu preciso.
UNIASSELVI,com.uniasselvi.leonardo,5,2026-08-25 05:25:27,ótimo. só queria uma faculdade a distância
UNIASSELVI,com.uniasselvi.leonardo,5,2026-08-25 02:48:48,Gostei da disponibilidade de acesso e execução das provas
UNIASSELVI,com.uniasselvi.leonardo,5,2026-08-25 01:45:54,"A Uniaselvi é o campo que você precisa para tirar o seu sonho da gaveta, assim como eu. Estou amando tudo."
UNIASSELVI,com.uniasselvi.leonardo,5,2026-08-25 00:55:24,Está melhorando a cada dia. Muito bom 👍
UNIASSELVI,com.uniasselvi.leonardo,4,2026-08-24 21:01:13,só não é 5 pq teve aula que perdi pq o app não me deu acesso.
UNIASSELVI,com.uniasselvi.leonardo,1,2026-08-24 19:19:39,"Fiz o tecnólogo, aprovado, más na hora de solicitar o diploma, começam a dizer que os documentos não foram validados, tem que mandar tudo de novo, quando está tudo ok, que solicito a colação de grau, voltam a falar que os documentos que tinham validado a uma semana, não foram validados, pedem tudo de novo, e cada chamado leva 10 dias pra eles avaliarem... agora abri outro chamado pra colação de grau, deram mais de 30 dias pra resolver.."
UNIASSELVI,com.uniasselvi.leonardo,2,2026-08-24 16:59:32,"Ao acessar a conta com minha senha apresenta erro, clico em recuperar senha e receber o código de confirmação não chega seja no e-mail ou no número de telefone. Estou sem acesso ao aplicativo."
UNIASSELVI,com.uniasselvi.leonardo,5,2026-08-24 15:31:24,o melhor App de estudos ❤️ 🤟 ❤️
UNIASSELVI,com.uniasselvi.leonardo,5,2026-08-24 14:11:58,"Minha experiência na faculdade Até aqui estou realizado com minha experiência na faculdade! 📚❤️ Cada aprendizado tem contribuído muito para meu crescimento pessoal e profissional. Sou grato por todo conhecimento adquirido e por cada desafio que tem me ajudado a evoluir. Sem dúvidas, uma experiência que está valendo muito a pena! 🎓✨"
UNIASSELVI,com.uniasselvi.leonardo,5,2026-08-24 13:54:49,"Aplicativo de fácil interpretação e rápido, parabéns Uniasselvi."
UNIASSELVI,com.uniasselvi.leonardo,5,2026-08-24 11:31:50,posso estudar em qualquer lugar 😃
UNIASSELVI,com.uniasselvi.leonardo,5,2026-08-24 03:33:04,Excelente para navegar e estudar.
UNIASSELVI,com.uniasselvi.leonardo,5,2026-08-23 21:35:52,"Muito fácil de acessar, e usar!"
UNIASSELVI,com.uniasselvi.leonardo,5,2026-08-23 08:36:57,"interativo, intuitivo, completo"
UNIASSELVI,com.uniasselvi.leonardo,5,2026-08-22 21:56:29,A faculdade é muito boa :)
UNIASSELVI,com.uniasselvi.leonardo,5,2026-08-22 21:55:23,"Muito Prático , Exelente APP !"
UNIASSELVI,com.uniasselvi.leonardo,5,2026-08-22 18:08:00,muito boa plataforma
UNIASSELVI,com.uniasselvi.leonardo,5,2026-08-22 15:35:42,"com asse app eu estou evoluindo cada vez mais, pois ele é um app de fácil entendimento e dinâmico pois ele tem vários recursos que nos alunos podemos utilizar dês de estudar a fazer pagamento da mensalidade tudo a um clique na palma da mão."
UNIASSELVI,com.uniasselvi.leonardo,5,2026-08-22 13:36:10,A melhor universidade
UNIASSELVI,com.uniasselvi.leonardo,4,2026-08-22 13:24:55,está melhorando muito .
UNIASSELVI,com.uniasselvi.leonardo,5,2026-08-22 12:19:33,É UMA FACULDADE TOP.
UNIASSELVI,com.uniasselvi.leonardo,5,2026-08-22 12:11:29,Muito bom o App de fácil acesso e utilização muito simples.
UNIASSELVI,com.uniasselvi.leonardo,5,2026-08-21 23:55:26,"Simplesmente, maravilhoso! fácil navegação e sem complicações. Sem contar que, sua vida acadêmica sempre nas suas mãos, no App você encontra desde seu histórico escolar a declarações que facilitam muito a nossa vida."
UNIASSELVI,com.uniasselvi.leonardo,4,2026-08-21 18:01:48,Atendimento especializado em praticidade e objetividade.
UNIASSELVI,com.uniasselvi.leonardo,3,2026-08-21 16:33:19,não consigo digitalizar as avaliações...e para fazer estágio é impossível conseguir colocar a presença na hora certa
UNIASSELVI,com.uniasselvi.leonardo,5,2026-08-21 15:38:32,"app sensacional, tem tudo que você precisa na palma da sua mão 👏🏼👏🏼👏🏼👏🏼"
UNIASSELVI,com.uniasselvi.leonardo,5,2026-08-21 11:11:54,professores incríveis com um método de ensino fácil e didático e a plataforma é bem fácil de manusear.
UNIASSELVI,com.uniasselvi.leonardo,5,2026-08-21 10:42:29,"Facilidade de acesso, não trava."
UNIASSELVI,com.uniasselvi.leonardo,5,2026-08-20 14:12:23,Ótimo atendimento e suporte aos acadêmicos e facilidade de acesso. Nota 10
UNIASSELVI,com.uniasselvi.leonardo,1,2026-08-20 02:32:42,"um lixo de aplicativo que ao invés de ajudar só atrasa o aluno, simplesmente não dá pra logar a o CPF não funciona nada e é tudo travado"
UNIASSELVI,com.uniasselvi.leonardo,1,2026-08-20 00:35:04,"tô perdendo presença pq nao aparece a aba para registrar presença,pior.app de faculdade"
UNIASSELVI,com.uniasselvi.leonardo,5,2026-08-19 23:56:56,ótimo APP ESTOU ADORANDO BEM PRÁTICO
UNIASSELVI,com.uniasselvi.leonardo,5,2026-08-19 19:21:43,sem dúvida nenhuma o melhor
UNIASSELVI,com.uniasselvi.leonardo,5,2026-08-19 15:24:04,"App fácil de navegar, intuitivo e funcional."
UNIASSELVI,com.uniasselvi.leonardo,5,2026-08-19 14:40:46,Bem intuitivo e completo!
UNIASSELVI,com.uniasselvi.leonardo,5,2026-08-19 11:04:19,"prático, leve e didático."
UNIASSELVI,com.uniasselvi.leonardo,5,2026-08-19 02:20:45,"Dinâmico, maravilhoso e altamente tecnológico."
UNIASSELVI,com.uniasselvi.leonardo,4,2026-08-19 00:47:55,As vezes não consigo estudar no livro digital pois não abre
UNIASSELVI,com.uniasselvi.leonardo,1,2026-08-19 00:17:58,o app é horrível. fora que mostrar dados de outro aluno.
UNIASSELVI,com.uniasselvi.leonardo,5,2026-08-18 23:00:38,"Muito funcional, fácil de navegar. Muito útil."
UNIASSELVI,com.uniasselvi.leonardo,3,2026-08-18 22:26:37,tem muitas informações. misturam tudo. e para voltar para alguma página e horrível. normalmente recomeçam tudo..... poderiam separar páginas por assuntos e serem mais diretas ...
UNIASSELVI,com.uniasselvi.leonardo,5,2026-08-18 22:15:38,"O Grupo UNIASSELVI é uma instituição exemplar, que faz a diferença na educação, contribuindo para o crescimento profissional e para a construção de um futuro melhor para milhares de pessoas."
UNIASSELVI,com.uniasselvi.leonardo,5,2026-08-18 19:19:52,excelente app e de fácil acesso!
UNIASSELVI,com.uniasselvi.leonardo,5,2026-08-18 17:15:16,Facilidade de resolução de problemas. Linguagem objetiva que favorecem a autonomia e entendimento dos alunos.
UNIASSELVI,com.uniasselvi.leonardo,5,2026-08-18 16:45:15,"excelente ambiente virtual, quem não entende ou é preguiçoso ou não quer ler"
UNIASSELVI,com.uniasselvi.leonardo,5,2026-08-18 15:52:11,"5 estrelas pelos professores e mediadores dos cursos bem educados e simpáticos, dão aulas que realmente nos ajudam a matar nossas dúvidas, mas tudo isso vem com o aplicativo ruim de mexer chega várias notificações e avisos de outros cursos que não tem nada a ver com o seu, os livros das disciplinas tem que procurar lá no fundo do aplicativo para achar se quiser ler, mos cursos da pra aprender alguma coisa se você ser esforçado as trilhas de aprendizado nos ajudam bastante."
UNIASSELVI,com.uniasselvi.leonardo,5,2026-08-18 15:01:39,"Elogio à Uniasselvi Leo App Gostaria de expressar meu sincero agradecimento e elogio à Uniasselvi e à plataforma Leo App, que têm sido fundamentais na minha trajetória acadêmica. A Leo App oferece uma experiência prática, intuitiva e eficiente, facilitando o acesso aos conteúdos, às atividades, às avaliações e ao acompanhamento da vida acadêmica. É uma ferramenta moderna que demonstra o compromisso da instituição com a qualidade do ensino e com a inovação. Também parabenizo toda a equipe da Unia"
UNIASSELVI,com.uniasselvi.leonardo,5,2026-08-18 14:59:20,Muito fácil a navegação. Estudar com esse app é certeza de sucesso
UNIASSELVI,com.uniasselvi.leonardo,5,2026-08-18 14:50:29,excelente faculdade 🙂📚🤭🏫
UNIASSELVI,com.uniasselvi.leonardo,5,2026-08-18 03:51:08,É bastante funcional
Cruzeiro do Sul Virtual,br.com.cruzeirodosulvirtual,4,2026-09-26 09:31:53,o app é bom porém as vezes das umas falha técnica principalmente pra fica reconectando a conta sempre
Cruzeiro do Sul Virtual,br.com.cruzeirodosulvirtual,5,2026-09-25 18:28:16,.minha experiência está sendo muito boa!
Cruzeiro do Sul Virtual,br.com.cruzeirodosulvirtual,5,2026-09-25 15:05:09,"Muito prático ,perfeito!"
Cruzeiro do Sul Virtual,br.com.cruzeirodosulvirtual,1,2026-09-24 12:42:55,não consigo entender nada minha unidade aonde eu moro é aqui av paulista e no aplicativo não tem essa opção. chato horrível
Cruzeiro do Sul Virtual,br.com.cruzeirodosulvirtual,5,2026-09-24 10:14:36,"estou bem satisfeita com o app , não tenho nenhuma queixa"
Cruzeiro do Sul Virtual,br.com.cruzeirodosulvirtual,5,2026-09-23 22:50:31,Este é app que facilita demais a vida acadêmica super interativo e intuitivo...
Cruzeiro do Sul Virtual,br.com.cruzeirodosulvirtual,5,2026-09-23 22:05:15,app fácil de navegar
Cruzeiro do Sul Virtual,br.com.cruzeirodosulvirtual,2,2026-09-23 18:11:52,"Precisa notificar quando tem prova disponível, quando as notas estão disponíveis, quando uma nova disciplina é aberta. Notificação com lembrete de que tem disciplina nova pra fazer e relembrar caso a pessoa se esqueça de fazê-la. Notificação pra lembrar a mensalidade, etc."
Cruzeiro do Sul Virtual,br.com.cruzeirodosulvirtual,1,2026-09-23 11:55:17,"ASSUNTO: NOTIFICAÇÃO FORMAL – FALHA DE ACESSIBILIDADE NO APLICATIVO DUDA Venho, por meio desta manifestação, comunicar formalmente a falta de profissionalismo e, principalmente, a grave falha relacionada à acessibilidade no aplicativo Duda, independentemente de ter ocorrido de forma intencional ou por falta de conhecimento técnico. A legislação brasileira estabelece direitos claros relacionados à inclusão e à acessibilida"
Cruzeiro do Sul Virtual,br.com.cruzeirodosulvirtual,5,2026-09-22 21:54:59,sempre receptivos a ajudar quando precisamos.
Cruzeiro do Sul Virtual,br.com.cruzeirodosulvirtual,5,2026-09-22 01:34:44,prático e fácil de utilizar
Cruzeiro do Sul Virtual,br.com.cruzeirodosulvirtual,1,2026-09-22 00:54:57,"Horrível esse app de vocês. Tudo quese faz nele te migra para o navegador . Não dá pra fazer nada, não dá pra assistir aula, nem a mensalidade dá pra pagar."
Cruzeiro do Sul Virtual,br.com.cruzeirodosulvirtual,1,2026-09-22 00:32:13,"O app não abre, sempre falha na hora que mais precisa, paga caro na faculdade pro app não funcionar, vocês tem que dar um jeito, eu tô querendo fazer as atividades online e estudar e o app não quer abrir a ala do ambiente virtual que tiração, aí pra cobrar e tirar ponto é bom e na hora de ajudar o aluno não né, tá de palhaçada em Duda!!!!"
Cruzeiro do Sul Virtual,br.com.cruzeirodosulvirtual,5,2026-09-21 16:49:16,excelente organizado fácil navegação intuitivo estou gostando de estudar na Cruzeiro do Sul tem uma interface ótimo
Cruzeiro do Sul Virtual,br.com.cruzeirodosulvirtual,5,2026-09-19 20:45:53,Sempre encontro o que preciso! Útil sem limites!
Cruzeiro do Sul Virtual,br.com.cruzeirodosulvirtual,1,2026-09-17 14:08:29,"esse aplicativo é uma desgraça pra vida do estudante!!! é a primeira vez que algo relacionado ao estudo me estressa tanto. Saí da Uninter pra cruzeiro do sul por ter cursos que eu queria fazer 100% online e pelas boas coisas que ouvi falar das matérias e professores, mas o aplicativo é uma DESGRAÇA. Que arrependimento"
Cruzeiro do Sul Virtual,br.com.cruzeirodosulvirtual,3,2026-09-17 00:30:09,"eu gostaria de poder usar o app no meu notebook, pois pelo celular é muito díficil para mim. Mas eu não sei por qual motivo eu não consigo baixar o aplicativo no meu notebook :( Se alguém puder me ajudar, eu gostaria de saber o motivo disso acontecer."
Cruzeiro do Sul Virtual,br.com.cruzeirodosulvirtual,1,2026-09-15 23:38:47,"Péssimo, a maioria de menus não funciona, volta sempre para a mesma página, calendário não existe, nem o resultado das provas não consegue ver, só no computador. Deprimente, só serve para emitir o boleto e olhe lá..."
Cruzeiro do Sul Virtual,br.com.cruzeirodosulvirtual,1,2026-09-15 22:58:13,app não está funcionando no meu celular
Cruzeiro do Sul Virtual,br.com.cruzeirodosulvirtual,2,2026-09-15 21:00:33,"ruim , pesado,vdemora pra carregar, tem que ficar fazendo o login td vez."
Cruzeiro do Sul Virtual,br.com.cruzeirodosulvirtual,4,2026-09-12 04:01:15,melhorar a flexibilidade nas negociações
Cruzeiro do Sul Virtual,br.com.cruzeirodosulvirtual,5,2026-09-12 00:27:14,"app muito tranquilo de usar, mais fácil que a plataforma"
Cruzeiro do Sul Virtual,br.com.cruzeirodosulvirtual,1,2026-09-11 22:00:09,preciso fazer minha prova e ela simplesmente não carrega ja tentei em 3 celular 3 Wi-Fi e dados moveis e não vai
Cruzeiro do Sul Virtual,br.com.cruzeirodosulvirtual,5,2026-09-11 18:20:56,"O diferencial está no atendimento, atenção, com carinho, e profissionalismo!!! Podem comprovar...!!!@.."
Cruzeiro do Sul Virtual,br.com.cruzeirodosulvirtual,5,2026-09-11 13:20:41,"perfeito, é um ótimo aplicativo"
Cruzeiro do Sul Virtual,br.com.cruzeirodosulvirtual,5,2026-09-11 12:29:51,"É um grande meio de aprendizagem para jovens e adultos, ou seja, é uma porta para o futuro de muitas pessoas."
Cruzeiro do Sul Virtual,br.com.cruzeirodosulvirtual,5,2026-09-10 23:06:24,"Gotei bastante, muito funcional e eficiente"
Cruzeiro do Sul Virtual,br.com.cruzeirodosulvirtual,5,2026-09-10 22:07:23,Funciona perfeitamente. Muito bom!!!
Cruzeiro do Sul Virtual,br.com.cruzeirodosulvirtual,5,2026-09-10 10:44:02,muito prático de acessar
Cruzeiro do Sul Virtual,br.com.cruzeirodosulvirtual,5,2026-09-10 01:44:50,muito prático o aplicativo. conseguimos resolver praticamente tudo pelo aplicativo.
Cruzeiro do Sul Virtual,br.com.cruzeirodosulvirtual,4,2026-09-09 14:51:12,ainda estou aprendendo a manejar o app
Cruzeiro do Sul Virtual,br.com.cruzeirodosulvirtual,5,2026-09-08 17:47:25,"Minha primeira impressão não foi a melhor, mas depois do atendimento recebido e de entender o funcionamento da plataforma, minha experiência mudou completamente. Estou muito satisfeita com o curso e com a universidade."
Cruzeiro do Sul Virtual,br.com.cruzeirodosulvirtual,1,2026-09-07 03:25:39,"App bem ruim! Me inscrevi agora na faculdade Cruzeiro do Sul e esse app é muito confuso, não tem as matérias separadas, quando finalizamos não aparece concluído, app daí para o navegador, até hoje não conheço os professores bem frustrada..."
Cruzeiro do Sul Virtual,br.com.cruzeirodosulvirtual,5,2026-09-05 09:51:05,Gosto do app porque é prático e isso me proporciona comodidade!
Cruzeiro do Sul Virtual,br.com.cruzeirodosulvirtual,5,2026-09-03 22:09:25,consegui entrar com tranquilidade
Cruzeiro do Sul Virtual,br.com.cruzeirodosulvirtual,5,2026-09-01 22:31:33,ficou mais prático o app
Cruzeiro do Sul Virtual,br.com.cruzeirodosulvirtual,2,2026-09-01 10:33:53,"não permite baixar conteúdo do blackboard, impossibilitando de utilizar aplicativo de leitura para ler os arquivos"
Cruzeiro do Sul Virtual,br.com.cruzeirodosulvirtual,4,2026-09-01 04:29:42,"Eu particularmente estou gostando muito, algumas vezes o app trava, mas acredito que pode ser Também por causa do meu celular que é antigo, mas no geral recomendo..."
Cruzeiro do Sul Virtual,br.com.cruzeirodosulvirtual,3,2026-08-31 17:41:00,Tem dias em que o aplicativo trava muito! demora de mais para abrir!!!
Cruzeiro do Sul Virtual,br.com.cruzeirodosulvirtual,5,2026-08-31 13:43:38,ótimo aplicativo muito prático ajuda muito
Cruzeiro do Sul Virtual,br.com.cruzeirodosulvirtual,4,2026-08-30 22:09:01,melhorou... mas pode ser ainda mais leve.
Cruzeiro do Sul Virtual,br.com.cruzeirodosulvirtual,1,2026-08-30 21:14:02,"pontos Negativos: Muita demora de uma tela para outra, pra achar alguma coisa precisa dar mil voltas, se estou conectada no celular não consigo ao mesmo tempo estar no notebook, desliga um ou o outro, plataforma de prova deveria estar logo no início as datas de cada matérias precisam estar mais visíveis, aulas online precisa estar no mesmo app, de forma prática. enfim modernidade, praticidade se estudamos a distância e porque precisamos de praticidade."
Cruzeiro do Sul Virtual,br.com.cruzeirodosulvirtual,5,2026-08-29 10:55:35,Perfeito e funcional. parabéns.
Cruzeiro do Sul Virtual,br.com.cruzeirodosulvirtual,5,2026-08-26 18:51:28,App e muito bom só não consigo ver aulas aulas
Cruzeiro do Sul Virtual,br.com.cruzeirodosulvirtual,1,2026-08-26 17:27:54,"você tenta atendimento, entra na fila, conversa com o atendente e clica voltar sem querer e PERDE todo o histórico de conversa e tratativas e não tem como voltar, péssimo atendimento ao cliente, uma vergonha"
Cruzeiro do Sul Virtual,br.com.cruzeirodosulvirtual,5,2026-08-26 02:58:36,"gostei muito desde o início que comecei minha graduação, não tenho de reclamar."
Cruzeiro do Sul Virtual,br.com.cruzeirodosulvirtual,1,2026-08-26 00:56:55,"sempre quando voce precisar, ele nao vai funcionar, seja num final de prazo de prova ou quando necessario enviar atividade. Época de prova entao nem se fale, gente ele simplesmente NAO FUNCIONA"
Cruzeiro do Sul Virtual,br.com.cruzeirodosulvirtual,3,2026-08-25 23:06:46,"a interface do app é excelente, é mt fácil localizar tudo, mas cm nem tudo é perfeito.. o app leva mt tempo para carregar qualquer aba que vc abra e não,não é problema de internet, para acessar as matérias é um desafio de paciência, tanto que cheguei no limite quando fui tentar baixar o certificado e a página sai do ar, isso que ele acabou de atualizar, enfim, plataforma em geral é boa mas cabe mudanças para ontem, creio que o app não deve estar suportando a demanda de alunos online.."
Cruzeiro do Sul Virtual,br.com.cruzeirodosulvirtual,4,2026-08-25 21:34:16,"ao retornar de páginas, as vezes acaba saindo do app..."
Cruzeiro do Sul Virtual,br.com.cruzeirodosulvirtual,3,2026-08-25 17:40:15,não e muito bom para notebook
Cruzeiro do Sul Virtual,br.com.cruzeirodosulvirtual,5,2026-08-25 09:07:44,"voltando pra facul, logo serei uma enfer de excelência ❤️☺️"
Cruzeiro do Sul Virtual,br.com.cruzeirodosulvirtual,1,2026-08-25 08:56:30,"A cada atualização, a DUDA fica mais DOIDA. Kkkk Dessa vez, as vídeoaulas não ficam mais na horizontal quando giro a tela do celular. assim, fica ruim pra estudar no Smartphone. Sem contar que a interface só piora."
Cruzeiro do Sul Virtual,br.com.cruzeirodosulvirtual,5,2026-08-24 20:19:27,Grato pela oportunidade de aprender cada dia mais
Cruzeiro do Sul Virtual,br.com.cruzeirodosulvirtual,5,2026-08-21 01:38:22,está sendo muito boa
Cruzeiro do Sul Virtual,br.com.cruzeirodosulvirtual,4,2026-08-20 23:51:02,"app tá muito instável, não consigo abrir as aulas"
Cruzeiro do Sul Virtual,br.com.cruzeirodosulvirtual,5,2026-08-20 10:49:26,"É rápido, prático e eficiente."
Cruzeiro do Sul Virtual,br.com.cruzeirodosulvirtual,2,2026-08-19 18:17:48,Não foi muito bom pra mim. Demora para resolver as solicitações e sem suporte da tutoria que só fazia copiar o que tinha na matéria e não dava nenhuma explicação.
Cruzeiro do Sul Virtual,br.com.cruzeirodosulvirtual,5,2026-08-19 00:27:35,"muito show Parabéns, estou adorando o app, fácil de usar e muito eficiente, também gostaria de Parabenizar pela carterinha da instituição, chegou no Prazo e o designer é show"
Cruzeiro do Sul Virtual,br.com.cruzeirodosulvirtual,5,2026-08-18 18:09:21,"muito bom aplicativo,,, salva a gente"
Cruzeiro do Sul Virtual,br.com.cruzeirodosulvirtual,5,2026-08-17 22:22:12,"Muito prático e está os recursos disponíveis para consultar, disciplinas, documentos entre outros. Braz Cubas está de parabéns por facilitar para os estudantes. Obrigado..."
Cruzeiro do Sul Virtual,br.com.cruzeirodosulvirtual,1,2026-08-16 20:45:51,App muito desfuncional. não consigo acessar meu histórico escolar.
Cruzeiro do Sul Virtual,br.com.cruzeirodosulvirtual,1,2026-08-15 19:39:30,dispositivo ruim pra abaixar no notebook
Cruzeiro do Sul Virtual,br.com.cruzeirodosulvirtual,1,2026-08-14 12:14:54,"horrível sempre fica com insta instabilidade, sempre fica com dificuldade de entrar no app,"
Cruzeiro do Sul Virtual,br.com.cruzeirodosulvirtual,1,2026-08-14 00:50:40,"Aplicativo é péssimo. Tenho muita dificuldade para usar, só fica carregando os arquivos PDF e não mostra o conteúdo. Até para aumentar o volumes dos vídeos é difícil. Um verdadeiro lixo esse app, tinham que refazer do zero."
Cruzeiro do Sul Virtual,br.com.cruzeirodosulvirtual,5,2026-08-13 17:02:43,"muito bom, so não estou conseguindo acessar na tela inicial as atividades complementares depois que ele atualizou."
Cruzeiro do Sul Virtual,br.com.cruzeirodosulvirtual,1,2026-08-13 16:47:50,"não dá para redefinir senha, e não recebi a senha para primeiro acesso, atendimento horrível, desonestidade, só querem vender após matrícula não dão suporte"
Cruzeiro do Sul Virtual,br.com.cruzeirodosulvirtual,5,2026-08-12 09:50:44,"está muito melhor do que antes, o q precisa melhorar e a velocidade ao abrir os conteúdos."
Cruzeiro do Sul Virtual,br.com.cruzeirodosulvirtual,5,2026-08-11 00:16:33,como baixa app duda no notebook?
Cruzeiro do Sul Virtual,br.com.cruzeirodosulvirtual,5,2026-08-10 10:27:36,"Gosto muito do aplicativo Duda da minha faculdade Cruzeiro do Sul, eu indico ."
Cruzeiro do Sul Virtual,br.com.cruzeirodosulvirtual,4,2026-08-09 22:06:48,"o app é complicado de acessar, demora muito para entrar é estressante."
Cruzeiro do Sul Virtual,br.com.cruzeirodosulvirtual,1,2026-08-09 12:28:29,Não consigo baixar o PDF das matérias pra ler e poder estudar. Colocam um máquina pra te atender e vc não resolve nada. Se for fazer faculdade opte por outra.
Cruzeiro do Sul Virtual,br.com.cruzeirodosulvirtual,1,2026-08-08 14:51:28,"Aplicativo horrível, assim como o ensino da Cruzeiro do Sul, falta professores capaz, profissionais, como a Cruzeiro do Sul seria capaz de formar algum profissional, se nem eles são, e nem possuem profissionais, como seria capaz de formar alguém na área da computação, ou qualquer área que seja, olha pra esse aplicativo deles kkk uma criança de 10 anos teria feito melhor. Sem falar das propagandas enganosa deles, semipresencial que não tem um presencial, com vídeos de aulas gravado há 20 anos."
Cruzeiro do Sul Virtual,br.com.cruzeirodosulvirtual,4,2026-08-08 09:15:47,Melhorar a interface é necessário para uma experiência melhor
Cruzeiro do Sul Virtual,br.com.cruzeirodosulvirtual,2,2026-08-06 11:43:38,Tenho bastante dificuldade para acessar os conteúdos. Acredito que uma plataforma onde os comandos sejam mais precisos irá facilitar bastante o processo de estudo dos estudantes.
Cruzeiro do Sul Virtual,br.com.cruzeirodosulvirtual,1,2026-08-06 11:36:29,"Não estou conseguindo carregar o conteúdo para estudar. O app fica horas aberto, com a mensagem ""carregando conteúdo"" mas NUNCA CARREGA! Não é problema de internet, pois o meu Wi-fi é bem rápido e eu também tenho uma boa internet nos dados móveis. Também não é problema de dispositivo, pois estou tentando tanto no celular, quanto no tablet(NOVO). Preciso que este problema seja resolvido logo, para que eu possa conseguir dar prosseguimento no curso."
Cruzeiro do Sul Virtual,br.com.cruzeirodosulvirtual,1,2026-08-05 20:26:06,"O aplicativo sempre dá erro, não consigo entrar e acessar as informações e o curso."
Cruzeiro do Sul Virtual,br.com.cruzeirodosulvirtual,5,2026-08-05 12:19:54,"Ensino de qualidade e app super intuitivo, moderno e funcional. Comparado a outros aplicativos de faculdade, nesse aqui estamos no céu! Tudo moderno, intuitivo, de fácil navegação e entendimento. Estou sempre satisfeita com as atualizações e com a estrutura total do app."
Cruzeiro do Sul Virtual,br.com.cruzeirodosulvirtual,1,2026-08-04 21:31:51,pessimo nao consigo estudar direito
Cruzeiro do Sul Virtual,br.com.cruzeirodosulvirtual,1,2026-08-04 13:13:26,"Horrível esse app. Não é nada intuitivo, vc aperta pra voltar uma etapa e volta absolutamente tudo desde o início, trava muito. Se arrependimento matasse eu taba dura no chão já. Minhas aulas simplesmente n carregam to a 40min com o app aberto esperando e nada."
Cruzeiro do Sul Virtual,br.com.cruzeirodosulvirtual,5,2026-08-03 23:36:57,está mais rápido. gostei.
Cruzeiro do Sul Virtual,br.com.cruzeirodosulvirtual,1,2026-08-03 22:53:06,"Muitas falhas, o CAA online não funciona, ao digitar e enviar o anexo nada acontece, além disso, demora a carregar as páginas e tem sido um transtorno acessar. Erro de carregamento financeiro também. Disciplinas com datas erradas ""2024"", temas transversais não aparece pra mim, conforme falado em aula inaugural."
Cruzeiro do Sul Virtual,br.com.cruzeirodosulvirtual,5,2026-08-03 17:07:26,o aplicativo não está rodando no POCO M6 pro.
Cruzeiro do Sul Virtual,br.com.cruzeirodosulvirtual,5,2026-08-03 03:44:34,agora parece estar melhor
Cruzeiro do Sul Virtual,br.com.cruzeirodosulvirtual,5,2026-08-02 17:53:52,"Excelente escola, se aprende, tem suporte, ajuda dos professores, estrutura excelente para os alunos!"
Cruzeiro do Sul Virtual,br.com.cruzeirodosulvirtual,4,2026-08-02 14:04:08,"Péssimo, não está abrindo vídeo aula de nenhuma matéria."
Cruzeiro do Sul Virtual,br.com.cruzeirodosulvirtual,1,2026-08-02 13:05:43,o app e ruim não consigo logar
Cruzeiro do Sul Virtual,br.com.cruzeirodosulvirtual,5,2026-08-02 03:10:07,muito bom esse aplicativo
Cruzeiro do Sul Virtual,br.com.cruzeirodosulvirtual,1,2026-08-02 01:30:04,"HORRÍVEL, SIMPLESMENTE horrível, nunca imaginei que um aplicativo para estudante seria tão ruim assim 😠... se fosse para ficar indo de um ponto a outro eu faria em outro lugar, agora, para resolver o que precisa não dá... sinceramente, eu acredito que se fosse para acessar a conta do aluno, que usasse só a conta cadastrada e a senha e , não ficar passando de app por app."
Cruzeiro do Sul Virtual,br.com.cruzeirodosulvirtual,4,2026-08-01 14:52:07,"Vocês poderiam deixar a tela do aplicativo aberta mesmo em segundo plano. É meio cansativo ficar entrando no app e perdendo o acesso que você estava estudando. De resto, no momento não tive dificuldades."
Cruzeiro do Sul Virtual,br.com.cruzeirodosulvirtual,5,2026-08-01 12:15:10,"Estou adorando, bastante fácil de entender"
Cruzeiro do Sul Virtual,br.com.cruzeirodosulvirtual,5,2026-07-31 14:35:11,"Gostei do aprendizagem,parabéns! ✨️♥️😇🌎🌐📡☀️✨️🌙⭐️🌈"
Cruzeiro do Sul Virtual,br.com.cruzeirodosulvirtual,5,2026-07-30 20:05:26,"Interface boa, fácil entendimento às ferramentas e bom suporte para conseguir se encontrar depende do seu objetivo"
Cruzeiro do Sul Virtual,br.com.cruzeirodosulvirtual,4,2026-07-29 03:29:03,"O aplicativo Duda poderia, na próxima atualização, trazer como opção nas configurações uma senha de login contra roubos e furtos. Os dados pessoais ficam totalmente vulneráveis e expostos, um prato cheio para pessoas de má índole. Ademais, o aplicativo tem boa facilidade de uso!!! FOCO EM CYBER!!🤝"
Cruzeiro do Sul Virtual,br.com.cruzeirodosulvirtual,5,2026-07-28 12:18:01,Olá! Saudações... Quero deixar aqui na minha avaliação do aplicativo uma Nota 10 à todos envolvidos neste aplicativo DUDA. Muito obrigado!! Muito bom o App. Valeu!
Cruzeiro do Sul Virtual,br.com.cruzeirodosulvirtual,2,2026-07-27 22:15:08,"Cara, pelo amor de Deus, coloquem uns vídeos tutoriais. Que aplicativo horrível de se usar. Ele não é NADA intuitivo. Tem que FACILITAR a vida do usuário, e não DIFICULTAR!"
Cruzeiro do Sul Virtual,br.com.cruzeirodosulvirtual,5,2026-07-24 20:54:46,"Graças a Deus deu tudo certo. estou amando tudo , e muito animada para começar. Aplicativo exelente ,tudo muito bem organizado, com muitas opções, na área do aluno e bem explicado . Deus abençoe a todos"
Cruzeiro do Sul Virtual,br.com.cruzeirodosulvirtual,1,2026-07-24 14:12:15,"Péssimo aplicativo. O layout não é ruim, mas é extremamente lento, muitos dos campos ou links não funcionam e várias funcionalidades simplesmente só existem pra dizer que estão ali. Entrar na Secretaria Virtual é uma das maiores dificuldades. É só uma das muitas universidades que tratam o aluno como número."
Cruzeiro do Sul Virtual,br.com.cruzeirodosulvirtual,5,2026-07-23 19:44:55,"Aplicativo excelente, ótima funcionalidade, fácil acesso. Recomendo! ⭐⭐⭐⭐⭐"
Cruzeiro do Sul Virtual,br.com.cruzeirodosulvirtual,5,2026-07-23 15:40:53,app simples e fácil de utilizar
Cruzeiro do Sul Virtual,br.com.cruzeirodosulvirtual,1,2026-07-21 23:33:08,O botão de chamada continua cinza no Motorola Moto G86 5G mesmo com todas as permissões ativadas.
Cruzeiro do Sul Virtual,br.com.cruzeirodosulvirtual,5,2026-07-21 22:27:11,ótimo aplicativo 👏👏👏
Cruzeiro do Sul Virtual,br.com.cruzeirodosulvirtual,4,2026-07-20 12:14:41,"A plataforma é muito, boa só e chato porque fica pedindo para atualizar toda vez que entra"
Cruzeiro do Sul Virtual,br.com.cruzeirodosulvirtual,5,2026-07-17 12:14:23,O aplicativo atende as necessidades.
Cruzeiro do Sul Virtual,br.com.cruzeirodosulvirtual,5,2026-07-15 23:01:21,aplicativo Duda e maravilhoso a cruzeiro e top de mais
Cruzeiro do Sul Virtual,br.com.cruzeirodosulvirtual,5,2026-07-15 00:13:17,Super prático e dinâmico a interface
Cruzeiro do Sul Virtual,br.com.cruzeirodosulvirtual,5,2026-07-09 00:53:47,por enquanto está ótimo 😃
Cruzeiro do Sul Virtual,br.com.cruzeirodosulvirtual,1,2026-07-08 12:31:45,"App DUDA está fora há 2 dias, preciso saber de uma informação que não tem no portal do aluno. Preciso de um telefone para tirar minhas dúvidas, engraçado que pra atendimento a novos alunos disponibilizam vários números, mas para os que já são alunos é só o aplicativo e se não funciona como é o caso o aluno que se ferre."
Cruzeiro do Sul Virtual,br.com.cruzeirodosulvirtual,5,2026-07-06 04:16:38,Aplicativo muito bom
Cruzeiro do Sul Virtual,br.com.cruzeirodosulvirtual,5,2026-07-05 14:36:06,"aplica bom,gostei da organização"
Cruzeiro do Sul Virtual,br.com.cruzeirodosulvirtual,1,2026-07-05 11:18:28,não consigo usar nada sou TEA ciptea 4577 e puder me oriente se abro um processo por dano moral civil
Cruzeiro do Sul Virtual,br.com.cruzeirodosulvirtual,5,2026-07-05 02:05:44,"é muito bom, mas muitas vezes buga pra abrir a área do aluno, aperto pra abrir, diz que vai abrir e não abre"
Cruzeiro do Sul Virtual,br.com.cruzeirodosulvirtual,5,2026-07-03 14:03:10,"cumpre o que promete , ótimo app, show 👏👏👏"
Cruzeiro do Sul Virtual,br.com.cruzeirodosulvirtual,5,2026-07-02 15:24:31,app muito completo e intuitivo!!! Melhor do que todos que eu conheço até agora!
Cruzeiro do Sul Virtual,br.com.cruzeirodosulvirtual,3,2026-07-02 05:16:20,"faz 3 dias que está com erro, falha no carregamento tente mais tarde, quando.vou realizar pagamento"
Cruzeiro do Sul Virtual,br.com.cruzeirodosulvirtual,5,2026-07-02 00:14:38,bom pra quem fas faulcudade
Cruzeiro do Sul Virtual,br.com.cruzeirodosulvirtual,5,2026-06-30 18:29:41,"Rápido, prático, intuitivo."
Cruzeiro do Sul Virtual,br.com.cruzeirodosulvirtual,1,2026-06-30 00:39:31,no momento o app nao está abrindo . Está com algum problema? não consigo acessar por ele.
Cruzeiro do Sul Virtual,br.com.cruzeirodosulvirtual,5,2026-06-27 17:12:45,sou concluinte de graduação CST em redes de computadores. A experiência é ótima porém a data de colação de grau não ficou clara para mim.
Cruzeiro do Sul Virtual,br.com.cruzeirodosulvirtual,1,2026-06-27 16:00:23,o aplicativo não está funcionando fica saindo sozinho. já desinstalei e instalei novamente e não voutou ao normal
Cruzeiro do Sul Virtual,br.com.cruzeirodosulvirtual,4,2026-06-27 13:39:42,"aplicativo bom, nota 7"
Cruzeiro do Sul Virtual,br.com.cruzeirodosulvirtual,5,2026-06-27 10:44:49,"o aplicativo é de fácil acesso e todas minhas disciplinas estão ao alcance, sendo muito importante para o meu desempenho e desenvolvimento pessoal e profissional."
Cruzeiro do Sul Virtual,br.com.cruzeirodosulvirtual,1,2026-06-26 23:52:41,O app não abre depois da última atualização.
Cruzeiro do Sul Virtual,br.com.cruzeirodosulvirtual,1,2026-06-26 23:12:25,aplicativo abre e fecha
Cruzeiro do Sul Virtual,br.com.cruzeirodosulvirtual,1,2026-06-26 18:17:01,o app não entra e está fechando sozinho
Cruzeiro do Sul Virtual,br.com.cruzeirodosulvirtual,1,2026-06-26 13:30:29,"Meu aplicativo foi atualizado agora quando eu vou abrir, ele fecha automaticamente. Não consigo abrir."
Cruzeiro do Sul Virtual,br.com.cruzeirodosulvirtual,2,2026-06-25 23:56:58,muito ruim muito ruim
Cruzeiro do Sul Virtual,br.com.cruzeirodosulvirtual,5,2026-06-25 19:33:51,gostei 👍 e bem simplificado.
Cruzeiro do Sul Virtual,br.com.cruzeirodosulvirtual,5,2026-06-25 14:52:30,"ele e bom, tirando seus incontáveis travamentos"
Cruzeiro do Sul Virtual,br.com.cruzeirodosulvirtual,4,2026-06-24 02:52:48,"foram cinco anos de muita felicidade junto de uma faculdade que está sempre melhorando pra cada dia atender o aluno , trazendo material que possibilita com que os alunos possam ser enriquecido de material pedagógico de qualidade parabéns"
Cruzeiro do Sul Virtual,br.com.cruzeirodosulvirtual,1,2026-06-23 23:20:28,"Estou tendo problemas com o aplicativo recentemente, fecha sozinho, não consigo fazer nada"
Cruzeiro do Sul Virtual,br.com.cruzeirodosulvirtual,5,2026-06-22 23:20:40,A experiência tem sido positiva.
Cruzeiro do Sul Virtual,br.com.cruzeirodosulvirtual,1,2026-06-21 12:47:56,"app todo desconexo com o site da faculdade, o site já é um ruim o app e igual mandei um comprovante de atividades complementares e nem aparece q foi enviado e ainda as horas q aparece a completar no app é diferente doq está no site da faculdade"
Cruzeiro do Sul Virtual,br.com.cruzeirodosulvirtual,5,2026-06-19 23:08:42,"App eficiente e direto,o uso torna as ferramentas mais simples"
Cruzeiro do Sul Virtual,br.com.cruzeirodosulvirtual,5,2026-06-17 23:30:47,"O aplicativo da Universidade Cruzeiro do Sul é excelente, completo e muito intuitivo. A plataforma reúne todas as informações acadêmicas em um só lugar, facilitando o acesso às disciplinas, materiais de estudo, notas, atividades e comunicados. Além disso, o ambiente virtual é organizado, estável e de fácil navegação, proporcionando uma ótima experiência para os alunos. Os conteúdos disponibilizados são de qualidade, os professores demonstram domínio dos temas abordados e as ferramentas de apoio"
Cruzeiro do Sul Virtual,br.com.cruzeirodosulvirtual,1,2026-06-17 16:20:43,"Péssimo, extremamente lento e o sistema de atendimento é ridículo. Você é obrigado a ficar com a tela aberta o tempo todo, o atendente pediu um comprovante de pagamento, minimizei o aplicativo por alguns segundos para consultar o documento e perdi o atendimento. Depois de esperar mais de 30 minutos na fila, tive que entrar novamente e esperar tudo de novo. Muito mal feito e totalmente ineficiente."
Cruzeiro do Sul Virtual,br.com.cruzeirodosulvirtual,5,2026-06-17 14:01:41,"Este app,funcionou sem falha,e de forma fácil de estudar."
Cruzeiro do Sul Virtual,br.com.cruzeirodosulvirtual,5,2026-06-16 23:00:46,"gostei bastante do aplicativo! me ajuda a estudar, a tirar dúvidas e a pagar a mensalidade sem burocracia."
Cruzeiro do Sul Virtual,br.com.cruzeirodosulvirtual,5,2026-06-15 11:25:33,Bastante prático e fácil de usar
Cruzeiro do Sul Virtual,br.com.cruzeirodosulvirtual,3,2026-06-11 22:35:11,"trava, as vezes sai sozinho na hora que estou digitando alguma coisa."
Cruzeiro do Sul Virtual,br.com.cruzeirodosulvirtual,1,2026-06-10 11:57:37,"lixooooooo!!!! até pra pagar as mensalidades é horrível, gente que absurdo, pleno século XX, com milhões de pessoas utilizando, nada moderno e com fácil acesso nesse app."
Cruzeiro do Sul Virtual,br.com.cruzeirodosulvirtual,5,2026-06-10 01:20:15,aplicativo intuitivo e muito prático. Parabéns Cruzeiro do Sul!
Cruzeiro do Sul Virtual,br.com.cruzeirodosulvirtual,1,2026-06-09 22:29:57,"app fica dando ""erro a todo instante"" e inclusive não consigo gerar o boleto para pagamento exatamente pq da erro.. péssimo aplicativo. edt: agora se não bastasse, na parte ""financeiro"" do app, minha mensalidade consta como vencida e não paga sendo que, paguei adiantado, dia 2 desse mês. Acredito q seja mais um dos muitos bugs q esse app já teve já que, quando vou tentar abrir uma solicitação no CAA, consta que não há nenhuma mensalidade com pendência. App ruim"
Cruzeiro do Sul Virtual,br.com.cruzeirodosulvirtual,5,2026-06-09 15:15:51,Aplicativo de fácil navegação e com uma interface intuitiva. Estou gostando bastante!
Cruzeiro do Sul Virtual,br.com.cruzeirodosulvirtual,5,2026-06-09 14:57:08,"ótimos app , abre fácil super interativo ."
Cruzeiro do Sul Virtual,br.com.cruzeirodosulvirtual,1,2026-06-09 11:40:34,Não estou conseguindo baixar o duda
Cruzeiro do Sul Virtual,br.com.cruzeirodosulvirtual,5,2026-06-08 15:25:15,"O aplicativo ajuda muito quando estou fora de casa .Gosto muito,e muito intuitiva,facil."
Cruzeiro do Sul Virtual,br.com.cruzeirodosulvirtual,4,2026-06-08 03:01:08,"conhecendo o novo acesso, mas pode melhorar a dinâmica do aplicativo, trazendo melhor interação do envio de documentos, incluindo os certificados de cursos anteriores na instituição"
Cruzeiro do Sul Virtual,br.com.cruzeirodosulvirtual,5,2026-06-07 15:26:19,melhores estudos da minha vida
Cruzeiro do Sul Virtual,br.com.cruzeirodosulvirtual,1,2026-06-06 18:45:40,"Muito ruim a experiência que estou tendo com esse aplicativo, não consigo abrir no meu not e acabo tendo que estudar pelo celular onde tenho muita dificuldade."
Cruzeiro do Sul Virtual,br.com.cruzeirodosulvirtual,5,2026-06-05 21:16:25,"App prático, objetivo, rápido, sem bugs, eficiente!"
Cruzeiro do Sul Virtual,br.com.cruzeirodosulvirtual,5,2026-06-05 15:54:29,Muito intuitivo e Prático.
Cruzeiro do Sul Virtual,br.com.cruzeirodosulvirtual,5,2026-06-04 02:58:09,"Muito bom, prático e fácil de usar!"
Cruzeiro do Sul Virtual,br.com.cruzeirodosulvirtual,5,2026-06-03 22:43:01,excelente muito bom. formidável.
Cruzeiro do Sul Virtual,br.com.cruzeirodosulvirtual,5,2026-06-02 23:27:50,"Sim estou gostando, e estou com uma esperança renovadora o sucesso irá permear em minha vida eu creio."
Cruzeiro do Sul Virtual,br.com.cruzeirodosulvirtual,5,2026-06-02 22:13:48,estou muito impactado com o app muito organizado!!
Cruzeiro do Sul Virtual,br.com.cruzeirodosulvirtual,4,2026-06-02 20:48:53,"A gente não consegue imprimir o material, logo a consulta é feita somente pelo aplicativo ou site, que Tb não dá pra imprimir."
Cruzeiro do Sul Virtual,br.com.cruzeirodosulvirtual,5,2026-06-02 18:05:17,"gostando muito da faculdade de ensino , do app de estudos! central de retorno, bem atenciosos."
Cruzeiro do Sul Virtual,br.com.cruzeirodosulvirtual,1,2026-06-01 20:02:41,"Minha também horrível para entrar uma dificuldade não consigo entrar pelo computador só pelo aplicativo , não sou obrigada estudar pelo aplicativo que detesto"
Cruzeiro do Sul Virtual,br.com.cruzeirodosulvirtual,5,2026-06-01 16:26:34,tem a assistência que eu preciso
Cruzeiro do Sul Virtual,br.com.cruzeirodosulvirtual,5,2026-06-01 10:05:14,bom de mais excelente
Cruzeiro do Sul Virtual,br.com.cruzeirodosulvirtual,5,2026-05-31 12:30:55,"muito bom, prático, fácil de trabalhar ."
Cruzeiro do Sul Virtual,br.com.cruzeirodosulvirtual,5,2026-05-30 22:51:55,"O aplicativo Duda funciona muito bem, não tive dificuldade para mexer, muito funcional."
Cruzeiro do Sul Virtual,br.com.cruzeirodosulvirtual,1,2026-05-30 11:57:10,"Não funciona no tablet s10 Samsung. O App trava demais. Hoje tenho avaliação e não consigo entrar desde ontem. Toda hora a tela em branco como se eu estivesse sem Internet, mas meu sinal está cheio. Tudo funcionando exceto o Duda. E fora que fica saindo toda hora e tem que entrar com senha quando funciona. Péssimo! Quem criou o App nunca teve que estudar por ele, aí criou qualquer coisa pra ganhar dinheiro pela 'esperteza' que é diferente de 'inteligência'. Arrumem isso. Cheio de bugs."
Cruzeiro do Sul Virtual,br.com.cruzeirodosulvirtual,1,2026-05-28 23:41:55,Péssima tem mas de semana que não consigo acessar
Cruzeiro do Sul Virtual,br.com.cruzeirodosulvirtual,5,2026-05-28 23:06:02,"Bem, é pelo Duda que estou caminhando para receber o meu Diploma, tão suado e tão desejado! Estou satisfeita e dou sim, cinco estrelas!"
Cruzeiro do Sul Virtual,br.com.cruzeirodosulvirtual,5,2026-05-28 21:59:49,Esse aplicativo ajuda muito nos estudos
Cruzeiro do Sul Virtual,br.com.cruzeirodosulvirtual,5,2026-05-28 18:29:11,Sim ajuda bem a vida do acadêmico
Cruzeiro do Sul Virtual,br.com.cruzeirodosulvirtual,5,2026-05-28 11:21:26,maravilhoso esse aplicativo
Cruzeiro do Sul Virtual,br.com.cruzeirodosulvirtual,5,2026-05-28 03:09:12,Precisa melhorar e muito
Cruzeiro do Sul Virtual,br.com.cruzeirodosulvirtual,5,2026-05-28 02:45:43,estou gostando muito dessa experiência
Cruzeiro do Sul Virtual,br.com.cruzeirodosulvirtual,4,2026-05-27 14:06:52,poderia ser melhor otimizado
Cruzeiro do Sul Virtual,br.com.cruzeirodosulvirtual,1,2026-05-26 20:06:58,péssimo! não está abrindo o conteúdo da disciplina!
Cruzeiro do Sul Virtual,br.com.cruzeirodosulvirtual,1,2026-05-26 01:58:45,"pelo amor de deus melhorem esse aplicativo nunca vi da tanto erro e a página falar que nao carrega, todo vez que estou fazendo uma atividade da problema."
Cruzeiro do Sul Virtual,br.com.cruzeirodosulvirtual,1,2026-05-25 16:54:22,Péssimo app faz tempo q não consigo acessar pedi o email eu coloco e diz que não tem como fazer pq não é uma conta válida. como isso
Cruzeiro do Sul Virtual,br.com.cruzeirodosulvirtual,2,2026-05-25 15:09:12,deveria ter como eu marcar aonde eu quero continuar a escola manda média de 20 30 coisa para ler e assistir toda vez que você fecha o aplicativo acesso por navegador pede validação duas etapas toda hora
Cruzeiro do Sul Virtual,br.com.cruzeirodosulvirtual,5,2026-05-24 01:01:23,Muito fácil e com muito conteúdo
Cruzeiro do Sul Virtual,br.com.cruzeirodosulvirtual,4,2026-05-23 01:06:35,O app a cada dia está ficando melhor.
Cruzeiro do Sul Virtual,br.com.cruzeirodosulvirtual,1,2026-05-22 14:16:53,"horrível, o app é lento demais"
Cruzeiro do Sul Virtual,br.com.cruzeirodosulvirtual,5,2026-05-22 13:19:57,maravilhoso show ótimo 👏👏👏
Cruzeiro do Sul Virtual,br.com.cruzeirodosulvirtual,3,2026-05-21 18:22:59,"as vezes ele fka muito lento , com difícil acesso a plataforma"
Cruzeiro do Sul Virtual,br.com.cruzeirodosulvirtual,5,2026-05-21 11:49:23,excelente o aplicativo
Cruzeiro do Sul Virtual,br.com.cruzeirodosulvirtual,5,2026-05-20 15:59:20,"app muito bom e fácil de navegar ,bem intuitivo."
Cruzeiro do Sul Virtual,br.com.cruzeirodosulvirtual,4,2026-05-16 14:58:21,"aplicativo interativo, difícil não abrir. muito bom. gosto bastante."
Cruzeiro do Sul Virtual,br.com.cruzeirodosulvirtual,5,2026-05-15 20:35:32,"uma universidade que entrega o que promete, tem bom ambiente para os alunos, oferece todo apoio necessário, e tem os melhores professores, que realmente se importam com o aluno. eu recomendo, minhas filhas se formaram nesta universidade e agora sou eu que estou estudando"
Cruzeiro do Sul Virtual,br.com.cruzeirodosulvirtual,4,2026-05-15 20:04:42,"Muito bom e funcional, só apresenta travamentos ocasionais"
Cruzeiro do Sul Virtual,br.com.cruzeirodosulvirtual,1,2026-05-14 23:31:16,o app e ruim de mais trava não abre o conteudo das disciplinas me comecei a estudar dois dias apenas e nos outros não abre mais não consigo estudar me arrependi de ter me matriculado nessa faculdade com app tão ruim que não conseguimos nem estudar
Cruzeiro do Sul Virtual,br.com.cruzeirodosulvirtual,1,2026-05-14 00:44:25,"Experiência péssima. Desde que fiz o primeiro login neste aplicativo, não consigo mais acessar as matérias pelo navegador. Já abri duas solicitações, mas elas foram encerradas com a justificativa de que não existe problema de login. Já tentei acessar por todos os navegadores, tanto em sistemas Linux quanto Windows. Estou pensando seriamente em desistir e procurar uma instituição de ensino que realmente resolva os problemas de seus alunos."
Cruzeiro do Sul Virtual,br.com.cruzeirodosulvirtual,5,2026-05-13 14:30:27,Ótima todas as informações
Cruzeiro do Sul Virtual,br.com.cruzeirodosulvirtual,4,2026-05-13 14:21:39,"O aplicativo Duda é muito útil, sem ele agente dá muita volta para chegar às disciplnas."
Cruzeiro do Sul Virtual,br.com.cruzeirodosulvirtual,3,2026-05-12 18:51:58,"Olá! Não estou conseguindo acessar o app. Fui orientada a fazer a redefinição de senha para o primeiro acesso, e ao tentar realizar o primeiro acesso foi passado um código para o meu celular, no qual eu inseria esse código no app e constava como ""código incorreto"" sendo que não estava incorreto. Sendo assim, fui bloqueada de entrar no app por conta de muitas tentativas e não consigo resolver. Preciso de ajuda de um administrador."
Cruzeiro do Sul Virtual,br.com.cruzeirodosulvirtual,1,2026-05-12 00:10:09,"e péssimo, a plataforma de prova e horrível, trava, sai da conta e tem que ficar refazendo a senha, para falar com eles e tipo serviços da Tim, vc roda roda e não resolve."
Cruzeiro do Sul Virtual,br.com.cruzeirodosulvirtual,5,2026-05-11 14:08:55,"O Aplicativo é ótimo, até agora não tive problema."
Cruzeiro do Sul Virtual,br.com.cruzeirodosulvirtual,5,2026-05-10 15:53:16,"estou amando , o meu curso na escola cruzeiro do Sul , nota 10"
Cruzeiro do Sul Virtual,br.com.cruzeirodosulvirtual,5,2026-05-10 15:20:24,"estou perdendo o medo mas, ainda não encontrei nada que dificulte minhas.consultas."
Cruzeiro do Sul Virtual,br.com.cruzeirodosulvirtual,5,2026-05-08 19:16:17,não consigo atualizar o app
Cruzeiro do Sul Virtual,br.com.cruzeirodosulvirtual,4,2026-05-08 14:50:26,"não tenho problemas, intuitivo e objetivo."
Cruzeiro do Sul Virtual,br.com.cruzeirodosulvirtual,5,2026-05-07 23:55:24,"faço tudo que preciso por ele, muito prático"
Cruzeiro do Sul Virtual,br.com.cruzeirodosulvirtual,1,2026-05-06 22:00:57,caramba faz dias to tentando entrar no app nao consigo por nada
Cruzeiro do Sul Virtual,br.com.cruzeirodosulvirtual,1,2026-05-06 20:24:11,"Péssimo aplicativo, nunca funciona, atualiza sempre e mesmo assim não funciona."
Cruzeiro do Sul Virtual,br.com.cruzeirodosulvirtual,1,2026-05-06 11:41:59,"profundamente desapontado com a cruzeiro do sul em questão as atividades complementares, sem suporte adequado, negam os comprovantes e não dá um retorno, negam os PRÓPRIOS comprovantes da masterclass cruzeiro do sul e também não dão retorno"
Cruzeiro do Sul Virtual,br.com.cruzeirodosulvirtual,2,2026-05-06 10:27:55,"infelizmente, não consigo entrar no aplicativo, pois o código de verificação não chega nunca, não consigo acessar minhas aulas online, estou perdendo vários prazos."
Cruzeiro do Sul Virtual,br.com.cruzeirodosulvirtual,5,2026-05-05 17:00:12,"Eu dou nota 5 pro aplicativo. Não vi nenhum problema no aplicativo, achei muito fácil de mexer nele, não trava, abre os arquivos direitinho. Não tenho nenhuma reclamação. Simplesmente amei. 😊"
Cruzeiro do Sul Virtual,br.com.cruzeirodosulvirtual,1,2026-05-05 12:37:52,péssimo vive dando problema trava e fica carregando página não abre péssimo mesmo
Cruzeiro do Sul Virtual,br.com.cruzeirodosulvirtual,1,2026-05-05 00:16:27,Aplicativo horroroso. Dá problema de autenticação o tempo todo. Já tentei contato com o suporte técnico da Cruzeiro do Sul e nada... Está prejudicando minha graduação por conta desses problemas de autenticação e de travar a tela de login.
Cruzeiro do Sul Virtual,br.com.cruzeirodosulvirtual,4,2026-05-04 01:42:22,nao consigo entrar no app
Cruzeiro do Sul Virtual,br.com.cruzeirodosulvirtual,5,2026-05-03 19:23:28,"eficiente e prático , muito bom."
Cruzeiro do Sul Virtual,br.com.cruzeirodosulvirtual,3,2026-05-03 19:20:08,"App é bom quando deixa entrar, coloco o CPF e aparece erro tente mais tarde. Aí só estudo no dia que o aplicativo funciona."
Cruzeiro do Sul Virtual,br.com.cruzeirodosulvirtual,1,2026-05-01 15:25:16,aplicativo péssimo ! não consigo acessar não consigo entrar com e-mail acadêmico e pior que não tenho a senha ! péssimo péssimo
Cruzeiro do Sul Virtual,br.com.cruzeirodosulvirtual,1,2026-04-30 02:31:08,"Eu odeio com todas as minhas forças esse aplicativo, o meu maior arrependimento foi mudar de faculdade por causa de valores de mensalidades, onde a faculdade anterior tinha tudo mastigado, cada ícone para cada coisa é até bonito de se ver. Infelizmente nao foi uma boa decisão."
Cruzeiro do Sul Virtual,br.com.cruzeirodosulvirtual,5,2026-04-30 00:47:59,Aplicativo Excelente. Ótima iniciativa da Cruzeiro do Sul Educacional.
Cruzeiro do Sul Virtual,br.com.cruzeirodosulvirtual,1,2026-04-30 00:04:22,"pensa num aplicativo trabalhoso, qd a gente mais precisa, não entra"
Cruzeiro do Sul Virtual,br.com.cruzeirodosulvirtual,5,2026-04-29 22:17:07,"estou gostando, pôr enquanto não tenho do que reclamar"
Cruzeiro do Sul Virtual,br.com.cruzeirodosulvirtual,2,2026-04-29 21:24:28,"Instável, trava muito"
Cruzeiro do Sul Virtual,br.com.cruzeirodosulvirtual,3,2026-04-28 23:40:51,plataforma cai em momentos extremamente importantes como provas por múltiplos acessos ao mesmo tempo.
Cruzeiro do Sul Virtual,br.com.cruzeirodosulvirtual,4,2026-04-28 19:30:10,Ainda pode melhorar pra facilitar o uso do APP pra encontrae os temas transversais e as atividades complementares...são tão doações
Cruzeiro do Sul Virtual,br.com.cruzeirodosulvirtual,1,2026-04-28 10:17:51,O app não está fazendo login tem dias que tento entrar com meu CPF e manda voltar depois pois houve erro
Cruzeiro do Sul Virtual,br.com.cruzeirodosulvirtual,5,2026-04-26 14:48:20,Eu estou fazendo arquitetura e urbanismo pela cruzeiro do sul
Cruzeiro do Sul Virtual,br.com.cruzeirodosulvirtual,2,2026-04-23 20:44:22,"a faculdade ter o seu próprio aplicativo é uma coisa muito boa, so que acaba ficando ruim a partir do momento que fica travando e as vezes nem da pra acessar o blackboard, seria ótimo se resolvessem esse problema do aplicativo, é horrível ter um horário certo pra fazer as atividades e quando abre o aplicativo ele simplesmente nao está querendo funcionar."
Cruzeiro do Sul Virtual,br.com.cruzeirodosulvirtual,5,2026-04-23 18:51:12,interface fácil de utilizar
Cruzeiro do Sul Virtual,br.com.cruzeirodosulvirtual,5,2026-04-22 17:16:19,O acesso é muito fácil temos muitas opções de ajuda.
Cruzeiro do Sul Virtual,br.com.cruzeirodosulvirtual,1,2026-04-21 15:39:41,"quando estou vendo os vídeos de tutoria com a tela cheia no celular deitado em vez dele em pé, após uns 25 minutos o app fecha sozinho. simplesmente sai e inicia novamente como se estivesse abrindo o app novamente. toda hora isso acontece"
Cruzeiro do Sul Virtual,br.com.cruzeirodosulvirtual,5,2026-04-20 04:07:37,"ótimo, bem tranquilo e fácil"
Cruzeiro do Sul Virtual,br.com.cruzeirodosulvirtual,1,2026-04-18 05:22:47,"APP é horrível, nada funciona direito, sistema cai o tempo todo, enfiaram UI/UX no **"
Cruzeiro do Sul Virtual,br.com.cruzeirodosulvirtual,5,2026-04-17 18:02:24,"perfeito, tanto o ambiente AVA no navegador quanto no App. Parabéns!"
Cruzeiro do Sul Virtual,br.com.cruzeirodosulvirtual,5,2026-04-17 14:44:28,Excelente aplicativo! até o momento estou adorando. Tudo bem organizado! Irei arrebentar no meu curso de Engenharia de Software.
Cruzeiro do Sul Virtual,br.com.cruzeirodosulvirtual,5,2026-04-17 14:37:25,"super intuitivo,prático e bem objetivo"
Cruzeiro do Sul Virtual,br.com.cruzeirodosulvirtual,5,2026-04-17 02:30:29,experiência maravilhosa e sensacional!
Cruzeiro do Sul Virtual,br.com.cruzeirodosulvirtual,5,2026-04-16 13:28:20,"Excelente app , prático e bem dinâmico"
Cruzeiro do Sul Virtual,br.com.cruzeirodosulvirtual,4,2026-04-16 04:14:01,"melhorou bastante, mas ainda mantém uma certa lentidão ao acessar os conteúdos."
Cruzeiro do Sul Virtual,br.com.cruzeirodosulvirtual,5,2026-04-14 19:56:54,sem dúvidas um dos melhores!
Cruzeiro do Sul Virtual,br.com.cruzeirodosulvirtual,5,2026-04-14 01:03:07,excelente faculdade super indico
Cruzeiro do Sul Virtual,br.com.cruzeirodosulvirtual,3,2026-04-13 23:47:12,"Não consigo acessar a Plataforma de Prova e preciso entregar até a data de hoje as 23h59 e não consigo contato com ninguém, só o robô que responde"
Cruzeiro do Sul Virtual,br.com.cruzeirodosulvirtual,5,2026-04-13 23:15:46,"amo o aplicativo, muito bom"
Cruzeiro do Sul Virtual,br.com.cruzeirodosulvirtual,1,2026-04-13 22:33:20,"Não estou conseguindo acessar o aplicativo.Ele trava..! Lamentável..! Enquanto isso, matérias vem acumulando . Administradores , vamos tomar providência..!"
Cruzeiro do Sul Virtual,br.com.cruzeirodosulvirtual,1,2026-04-13 21:55:08,"péssimo, o QR code demora mais de 20min"
Cruzeiro do Sul Virtual,br.com.cruzeirodosulvirtual,1,2026-04-12 22:00:12,"o app da muito erro,não dá pra usar só o app pra estudar"
Cruzeiro do Sul Virtual,br.com.cruzeirodosulvirtual,3,2026-04-12 21:17:59,trava muito e oq fizeram com a matéria online (pelo menos no curso de pedagogia) deixou muito confuso e difícil de fazer oq tem que ser feito :/
Cruzeiro do Sul Virtual,br.com.cruzeirodosulvirtual,1,2026-04-12 17:28:27,Péssimo pra acessar tela cheia e péssimo acesso pra aula ao vivo.
Cruzeiro do Sul Virtual,br.com.cruzeirodosulvirtual,3,2026-04-12 10:43:00,um app prático e rapido mais precisa melhorar muito do nada os bug e algumas disciplinas nada haver com meu curso nao atualiza rapido e trava muito
Cruzeiro do Sul Virtual,br.com.cruzeirodosulvirtual,1,2026-04-10 21:18:08,"Não estou conseguindo acessar de jeito nenhum. Me matriculei recentemente e até agora não consegui acessar o aplicativo. O mesmo apresenta erro. Fiz o passo a passo certinho, informei o e-mail de estudante e cliquei em ""esqueci senha"" como informaram no E-mail. E então recebo a mensagem que não posso redefinir a senha porque ainda não me registrei para a definição de senha, para contatar o administrador. Pedi suporte via WhatsApp, é somente para candidatos. A experiência não está legal..."
Cruzeiro do Sul Virtual,br.com.cruzeirodosulvirtual,3,2026-04-09 23:27:28,"poderia ser mais otimizado, mas é satisfatório até certo ponto."
Cruzeiro do Sul Virtual,br.com.cruzeirodosulvirtual,1,2026-04-09 17:54:55,o objetivo que era fazer o curso não consegui
Cruzeiro do Sul Virtual,br.com.cruzeirodosulvirtual,5,2026-04-09 14:25:32,ótimo ferramentas excelentes para estudar
Cruzeiro do Sul Virtual,br.com.cruzeirodosulvirtual,1,2026-04-08 23:47:16,complicado não consigo acessar esta cada vez pior prá ver as matérias o app deveria ser mais simples
Cruzeiro do Sul Virtual,br.com.cruzeirodosulvirtual,4,2026-04-08 22:45:12,"O app é bom, o qgrande porém é que as vezes ele acaba ficando bem instável, talvez seja por estarem quase sempre manutenção. Mas para nós, acadêmicos, é um meio de acesso que ajuda bastante."
Cruzeiro do Sul Virtual,br.com.cruzeirodosulvirtual,5,2026-04-08 22:32:12,eu gostaria de saber usar melhor
Cruzeiro do Sul Virtual,br.com.cruzeirodosulvirtual,5,2026-04-08 11:17:10,"Aplicativo muito bom. Ajuda nas rotinas acadêmicas, é intutivo e fácil de usar. A possibilidade de baixar materiais e acessar a biblioteca virtual facilita muito o dia a dia."
Cruzeiro do Sul Virtual,br.com.cruzeirodosulvirtual,1,2026-04-08 00:28:16,"não consigo instalar ele no notebook, fica em uma redundância sem fim"
Cruzeiro do Sul Virtual,br.com.cruzeirodosulvirtual,4,2026-04-07 15:08:10,só não dou 5 estrelas porque as vezes trava o APP e demora entrar no blackboard.
Cruzeiro do Sul Virtual,br.com.cruzeirodosulvirtual,5,2026-04-06 16:29:47,foi rápido o acesso muito bom
Cruzeiro do Sul Virtual,br.com.cruzeirodosulvirtual,5,2026-04-06 05:02:17,estou gostando bastante
Cruzeiro do Sul Virtual,br.com.cruzeirodosulvirtual,5,2026-04-05 08:25:46,imagem de boa qualidade.
Cruzeiro do Sul Virtual,br.com.cruzeirodosulvirtual,1,2026-04-04 13:24:38,Aplicativo horrível sempre trava
Cruzeiro do Sul Virtual,br.com.cruzeirodosulvirtual,4,2026-04-03 19:12:19,excelente este aplicativo
Cruzeiro do Sul Virtual,br.com.cruzeirodosulvirtual,5,2026-04-02 13:47:40,fácil de usar e leve
Cruzeiro do Sul Virtual,br.com.cruzeirodosulvirtual,3,2026-04-01 17:56:02,"O app é bom , mas precisa melhorar. Tem atividades das disciplinas que ficam escondidos ocultos. Pra acessar as áreas em Blackboard é demorado."
Cruzeiro do Sul Virtual,br.com.cruzeirodosulvirtual,1,2026-04-01 03:40:59,"Mds que app inútil. Não carrega a maioria das abas, dificuldade pra gerar QUALQUER tipo de pagamento, impossibilidade de mandar horas complementares."
Cruzeiro do Sul Virtual,br.com.cruzeirodosulvirtual,1,2026-04-01 02:13:22,"não o utilizei ainda, por isso só uma estrela,o motivo é que para entrar pedem um código de segurança, porém não tenho o número em que cairia esse código."
Cruzeiro do Sul Virtual,br.com.cruzeirodosulvirtual,1,2026-03-31 02:12:36,"O aplicativo pede quase toda semana uma autenticação que chega por SMS (não sei porque não por e-mail). moro na zona rural onde não tem 4G, e isso se tornou um pesadelo pras pessoas daqui que usam esse aplicativo. gastamos mais com passagem pra cidade pra resolver isso do que com a mensalidade da faculdade. É uma pena! já perdi até prova!"
Cruzeiro do Sul Virtual,br.com.cruzeirodosulvirtual,5,2026-03-31 00:09:10,"Tenho gostado do aplicativo, tem sido fácil e prático de utilizar."
Cruzeiro do Sul Virtual,br.com.cruzeirodosulvirtual,5,2026-03-30 22:25:56,Estou gostando muito.
Cruzeiro do Sul Virtual,br.com.cruzeirodosulvirtual,1,2026-03-30 21:35:47,Não consigo falar com ninguém só virtualmente. isso é péssimo. Até agora não resolvir. unipê!
Cruzeiro do Sul Virtual,br.com.cruzeirodosulvirtual,5,2026-03-28 17:05:27,"olha pode melhorar, mas está ótimo."
Cruzeiro do Sul Virtual,br.com.cruzeirodosulvirtual,5,2026-03-26 23:45:49,Estou começando a usar o aplicativo e já estou gostando
Cruzeiro do Sul Virtual,br.com.cruzeirodosulvirtual,5,2026-03-25 22:20:04,"Excelente, de fácil acesso, aulas com muita qualidade, parabéns e obrigado."
Cruzeiro do Sul Virtual,br.com.cruzeirodosulvirtual,5,2026-03-25 21:38:16,"Aplicativo muito didático, fácil de entender e navegar, tudo que o aluno precisa está nele."
Cruzeiro do Sul Virtual,br.com.cruzeirodosulvirtual,5,2026-03-25 19:49:50,cancelei matricula por nao ter condições de pagar faculdade
Cruzeiro do Sul Virtual,br.com.cruzeirodosulvirtual,1,2026-03-25 01:06:51,"ele simplesmente fecha do nada toda hora, impossível de estudar"
Cruzeiro do Sul Virtual,br.com.cruzeirodosulvirtual,5,2026-03-25 00:55:34,melhorou muito.agora não trava
Cruzeiro do Sul Virtual,br.com.cruzeirodosulvirtual,3,2026-03-24 22:47:41,Quando está no ar é bom.
Cruzeiro do Sul Virtual,br.com.cruzeirodosulvirtual,3,2026-03-24 16:00:14,"aplicativo bom, mas de uan tempos pra cá não consigo baixar os pdf's das disciplinas. No entanto, não tenho nada a reclamar. Visual muito bonito também"
Cruzeiro do Sul Virtual,br.com.cruzeirodosulvirtual,3,2026-03-22 22:57:41,"sobrecarrega muitas vezes, mas a usabilidade é muito boa quando funciona"
UNIP,br.unip.secretariaonlineunip,5,2026-09-23 14:38:08,muito prático e eficaz
UNIP,br.unip.secretariaonlineunip,4,2026-09-23 13:50:30,"prático, facilidade, somente falta colocar secretaria online neste aplicativo"
UNIP,br.unip.secretariaonlineunip,4,2026-09-22 21:32:07,"ele é bom , pois é muito mais rápido que entrar pelo Chrome. Só tem alguns problemas como não dá para ver o calendário completo certinho por ele e para enviar os trabalhos só pelo Chrome, tirando isso é muito bom"
UNIP,br.unip.secretariaonlineunip,4,2026-09-22 21:01:51,é bom mas em semana de prova e final de semestre não abre de jeito nenhum
UNIP,br.unip.secretariaonlineunip,5,2026-09-21 15:37:29,"Otima ferramenta da Unip, uso tanto pela web quanto pelo app"
UNIP,br.unip.secretariaonlineunip,5,2026-09-18 11:19:36,Foi tranquilo o uso do app
UNIP,br.unip.secretariaonlineunip,1,2026-09-14 23:14:39,"Fica deslongando do meu login toda vez que vou passar na catraca, mesmo ativando o modo offline também."
UNIP,br.unip.secretariaonlineunip,5,2026-09-08 13:23:15,Tudo muito organizado e eficiente
UNIP,br.unip.secretariaonlineunip,5,2026-09-07 21:55:10,muito mais facil e intuitivo.
UNIP,br.unip.secretariaonlineunip,1,2026-09-07 11:51:40,Depois que fizeram a atualização ficou péssimo. Já reportei reclamação na ouvidoria duas vezes e eles não fizeram nada. Não consigo tirar um boleto e as vezes nem aula consigo assistir. além do aplicativo o site está péssimo.
UNIP,br.unip.secretariaonlineunip,5,2026-09-06 16:00:39,É ótimo. serve para o que propoe
UNIP,br.unip.secretariaonlineunip,5,2026-08-31 06:43:03,"ficou mais intuitivo, claro e fácil de usar"
UNIP,br.unip.secretariaonlineunip,3,2026-08-29 04:32:59,o app anda travando muito
UNIP,br.unip.secretariaonlineunip,4,2026-08-28 17:46:45,"é ótimo, só não gosto que ele desloga minha conta o tempo todo e abre a carteirinha automaticamente, fora isso está bem melhor atualmente"
UNIP,br.unip.secretariaonlineunip,1,2026-08-28 10:48:36,"Ele atualiza e depois regride, nunca vi isso. As aulas não voltam de onde paramos, antes dava pra bloquear a tela e continuar ouvindo as aulas e agora não pode mais."
UNIP,br.unip.secretariaonlineunip,1,2026-08-28 00:28:32,"não estou conseguindo acessar, já mudei minha senha e nada"
UNIP,br.unip.secretariaonlineunip,5,2026-08-26 22:59:43,Muito bom e facilitou o trabalho.
UNIP,br.unip.secretariaonlineunip,5,2026-08-26 12:50:18,Ótima plataforma de estudos!
UNIP,br.unip.secretariaonlineunip,1,2026-08-21 23:41:12,"Aplicação sem funcionalidade útil alguma, não tem uma coisa simples que toda faculdade tem que é o quadro de aulas com os horários presenciais, vc tem q se humilhar e depender de representante de sala de aula pra saber coisas BÁSICAS do curso, na época da inteligência artificial a unip ainda está estacionada em 2014."
UNIP,br.unip.secretariaonlineunip,1,2026-08-21 00:50:56,"Menino isso é um lixo. Todas as vezes que vou usar o app para estudar, simplesmente não funciona. Existe alguma solução? Vocês que são inteligentes 🤣 sabem dizer provedores do app"
UNIP,br.unip.secretariaonlineunip,5,2026-08-16 13:53:32,"após a atualização, o APK ficou mais eficiente e trava menos."
UNIP,br.unip.secretariaonlineunip,5,2026-08-14 11:43:19,melhor universidade do Brasil
UNIP,br.unip.secretariaonlineunip,5,2026-08-13 01:10:21,depois da nova atualização está ótimo!
UNIP,br.unip.secretariaonlineunip,5,2026-08-11 14:33:29,"muito bom , parabéns pois ajuda- nós a emergir neste âmbito do conhecimento"
UNIP,br.unip.secretariaonlineunip,5,2026-08-10 13:16:26,Só precisa ser todo visível atrás do dispositivo celular para quem não tem acesso a um computador.
UNIP,br.unip.secretariaonlineunip,5,2026-08-06 23:42:27,Reformularam o app e estão lindo e excelente!
UNIP,br.unip.secretariaonlineunip,5,2026-08-05 10:51:16,Gostei mto. Facilidade de acessar os serviços por janelas bem acessíveis/claras. Bem intuitivo e prático. Gostei mto!
UNIP,br.unip.secretariaonlineunip,5,2026-08-04 16:53:42,Aplicativo fácil de usar.
UNIP,br.unip.secretariaonlineunip,5,2026-08-03 17:15:48,"Excelente app, tem as funções básicas e funciona muito bem."
UNIP,br.unip.secretariaonlineunip,4,2026-08-02 21:06:24,"Algo novo pra mim, porém muito bom 👏🏻👏🏻"
UNIP,br.unip.secretariaonlineunip,5,2026-07-26 13:00:48,Atualização ficou muito boa
UNIP,br.unip.secretariaonlineunip,5,2026-07-25 17:55:26,"Melhor Universidade, professores de alta qualidade, simplesmente amooo."
UNIP,br.unip.secretariaonlineunip,5,2026-07-21 13:56:04,pelo time de pessoas que sempre estão disposta a ajuda são muito atenciosos com alunos estão de parabéns 👏🏽👏🏽👏🏽👏🏽👏🏽 atendimento nota 💯💯 para time da unip Butantã. e meu polo e todos polo
UNIP,br.unip.secretariaonlineunip,5,2026-07-21 13:21:01,muito fácil e prático
UNIP,br.unip.secretariaonlineunip,5,2026-07-20 19:32:45,eu gostei dele.ja aprendi muito através dele
UNIP,br.unip.secretariaonlineunip,4,2026-07-17 13:30:15,muito bom! melhorou bastante!
UNIP,br.unip.secretariaonlineunip,5,2026-07-16 02:38:20,"Acho muito bom e nos últimos meses, eles melhoraram ainda mais."
UNIP,br.unip.secretariaonlineunip,5,2026-07-15 14:59:17,"ótimo, facilita bastante a vida do aluno"
UNIP,br.unip.secretariaonlineunip,5,2026-07-14 21:56:52,"O aplicativo ganhou uma outra, cara! Parabéns aos desenvolvedores."
UNIP,br.unip.secretariaonlineunip,5,2026-07-14 09:48:08,constar o financeiro ajudou bastante
UNIP,br.unip.secretariaonlineunip,5,2026-07-13 00:56:59,"App é muito útil, funciona perfeitamente bem."
UNIP,br.unip.secretariaonlineunip,5,2026-07-12 20:20:08,Tem funcionado direitinho. Só falta podermos colocar as horas de estágio lá também.
UNIP,br.unip.secretariaonlineunip,5,2026-07-10 19:16:34,Muito bom o aplicativo da Unip.
UNIP,br.unip.secretariaonlineunip,4,2026-07-08 11:46:11,unico defeito que tenho a acrescentar é o problema que o site tem em se manter estável quando há muitos acessos ao mesmo tempo.
UNIP,br.unip.secretariaonlineunip,4,2026-07-07 13:41:59,"bem útil, ainda dá pra entrar com a biometria!"
UNIP,br.unip.secretariaonlineunip,5,2026-07-07 11:13:49,"Ótimo aplicativo, com a nova atualização ficou super prático!"
UNIP,br.unip.secretariaonlineunip,5,2026-07-05 11:54:39,O aplicativo é bom.gostei da nova atualização.
UNIP,br.unip.secretariaonlineunip,5,2026-07-04 11:52:33,"o app é muito bom, uma mão na roda, acho que o seu único defeito, é o fato de deslogar da minha conta com frequência, e sempre que vou passar na catraca da faculdade tenho que voltar atrás (liberando a fila), para poder logar novamente e acessar minha carteirinha e só assim conseguir entrar na faculdade."
UNIP,br.unip.secretariaonlineunip,4,2026-07-03 15:11:55,bem mais prático e organizado!
UNIP,br.unip.secretariaonlineunip,5,2026-07-03 12:25:30,com essa melhoria no sistema agora assim o app ficou bom
UNIP,br.unip.secretariaonlineunip,5,2026-07-03 08:19:02,"App bem funcional, falta algumas opções do navegador, mas no todo é excelente!"
UNIP,br.unip.secretariaonlineunip,5,2026-07-02 00:14:51,"Excelente aplicativo, tem tudo que o aluno precisa na plataforma."
UNIP,br.unip.secretariaonlineunip,5,2026-07-01 19:23:48,Bastante prático e carrega rápido.
UNIP,br.unip.secretariaonlineunip,5,2026-06-30 08:16:51,Aplicativo ágil e muito bom.
UNIP,br.unip.secretariaonlineunip,5,2026-06-29 00:00:09,Excelente App. Rápido e fácil de usar
UNIP,br.unip.secretariaonlineunip,4,2026-06-28 17:48:19,Muito boa a dinâmica
UNIP,br.unip.secretariaonlineunip,5,2026-06-27 23:07:05,aplicativo é fácil para acessar
UNIP,br.unip.secretariaonlineunip,5,2026-06-27 18:21:04,Ambiente sensacional! Certamente o melhor AVA do Brasil. Muito precisa esta nova versão e é uma evolução muito aplicável. AVA = Nota 10 em estabilidade.
UNIP,br.unip.secretariaonlineunip,5,2026-06-27 17:44:55,"acesso rápido, sistema bem prático e fácil de interagir"
UNIP,br.unip.secretariaonlineunip,5,2026-06-27 02:34:22,melhorou bastante com o novo design
UNIP,br.unip.secretariaonlineunip,5,2026-06-26 09:58:30,Achei muito bom e funcional.
UNIP,br.unip.secretariaonlineunip,5,2026-06-25 22:00:45,boa Plataforma tudo nítido e claro
UNIP,br.unip.secretariaonlineunip,3,2026-06-25 16:17:45,este app da Unip está bom mas poderia ser mais rápido
UNIP,br.unip.secretariaonlineunip,5,2026-06-25 12:52:37,"bom,um pouco demorado de abrir"
UNIP,br.unip.secretariaonlineunip,5,2026-06-25 01:04:38,a atualização ficou muito boa
UNIP,br.unip.secretariaonlineunip,5,2026-06-24 22:57:25,muito bom e de muita facilidade de usar
UNIP,br.unip.secretariaonlineunip,1,2026-06-24 14:14:38,"aplicativo ruim, sistema ruim e suporte péssimo."
UNIP,br.unip.secretariaonlineunip,5,2026-06-24 03:02:57,"App melhorou muito após essa repaginada, parabéns!"
UNIP,br.unip.secretariaonlineunip,5,2026-06-24 01:51:07,achei q seria muito lento mas na vdd ele é bem rápido e bem organizado
UNIP,br.unip.secretariaonlineunip,5,2026-06-23 21:43:27,"um ótimo aplicativo, dá para fazer de tudo dentro do aplicativo pagamentos assistir as aulas online perfeito."
UNIP,br.unip.secretariaonlineunip,5,2026-06-23 21:08:20,o app passou por atualização e melhorou muito
UNIP,br.unip.secretariaonlineunip,4,2026-06-23 12:27:54,"O app ficou muito melhor, só poderiam melhorar o botão de voltar, porque se eu entro no AVA e preciso voltar para as matérias, ele volta ao menu principal, isso é ruim e faz com que façamos o trajeto todo novamente onerando tempo."
UNIP,br.unip.secretariaonlineunip,5,2026-06-23 10:40:49,"muito bom, facilitou muito"
UNIP,br.unip.secretariaonlineunip,5,2026-06-22 21:15:37,"maravilhoso, muito prático"
UNIP,br.unip.secretariaonlineunip,5,2026-06-22 11:26:49,"o aplicativo é muito bom, poderia ter mais funcionalidades, mas já cumpri o papel dele de acesso rápido a informações dos alunos"
UNIP,br.unip.secretariaonlineunip,5,2026-06-22 02:23:07,Prático e de fácil acesso
UNIP,br.unip.secretariaonlineunip,5,2026-06-21 16:39:04,Bem eficiente e prático !!!!
UNIP,br.unip.secretariaonlineunip,5,2026-06-21 13:19:44,"App excelente, muito prático!!"
UNIP,br.unip.secretariaonlineunip,5,2026-06-21 11:41:06,"Aplicativo muito bom, layout bonito e fácil de encontrar as informações"
UNIP,br.unip.secretariaonlineunip,5,2026-06-21 07:05:54,"sim, muito claro e objetivo."
UNIP,br.unip.secretariaonlineunip,5,2026-06-21 02:39:14,"A única coisa que não gostei, foi que não fica salva a senha e sempre tenho que digitar!"
UNIP,br.unip.secretariaonlineunip,5,2026-06-21 01:39:02,melhor app de universidade. Unip e Excelência!!!
UNIP,br.unip.secretariaonlineunip,5,2026-06-20 21:09:48,ótimo aplicativo acadêmico
UNIP,br.unip.secretariaonlineunip,5,2026-06-20 17:30:37,A melhor faculdade do Brasil ❤️ app excelente!
UNIP,br.unip.secretariaonlineunip,5,2026-06-20 13:53:27,"Excelente plataforma, no início é complexo mas depois o domínio é executável."
UNIP,br.unip.secretariaonlineunip,4,2026-06-20 13:52:01,"Att: Atualizaram e disponibilizaram as funções de Estágio, e de Atividades Complementares e Extensão no aplicativo, agora só falta a ferramenta mais importante, que é a Secretária Online. Aii sim o app valerá 5 estrelas. Anterior: até que enfim atualizaram esse app, só falta adicionarem a parte de atividades complementares/extensão e a parte da Secretaria online dentro da plataforma. Ai ficaria bem melhor."
UNIP,br.unip.secretariaonlineunip,5,2026-06-20 12:43:59,"foi muito boa nesses dias ano de faculdade,me formei na Unip nesse mês ,só tenho que agradecer"
UNIP,br.unip.secretariaonlineunip,5,2026-06-20 12:40:29,muito bom e intuitivo
UNIP,br.unip.secretariaonlineunip,1,2026-06-19 14:32:21,"uma palavra "" péssimo"". Não consigo nem entrar, diz que a senha ou usuário está errada."
UNIP,br.unip.secretariaonlineunip,1,2026-06-17 18:22:45,"aplicativo e sistema horroroso, marcamos provas e o sistema não salva, notas de Avas se perdem e nos deixam em dp."
UNIP,br.unip.secretariaonlineunip,1,2026-06-09 15:00:15,não funciona a nova versão . péssimo volte com o outro. não funciona
UNIP,br.unip.secretariaonlineunip,1,2026-06-05 01:37:52,"aplicativo é horrível,gostava do aplicativo antigo"
UNIP,br.unip.secretariaonlineunip,1,2026-05-25 11:35:59,"horrible horrive, trava myito"
UNIP,br.unip.secretariaonlineunip,1,2026-05-22 02:30:50,"Sinceramente, até na minha antiga escola pública o sistema do aluno era melhor que esse site que tá na mesma qualidade que um streaming pirata."
UNIP,br.unip.secretariaonlineunip,3,2026-05-15 17:51:20,"A opção de colocar a vídeo aula em tela cheia não está funcionando no celular, é como se a opção estivesse desativada, clico mas não acontece nada."
UNIP,br.unip.secretariaonlineunip,1,2026-05-11 00:54:23,"horrível, não consigo fazer nd nele , dps da tela inicial simplesmente trava, como quer que os alunos estudem sem ter acesso adequado da plataforma"
UNIP,br.unip.secretariaonlineunip,1,2026-05-04 21:18:54,"esse app é horrível, esse sistema é horrivel, tudo já está péssimo e nem o calendário vc consegue visualizar direito, somente metade dele. Parece q essas coisas foram feitas com a maior má vontade da face da terra, é impressionante."
UNIP,br.unip.secretariaonlineunip,1,2026-05-03 14:18:22,Ha nova atualização do aplicativo unip não está funcionando corretamente.
UNIP,br.unip.secretariaonlineunip,1,2026-04-22 01:31:30,"Estou no curso de pós graduação e nao entra Matrícula e senha, preciso acessar somente pelo site, aplicativo muito ruim!"
UNIP,br.unip.secretariaonlineunip,2,2026-04-14 22:42:27,"Não consigo logar no app desde da última atualização, mesma senha do site e não consigo entrar, o app marca que há um erro no login ou senha, mesmo tentando recuperar a senha, não recebo nem email e nem código por SMS..."
UNIP,br.unip.secretariaonlineunip,2,2026-04-14 22:09:49,"O app apresenta falta de responsividade em tabelas de gabarito (viewports Android), causando corte de elementos e impedindo o scroll lateral. Provável erro de CSS/WebView"
UNIP,br.unip.secretariaonlineunip,5,2026-04-09 23:58:12,o app melhorou muito depois da nova atualização!
UNIP,br.unip.secretariaonlineunip,1,2026-04-08 09:38:30,depois dessa nova atualização esse aplicativo não presta para nada a gente tem que sempre tá pelo site não faz nada pelo aplicativo. qual aplicativo fica só parando.
UNIP,br.unip.secretariaonlineunip,1,2026-04-06 23:15:54,"não indico a ninguém, faculdade que deixa muito a desejar, desde do início do bimestre não consegui a fzer minha fácil pq sempre o sistema cai, hoje cheguei pra prova 06/04/2026 não conheço ninguém da sala o professor não deixou eu fazer a prova pq tinha saído dois alunos sendo q eu estava tentando pegar minha autorização e tinha mais de 20 pessoas na frente. muita injustiça faculdade q deixa a desejar muito"
UNIP,br.unip.secretariaonlineunip,1,2026-04-06 12:36:02,"Depois da última atualização ficou horrível. O aplicativo só trava, não responde. Péssimo!"
UNIP,br.unip.secretariaonlineunip,5,2026-04-06 04:38:18,"Me surpreendi, o aplicativo está funcionando perfeitamente, e está muito dinâmico e bonito, e o bom é que dá para ir estudando em qualquer lugar kkkkk"
UNIP,br.unip.secretariaonlineunip,1,2026-04-02 18:49:19,"depois da última atualização não abre, somente pelo Chrome o app somente fica rodando e não abre aba nenhuma"
UNIP,br.unip.secretariaonlineunip,1,2026-03-30 00:41:08,atualizaram agora não consigo mas entrar no aplicativo
UNIP,br.unip.secretariaonlineunip,1,2026-03-28 21:56:04,não estou conseguindo virar a tela! tá horrível esse app
UNIP,br.unip.secretariaonlineunip,1,2026-03-25 19:34:07,"Este app éra bom, depois da atualização não consigo estudar no celular, este ano ainda não consegui ver um vídeo no smartphone, a atualização ficou péssima Mas a página da secretaria abre sem problemas , façam a mesma coisa com os vídeos."
UNIP,br.unip.secretariaonlineunip,1,2026-03-24 12:11:35,"Horrível, péssimo, estou a semanas tentando acessar e por conta dessa atualização ridícula, não consigo acessar um absurdo!"
UNIP,br.unip.secretariaonlineunip,1,2026-03-23 10:34:21,"atualizou e simplesmente nao abre. Fica dando erro e é isso, um lixo"
UNIP,br.unip.secretariaonlineunip,1,2026-03-22 00:04:05,a atualização piorou o app
UNIP,br.unip.secretariaonlineunip,1,2026-03-21 21:33:19,Desde que atualizou o aplicativo não consigo mais acessar ....
UNIP,br.unip.secretariaonlineunip,1,2026-03-20 13:55:54,"1 por não ter opção 0 o aplicativo falha a todo tempo, uma eternidade para abrir resumo tentam melhorar mas só piora a kda atualização"
UNIP,br.unip.secretariaonlineunip,2,2026-03-20 00:39:27,"Com essa atualização agora consigo visualizar minha carteirinha, porém , não dá pra assistir as vídeo aulas na horizontal só na vertical, parabéns trocaram um bug pelo outro"
UNIP,br.unip.secretariaonlineunip,4,2026-03-19 19:20:24,"Com as meninas do Polo, so elogios. Porém tenho muita dificuldade com a plataforma."
UNIP,br.unip.secretariaonlineunip,1,2026-03-18 21:05:56,"Péssimo, simplesmente nao abre no meu celular. Já instalei várias vezes, atualizei e nada."
UNIP,br.unip.secretariaonlineunip,2,2026-03-18 17:23:15,O aplicativo tava bom. mas foi atualizado e não consigo abrir nada .
UNIP,br.unip.secretariaonlineunip,1,2026-03-18 02:18:52,app atualizou e agr não consigo acessar.
UNIP,br.unip.secretariaonlineunip,3,2026-03-17 21:10:28,"Nunca tive problemas, mas depois dessa atualização não consigo nem entrar no aplicativo! Gostaria que fosse resolvido pois logo começam as provas e me preocupo em nao conseguir entrar e ver as notas."
UNIP,br.unip.secretariaonlineunip,1,2026-03-17 11:33:41,"depois da ultima atualização o app que ja não era muito bom agora esta péssimo, senhas e login correto mas nao entra, quando entra todas as opções que tentamos, seja acessar o AVA, posição financeira ou qualquer outra aba dentro do app, diz que está indispensável, regresso total desse app"
UNIP,br.unip.secretariaonlineunip,4,2026-03-17 03:12:54,Depois da última atualização só aparece metade do calendário.
UNIP,br.unip.secretariaonlineunip,1,2026-03-17 02:48:17,"Pior faculdade de São Paulo, tive prazer de desconhecer."
UNIP,br.unip.secretariaonlineunip,5,2026-03-16 23:21:51,não consegui entrar ainda
UNIP,br.unip.secretariaonlineunip,1,2026-03-16 19:57:48,não entra depois que atualizou
UNIP,br.unip.secretariaonlineunip,1,2026-03-16 14:05:54,"Desde a última atualização o aplicativo não entra, em 3 anos de curso nunca tive problemas em acessar o aplicativo para fazer tudo que preciso. Porém agora que atualizou ele não abre de jeito nenhum, gostaria de saber se vão arrumar isto ou se vai continuar desta forma, pois se existe o aplicativo para ter acesso mais rápido as coisas da faculdade temos o direito de ter uma resposta sobre o mesmo!"
UNIP,br.unip.secretariaonlineunip,1,2026-03-15 22:20:42,desde a última atualização eu não consigo mais entrarkkkkk caraio de unip pqp
UNIP,br.unip.secretariaonlineunip,1,2026-03-15 21:10:54,"Antes da versão 3.0.3 funcionava.... Agora não consigo acessar. Erro: ""Não foi possível carregar os dados do aluno....."". Já apaguei o cache, os dados, já reinstalei..."
UNIP,br.unip.secretariaonlineunip,1,2026-03-14 23:05:52,"Desde a atualização, consegui acessar 01 vez, app visualmente bonito, porém não consigo mais fazer login. sempre a mesma msg. erro de conexão. hoje 14/03/26."
UNIP,br.unip.secretariaonlineunip,1,2026-03-14 22:02:58,"Você entra no aplicativo, seleciona alguma opção de secretaria, ava, atividades e simplesmente o aplicativo para de responder. obs: problema surgiu após a última atualização que mudou o layout do mesmo."
UNIP,br.unip.secretariaonlineunip,1,2026-03-13 19:09:55,"péssimo, não consigo abrir NADA. AVA não abre, carteirinha não abre, histórico não abre.. NADA funciona."
UNIP,br.unip.secretariaonlineunip,1,2026-03-12 12:49:18,Com essa nova atualização eu não consigo mais entrar pelo app. Horrível!!
UNIP,br.unip.secretariaonlineunip,2,2026-03-12 00:16:50,"O aplicativo simplesmente não abre, estou a dias tentando entrar na minha conta, sempre que tento, o app pede para que eu tente novamente."
UNIP,br.unip.secretariaonlineunip,1,2026-03-11 23:49:44,app atualizou esta um fracasso
UNIP,br.unip.secretariaonlineunip,4,2026-03-11 20:40:09,"o aplicativo da unip ele cobre as maioria das necessidade dos alunos, sem embargo em diversas vezes termina dando diversos problemas que faz os estudante se frustra com o aplicativo, claro tem muito a melhorar sobre os bugs e erros de conexão. ponto que quero destacar para a faculdade: melhorem o sistema de login para os estudantes que está dando erro de conexão quando tenho uma boa conexão na minha casa 🏠, isso demonstra esses bugs e erro que faz os estudante ter tanta raiva do aplicativo."
UNIP,br.unip.secretariaonlineunip,2,2026-03-10 23:07:48,"Realmente o app ficou visualmente mais bonito e intuitivo, agregou tecnologias como biometria e carteirinha offline, mas infelizmente o acesso ao AVA nao funciona mais, e o meu curso é EaD"
UNIP,br.unip.secretariaonlineunip,1,2026-03-10 16:04:47,depois ds última atualização o aplicativo não abre
UNIP,br.unip.secretariaonlineunip,5,2026-03-10 13:23:08,Ficou muito bom essa att!
UNIP,br.unip.secretariaonlineunip,1,2026-03-10 12:37:50,Arrumem o app não funciona.
UNIP,br.unip.secretariaonlineunip,2,2026-03-10 12:22:55,"A nova atualização não está funcionando muito bem, consegui abrir no meu celular com muita dificuldade, mas no tablet não acessa de jeito nenhum. ter o aplicativo em dois dispositivos me ajudava muito, mas agora se tornou impossível."
UNIP,br.unip.secretariaonlineunip,1,2026-03-09 23:27:19,"Uma aplicação horrorosa para o nível da universidade. Trava o tempo todo e, muitas vezes, nem abre a carteirinha. Só não é pior que o site, que é péssimo. Parece que não se importam com isso, a ouvidoria não resolve nada, é um descaso atrás do outro. Enquanto isso, o boleto chega pontualmente e se atrasar, não há discussão e, caso seja necessário trocar a data de pagamento, você ainda enfrenta uma burocracia terrível."
UNIP,br.unip.secretariaonlineunip,1,2026-03-09 23:04:32,esta horrível essa atualização do App da unip toda hora que eu coloco o RA e a SENHA da erro ja fui na secretaria e nem eles sabem o que fazer
UNIP,br.unip.secretariaonlineunip,4,2026-03-09 14:41:20,"Com essa nova atualização ficou bem bonito visualmente mas eu simplesmente não consigo logar mais, não carrega!"
UNIP,br.unip.secretariaonlineunip,1,2026-03-09 00:13:14,"Depois da última atualização, nunca mais consegui fazer login no app. Só aparece uma mensagem dizendo que estou com problema de conexão. Mas não estou... E não existe um contato para resolver questões técnicas do aplicativo!"
UNIP,br.unip.secretariaonlineunip,4,2026-03-08 16:41:24,"poderia estar melhor ,muita coisa deixa a desejar.... atualizado hoje porém os vídeos aula não abrem ...."
UNIP,br.unip.secretariaonlineunip,5,2026-03-08 16:12:10,agora sim o aplicativo está funcionando bem!!
UNIP,br.unip.secretariaonlineunip,3,2026-03-07 23:11:04,"olá, na versão para tablet o ava não abre o conteúdo. Tem como resolver?"
UNIP,br.unip.secretariaonlineunip,3,2026-03-07 07:22:33,"A nova atualização trouxe uma interface muito melhor, mas algumas telas não estão abrindo"
UNIP,br.unip.secretariaonlineunip,1,2026-02-11 19:33:42,"aplicativo sem feedback nenhum, comparado ao site que também é horrível esse consegue ser pior, tanto um quanto o outro não possuem um único sistema de notificação, nem por email, confuso pra kct"
UNIP,br.unip.secretariaonlineunip,1,2026-02-07 00:25:40,Podia funcionar para o programa de pós também
UNIP,br.unip.secretariaonlineunip,1,2026-02-06 23:38:21,"O aplicativo é do mesmo nível de todos os serviços que a faculdade oferece, simplesmente algo vergonhoso! Basicamente qualquer coisa que vc tente ver no aplicativo ele vai te direcionar para o site da Unip. Ou seja, o aplicativo é basicamente um atalho de tela para o site. É literalmente apenas para dizer que tem."
UNIP,br.unip.secretariaonlineunip,1,2026-02-04 17:45:18,"Sempre com erro no carregamento de dados. Eu liguei na Unip e me disseram, que é o app, que não é atualizado. Então é melhor não ter , perca tempo, tento usar para me ajudar, mas em vão péssimo."
UNIP,br.unip.secretariaonlineunip,5,2026-01-30 16:51:56,"Os professores são top de mercado, desde a portaria até o atendimento ao aluno, os auxiliares do curso sempre nos ajudando resolvendo todas as dúvidas da vida acadêmica!! A unip é número 1 no mercado, lá você aprende mesmo!! Fora que a faculdade é linda e estacionamento amplo!! Vale muito a pena ir conhecer a faculdade!!"
UNIP,br.unip.secretariaonlineunip,3,2026-01-28 10:28:30,"o app só abre o AVA e as notas, os demais ícones não abrem ( erro de carregamento). preciso pegar o boleto para pagamento e não estou conseguindo"
UNIP,br.unip.secretariaonlineunip,1,2026-01-26 01:09:23,"aplicativo péssimo, sempre trava e sai fora do ar"
UNIP,br.unip.secretariaonlineunip,1,2025-12-16 07:12:39,"App ruim, faz eu passar raiva."
UNIP,br.unip.secretariaonlineunip,1,2025-12-09 23:59:57,"O aplicativo apresenta falhas recorrentes na geração de boletos, retornando erro durante o processo e, em alguns casos, impedindo a conclusão da emissão. De forma independente, há também um problema distinto relacionado à alta demanda de acesso em períodos de prova. Nessas ocasiões, tanto o aplicativo quanto o site apresentam instabilidade, lentidão excessiva e dificuldades de acesso, evidenciando gargalos de capacidade."
UNIP,br.unip.secretariaonlineunip,1,2025-12-01 18:55:23,Horrível tal como a instituição
UNIP,br.unip.secretariaonlineunip,1,2025-10-18 01:45:05,"Precisei desinstalar o App e agora que precisei instalar de novo, não consigo acessar minha conta. Diz que meus dados estão incorreto... Fora que o site também não funciona. Sempre que tento entrar na Secretaria On-line, o site desloga da minha conta e volta para o início."
UNIP,br.unip.secretariaonlineunip,1,2025-10-07 22:19:19,Faculdade e aplicativo péssimos. Mensalidade caríssima e não oferecem o mínimo aos estudantes! Salas com ar-condicionado quebrado e água com gosto de esgoto.
UNIP,br.unip.secretariaonlineunip,1,2025-10-02 01:36:11,o aplicativo está dando erro nos exercícios do Ava
UNIP,br.unip.secretariaonlineunip,3,2025-09-25 18:48:53,Boa Tarde informações Sobre o aplicativo da unip Não tô conseguindo entrar pra ver as Matérias
UNIP,br.unip.secretariaonlineunip,5,2025-09-13 14:47:28,uso a 1 ano e nunca tive problemas.
UNIP,br.unip.secretariaonlineunip,2,2025-09-09 01:58:30,"o site e a plataforma tem que parar de cair do nada né e os canais de atendimento não atendem, só ate as 21 hrs"
UNIP,br.unip.secretariaonlineunip,1,2025-09-06 05:07:09,"Se eu pudesse dar nota 0 eu daria um O, esse aplicativo é horrível. Desde ontem esse app não funciona, eu tento entrar para responder minhas atitudes valendo nota, porém o aplicativo não funciona."
UNIP,br.unip.secretariaonlineunip,5,2025-09-06 01:28:24,funciona perfeitamente
UNIP,br.unip.secretariaonlineunip,5,2025-08-28 16:32:03,Deus meu que será de mim Seus
UNIP,br.unip.secretariaonlineunip,3,2025-08-22 20:00:56,"No início eu conseguia usar todas as funções, mas agora muitas delas pararam de funcionar. Por favor, corrijam os erros no app."
UNIP,br.unip.secretariaonlineunip,2,2025-08-21 02:21:26,Não consigo acessar meu ava dão dados incorretos sendo q está certo
UNIP,br.unip.secretariaonlineunip,1,2025-08-17 23:13:55,"Não funciona, não baixem."
UNIP,br.unip.secretariaonlineunip,1,2025-08-06 14:21:59,A qualidade das aulas são horríveis. Professores que leem slides o tempo todo. É decepcionante....
UNIP,br.unip.secretariaonlineunip,5,2025-07-20 15:28:06,"A Universidade não necessita de comentários. Top 💯. O aplicativo é prático, de fácil navegação e extremamente útil. Estou muito feliz por fazer parte dessa renomada Instituição. Gratidão 🙏"
UNIP,br.unip.secretariaonlineunip,1,2025-07-18 21:10:09,O comentário da Raquel é o meu. Se eu pudesse mudar uma coisa na vida.. Seria não começar meu curso na unip....
UNIP,br.unip.secretariaonlineunip,5,2025-07-11 01:25:26,aplicativo não estala no celular poco x7pro
UNIP,br.unip.secretariaonlineunip,5,2025-07-05 00:54:39,"gosto muito do app, me ajuda quando não posso entrar no site"
UNIP,br.unip.secretariaonlineunip,5,2025-06-27 23:27:18,Busca pela excelência na prestação de serviços em plataforma digital.
UNIP,br.unip.secretariaonlineunip,4,2025-06-19 11:57:45,"bom, pode melhorar algumas coisas no app,mas no geral bem simples de usar com de assistir as aulas tbm"
UNIP,br.unip.secretariaonlineunip,5,2025-04-30 10:12:01,"Uma faculdade ótima, porém precisará rever na orientação de estágios, os exemplos de como trabalhar em creches com crianças pequenas. Porque eu mesmo com experiência, eu não entendi até pelo fato dos exemplos em cenas serem mas professoras estagiárias mulheres."
UNIP,br.unip.secretariaonlineunip,3,2025-04-10 14:20:17,"as atualizações são horríveis, não atualiza os conteúdos de forma correta"
UNIP,br.unip.secretariaonlineunip,1,2025-04-07 14:54:03,"não consigo abrir o app, já inseri o RA e senha várias vezes mas mesmo assim não funciona"
UNIP,br.unip.secretariaonlineunip,1,2025-04-07 03:03:59,"existe app ruim? sim existe, mas esse é pior!!"
UNIP,br.unip.secretariaonlineunip,2,2025-03-27 23:37:12,"Interface horrorosa, não condiz com o site. Às vezes sinto que estou num labirinto porque tenho que adivinhar em qual página devo entrar pra realizar uma tarefa ou acessar uma função. Eu sou iniciante em UX e UI mas acho que até eu consigo fazer uma coisa mais utilizável do que isso. E excluam as páginas fantasmas! Po, tem página que é como uma rua sem saída! Entrei pra pagar a mensalidade em ""financeiro"" mas nn funcionou, descobri q pra pagar tem q ir em outro lugar nd a ver"
UNIP,br.unip.secretariaonlineunip,1,2025-03-27 05:19:27,"O aplicativo da UNIP deixa muito a desejar. Ele trava o tempo todo, fica com bugs constantes e, em alguns dias, simplesmente não abre. Isso atrapalha muito o acesso às aulas e materiais. Precisa de uma melhoria urgente!"
UNIP,br.unip.secretariaonlineunip,5,2025-03-23 20:19:08,É a faculdade aonde escolhi estudar e me formar em Enfermagem! Não tenho nada a reclamar! Simplesmente gosto mto lugar! As pessoas q trabalham lá são pessoas maravilhosas!
UNIP,br.unip.secretariaonlineunip,1,2025-03-11 15:56:45,Não consigo acessar minha conta
UNIP,br.unip.secretariaonlineunip,1,2025-03-07 22:17:41,"O app ta muito ruim, não consigo baixar boleto da mensalidade, nâo consigo acessar a carteirinha...o desenvolvimento ta deixando muito a desejar"
UNIP,br.unip.secretariaonlineunip,1,2025-02-28 12:12:28,"Uma das PIORES plataformas que eu já vi na vida, tudo é extremamente horrível, confuso, embaralhado, é ruim com força! Me arrependi de formas inexplicáveis de ter escolhido a unip. Agora tenho que lidar com essa bomba."
UNIP,br.unip.secretariaonlineunip,1,2025-02-28 00:05:40,"A Unip é a pior faculdade que existe no planeta! Ela obriga a pagar a matrícula, e em caso de cancelamento de matrícula ela fica com o dinheiro do aluno de presente! Ela não devolve o dinheiro, rouba do aluno!"
UNIP,br.unip.secretariaonlineunip,1,2025-02-26 01:52:12,pior que esse app só a própria faculdade
UNIP,br.unip.secretariaonlineunip,1,2025-02-18 02:18:12,"Não consigo logar, sempre dá erro"
UNIP,br.unip.secretariaonlineunip,1,2025-02-14 13:11:14,Não consigo entrar no aplicativo
UNIP,br.unip.secretariaonlineunip,5,2025-02-13 10:16:34,Melhor escolha que fiz 👏🏽👏🏽👏🏽👏🏽
UNIP,br.unip.secretariaonlineunip,1,2025-02-11 14:02:34,Eu já troquei a senha duas vezes e me certifique de que está correta. Mas até agora não consegui acessar o aplicativo porque consta dados incorretos.
UNIP,br.unip.secretariaonlineunip,1,2025-02-05 19:49:11,"Péssimo aplicativo, coloco meus dados de forma correta no login e consta dados incorretos."
UNIP,br.unip.secretariaonlineunip,1,2025-01-10 23:27:38,Horrível esse aplicativo vou usar o site mesmo!
UNIP,br.unip.secretariaonlineunip,1,2025-01-10 18:54:22,"Sinceramente por ser uma faculdade deveria no mínimo ter a responsabilidade de ter um aplicativo descente. Só uso o aplicativo para ver minhas notas e ponto, o resto nem funciona direito, sempre tenho que acessar pelo google porque pelo app não tem como, esse aplicativo é horrível. De outras faculdades o aplicativo é simples porém o aplicativo é intuitivo, rápido e prático peço por favor arrumem o aplicativo, nem que seja para os futuros universitários."
UNIP,br.unip.secretariaonlineunip,2,2024-12-23 12:26:17,Abre normal mais fica dando erro. Tá horrível.
UNIP,br.unip.secretariaonlineunip,1,2024-12-11 18:20:58,app não abre quando coloca o login e senha..
UNIP,br.unip.secretariaonlineunip,1,2024-12-02 13:47:56,"UNIP PAULISTA. Se eu pudesse dava zero estrelas, a unip não merece nem uma se quer.. São inúmeros problemas e falta de respeito e consideração cm o aluno. UMA DESORGANIZAÇÃO PRA TUDO. os professores tentam fazer o melhor deles, mas a coordenação é péssima, de dar dó. Esse lugar deveria ser fechado, qualquer um que se forme ali, está correndo sério risco de não conseguir trabalho se a pessoa empregadora souber como é essa faculdade."
UNIP,br.unip.secretariaonlineunip,1,2024-11-18 22:00:24,"Completamente horrível esse app, N funciona nunca vc tem q se matar pra ele funcionar"
UNIP,br.unip.secretariaonlineunip,1,2024-11-13 15:25:58,"Trancando a minha faculdade de estética no segundo período,pois qnd eu entrei eles falaram q seria semi presencial,e até hj nada,site todo bagunçado nunca dá certo de entregar os trabalhos,de 1 ano estudando eu fui a faculdade apenas duas vezes pra fzr prova,como q aprende assim? Como vou fazer um procedimento em alguém? Como vou fazer estágio se na faculdade eles não ensinam?"
UNIP,br.unip.secretariaonlineunip,4,2024-11-13 03:32:29,"Muito bom, o app nem sempre é muito sugestivo, mas dá pra executar bem as funções necessárias sem auxílio, as vezes a página reinicia pra acessar alguns serviços, mas é só entrar novamente pela área do aluno que já resolve."
UNIP,br.unip.secretariaonlineunip,3,2024-10-31 19:45:26,O aplicativo precisa ser atualizado! Urgente!
UNIP,br.unip.secretariaonlineunip,1,2024-10-13 22:46:44,"Horrível , sempre que eu vou entrar da um erro diferente"
UNIP,br.unip.secretariaonlineunip,5,2024-10-13 17:34:19,"Aplicativo bom, ajuda bastante para acesso rápido aos dados de notas e livros."
UNIP,br.unip.secretariaonlineunip,1,2024-09-21 20:37:04,"Avaliei com apenas uma estrelas porque não consigo acessar meu portal pelo app, pois aparece a mensagem ""dados incorretos"". Só consigo entrar pelo navegador."
UNIP,br.unip.secretariaonlineunip,1,2024-09-05 02:35:20,"Terei que abrie outro processo contra vocês ou a coordenadora Rayanne Bastos Koch, Polo de Taguatinga- DF, vai assinar meu Termo de Estágio? Não estou mendigando, é um direito meu. Já pedi de forma amigável. O CIEE já enviou 2 contratos de estágio e ela fica recusando e não informa o motivo."
UNIP,br.unip.secretariaonlineunip,5,2024-09-03 15:38:35,Meu primeiro acesso a Expert Pretendo conhece e me informar más...🤩😁
UNIP,br.unip.secretariaonlineunip,1,2024-08-21 11:17:15,Fica sempre dizendo que minha senha está incorreta. . . Não sei mais o que fazer.
UNIP,br.unip.secretariaonlineunip,3,2024-08-16 00:36:12,não tem o lugar de postar os documentos de estágio
UNIP,br.unip.secretariaonlineunip,1,2024-08-08 16:19:25,Não consigo logar no app
UNIP,br.unip.secretariaonlineunip,1,2024-08-08 05:28:18,"Simplesmente não consigo acessar, diz o tempo todo que os dados estão incorretos..."
UNIP,br.unip.secretariaonlineunip,5,2024-08-04 09:15:50,Terminei agora meu segundo curso faculdade de excelência
UNIP,br.unip.secretariaonlineunip,5,2024-08-02 14:04:20,Muito top Sem comentario
UNIP,br.unip.secretariaonlineunip,1,2024-08-01 15:49:20,"Estou tentando acessar o aplicativo a uma semana, fala que os dados estão incorretos sendo que o RA e a senha está certíssimo."
UNIP,br.unip.secretariaonlineunip,1,2024-07-31 00:45:58,"Não consigo acessar o APP, dá como dados incorretos. Arrumem isso logo."
UNIP,br.unip.secretariaonlineunip,1,2024-07-27 19:03:45,Pena que não posso dar 0 (zero estrela) ruim é pouco.
UNIP,br.unip.secretariaonlineunip,1,2024-07-20 15:26:49,Não consigo nem abrir o app
UNIP,br.unip.secretariaonlineunip,5,2024-07-16 22:17:41,"Eu, Gilda Taveira dos Santos Nascimento aluna dessa instituição Universidade polo Juína MT"
UNIP,br.unip.secretariaonlineunip,1,2024-07-06 11:13:50,"Bom dia. Não consigo acessar a plataforma emiti um erro de dados incorretos e pelo site eu consigo entrar com o mesmo RA e senha, por favor resolvam esse bug com uma certa urgência pois o app ajuda bastante e facilita nossa vida, meu RA: 2073696. Aguardo Grata Katia P. Silva"
UNIP,br.unip.secretariaonlineunip,1,2024-06-27 12:52:03,"Não consigo entrar na plataforma,aparece que as credenciais estão erradas sendo que no site abre certinho."
UNIP,br.unip.secretariaonlineunip,1,2024-06-26 22:07:41,"Muito dificil de usar e pouco intuitivo, parece que colocaram os devs backend pra fazer o front e os frontend para fazer o back."
UNIP,br.unip.secretariaonlineunip,1,2024-06-15 15:19:09,"Tenho inúmeras reclamações e decepções. Não recomendo. O aluno nunca é ouvido ou auxiliado quando necessário. Se matricula no curso presencial e faz um semestre inteiro on-line com provas que não caem os conteúdos que são ofertados e acaba ficando de exames em quase todas as matérias, correndo o risco de ficar em DP no final do curso. Você está exausto com tantas cobranças sem fundamento e reprovado. Você se sente sozinho numa Ilha deserta. Cansado, ansioso, arrasado e depressivo."
UNIP,br.unip.secretariaonlineunip,1,2024-06-12 00:00:46,"O aplicativo simplesmente não abre minhas notas,nem cadastro ,nem nada, tem que ser revisto com urgencia pois nós alunos merecemos algo no minimo funcional para o dia a dia"
UNIP,br.unip.secretariaonlineunip,1,2024-05-31 13:02:43,Não consigo acessar o aplicativo .
UNIP,br.unip.secretariaonlineunip,5,2024-05-25 11:07:36,"O App tem melhorado bastante ultimamente, não tenho do que reclamar. Claro que algumas coisas só conseguimos acessar pelo site, mas ainda assim, as informações básicas do dia a dia já são suficiente. Parabéns."
UNIP,br.unip.secretariaonlineunip,2,2024-05-21 09:06:22,"O app nem sempre abre, o que atrapalha a rotina de estudos de quem já tem uma vida corrida. Muitas vezes tenho que postergar o estudo não porque quero, mas sim porque o app não abre e eu não estou perto de um computador no momento"
UNIP,br.unip.secretariaonlineunip,1,2024-05-19 01:31:16,"Nostalgia é a palavra chave para esse app, a sensação única de testemunhar uma internet de escada na qual ele proporciona é cômico. Ele abre? As vezes Crasha? Consideravelmente Contém dados necessários? Provavelmente não 10/10"
UNIP,br.unip.secretariaonlineunip,4,2024-05-14 14:11:17,"As vezes trava que é uma beleza, o app fica fora do ar, alguns tópicos não carregam como a carteirinha estudantil, mais fora isso, ele é bem útil."
UNIP,br.unip.secretariaonlineunip,2,2024-04-29 21:56:23,Desde o final do ano passado meu app não abre. Diz q está com dados incorretos. Uso os mesmos dados de login no notebook e dá certo. Péssimo!
UNIP,br.unip.secretariaonlineunip,1,2024-04-23 23:57:36,"Um lixo, design totalmente deselegante e carência de muitos recursos pra auxiliar os alunos"
UNIP,br.unip.secretariaonlineunip,1,2024-04-19 16:27:56,"O app é insalubre, Horrível, um sofrimento para conseguir logar e consultar as notas."
UNIP,br.unip.secretariaonlineunip,5,2024-03-02 14:03:20,"Ótimo, ajuda bastante !"
UNIP,br.unip.secretariaonlineunip,1,2024-02-25 13:09:37,"Aplicativo exatamente como a faculdade, horrível."
UNIP,br.unip.secretariaonlineunip,2,2024-02-24 13:25:30,"Ava é tenebroso. Não calcula sua nota automaticamente, vc fica reféns de utilizar um site pra calcular sua nota final...fora esse sistema de calendário das disciplinas, que é ridículo. O ava deveria apresentar as disciplinas em ordem de execução"
UNIP,br.unip.secretariaonlineunip,1,2024-02-21 09:30:41,O APP vou colocar minha senha não vai fala que tá os dados incorreto
UNIP,br.unip.secretariaonlineunip,5,2024-02-18 23:42:55,Tive uma experiência formidável com unip
UNIP,br.unip.secretariaonlineunip,3,2024-02-12 18:42:05,"As videos aulas do app estão demorando muito tempo para carregar, trazendo atrasos nas tele aulas."
UNIP,br.unip.secretariaonlineunip,1,2024-02-12 12:13:04,"App consta dados incorretos e não abre,mesmo os dados estando corretos e sendo os mesmos usados para entrar pelo site!"
UNIP,br.unip.secretariaonlineunip,1,2024-02-11 23:02:26,"Curso pós-graduação na UNIP e não consigo acessar pelo aplicativo. Deveria ter acesso aos alunos de pós também, facilitaria muito. Um ponto a ser melhorado no aplicativo nas próximas atualizações"
UNIP,br.unip.secretariaonlineunip,2,2024-02-08 15:40:36,"ESSE APP RESOLVERIA MUITA COISA,MAS SIMPLESMENTE NÃO FUNCIONA MAS ,DÁ UM ÓDIO!🥲🥲"
UNIP,br.unip.secretariaonlineunip,1,2024-02-06 19:23:01,"O app até que é simples para mexer mas tem muitas funções que deixa a desejar pelo celular, principalmente quando tento abrirá carteirinha ou abri o boleto."
UNIP,br.unip.secretariaonlineunip,5,2024-02-04 18:46:09,AJR BARBER SHOP & VAREJO DIGITAL
UNIP,br.unip.secretariaonlineunip,1,2024-02-01 18:50:32,Não consigo acessar nada no aplicativo
UNIP,br.unip.secretariaonlineunip,3,2024-01-29 16:04:46,"Trava bastante, arrumem antes de começar as aulas por favor"
UNIP,br.unip.secretariaonlineunip,5,2024-01-27 01:07:59,"Aplicativo bem completo, tira todas dúvidas possíveis do aluno. Ajudaria muito se tambem colocassem uma aba direta com os números, endereços e informações das unidades para que os alunos pudessem ligar sem procurar fora do app."
UNIP,br.unip.secretariaonlineunip,1,2024-01-12 03:30:33,"App pessimo ,sistema todo travado ,as. Informações fica tudo errada no sistema."
UNIP,br.unip.secretariaonlineunip,5,2024-01-07 15:01:33,"Trava muito, é dependendo da quantidade de pessoas que utiliza o app, piora mais ainda"
UNIP,br.unip.secretariaonlineunip,5,2024-01-04 16:08:55,Aqui só reclama quem não estuda na Unip!
UNIP,br.unip.secretariaonlineunip,1,2023-12-15 12:58:56,Aplicativo ruim engoli resultado de prova oline e vive dando bug dês de quando comecei aqui a fazer essa faculdade elea nunca atualizaram ele
UNIP,br.unip.secretariaonlineunip,3,2023-12-13 23:58:21,"Tá bem complicado. Pouco intuitivo, confuso e não parece se comunicar com as alterações feiras no site, como a alterações da senha, que o site acata mas o aplicativo não. Parece que o APP conseguiu piorar"
UNIP,br.unip.secretariaonlineunip,1,2023-12-05 20:39:16,"Toda vez que é pra ver a nota , nunca abre"
UNIP,br.unip.secretariaonlineunip,4,2023-11-30 14:51:47,"app bom, porém não consigo solicitar o boleto da mensalidade..."
UNIP,br.unip.secretariaonlineunip,1,2023-11-29 20:27:54,"Quanto mais você precisa, mais instável está, ou até fora do ar junto com o site"
UNIP,br.unip.secretariaonlineunip,1,2023-11-28 02:51:52,"Além de instável, a interface não é boa. Poderia notificar quando as notas são lançadas no sistema."
UNIP,br.unip.secretariaonlineunip,1,2023-11-16 23:48:52,"Horrível, muito instável."
UNIP,br.unip.secretariaonlineunip,1,2023-11-16 16:57:27,"Muito ruim, deveriam melhor a interface. E vive caindo,isso é muito ruim."
UNIP,br.unip.secretariaonlineunip,5,2023-10-31 12:00:28,Top e uma faculdade excelente com ótimos professores
UNIP,br.unip.secretariaonlineunip,1,2023-10-23 14:05:39,Universidade péssima tratam os alunos muito mal não ajudam em nada qualquer coisa como uma simples folha de papel tem que pagar eles sobrecarregam o aluno a ponto do aluno desistir como acontece aqui em Santarém os professores fazem isso com o aluno.
UNIP,br.unip.secretariaonlineunip,2,2023-10-19 09:39:10,"Ótimo pra livro texto, mais péssimo pra vídeo aula elas travam muito as vezes o próprio aplicativo não abre"
UNIP,br.unip.secretariaonlineunip,1,2023-10-09 00:32:22,Não dá mais pra emitir o boleto da mensalidade pelo aplicativo desde a última vez que atualizaram.
UNIP,br.unip.secretariaonlineunip,1,2023-10-05 19:28:16,Deveriam arrumar a opção boleto. Não abre o boleto no celular e para pegar o código de barras para pagar é um trampo danado.
UNIP,br.unip.secretariaonlineunip,3,2023-10-04 00:06:31,"Estou estudando o AVA pelo tablet e tem um problema, os vídeos não abrem quando é um tablet, por favor conserte isso. Obrigada"
UNIP,br.unip.secretariaonlineunip,1,2023-10-01 17:51:38,"Daria 0 estrelas e péssimo assim como a faculdade. Sempre apagando as notas e avaliações já feitas, prejudicando o aluno."
UNIP,br.unip.secretariaonlineunip,1,2023-09-20 20:10:25,Não seria mais fácil vocês devolver o meu dinheiro já que eu não consigo mais acessar plataforma e nem o app?
UNIP,br.unip.secretariaonlineunip,1,2023-09-20 19:47:45,"O aplicativo não está funcionando, simplesmente não abri a ava , o site tbm está horrível."
UNIP,br.unip.secretariaonlineunip,1,2023-09-20 19:29:30,"O aplicativo está péssimo, não carrega as páginas de atendimento e nem as de atividades complementares, está lento na hora de carregar a página, espero que resolvam."
UNIP,br.unip.secretariaonlineunip,1,2023-09-20 15:37:43,"O app estava funcionando perfeitamente, mas depois de ficar fora do ar por dois dias para manutenção, ficou instável. Ao invés de melhorar, ficou ruim! 👎🏻"
UNIP,br.unip.secretariaonlineunip,1,2023-09-20 15:35:46,"Uns dos piores app, nada funciona corretamente"
UNIP,br.unip.secretariaonlineunip,1,2023-09-18 09:38:22,"Não só o aplicativo mas todo o sistema da UNIP é cheio de instabilidades. A coisa que mais comum é você tentar assistir uma vídeo aula ou fazer qualquer outra coisa e não conseguir logar por falha no servidor, e isso atrapalha todo o planejamento do aluno que tá afim de terminar o conteúdo logo. Péssimo app e sistema!"
UNIP,br.unip.secretariaonlineunip,1,2023-09-15 01:55:41,"Muitos bugs principalmente nos momentos que vc mais precisa, tenho uma prova amanhã e precisava do material on LINE pra estudar e simples assim o app parou Decepção 🥺 Não é a primeira vez"
UNIP,br.unip.secretariaonlineunip,4,2023-09-11 23:52:00,Muito bom! Consigo fazer tudo o que se propõe.
UNIP,br.unip.secretariaonlineunip,1,2023-09-03 15:44:39,"Não consigo acessar minhas aulas e nem nada, diz que estar em erro de comunicação o aplicativo tá péssimo"
UNIP,br.unip.secretariaonlineunip,2,2023-08-30 13:18:28,"Infelizmente pra acessar o manuais e editar e não consigo mais como antes, sem contar que o app trava muito."
UNIP,br.unip.secretariaonlineunip,1,2023-08-29 20:38:42,Um lixo não tem como pegar nenhum boleto atestado de matrícula nada tudo é necessário pegar pelo site então qual o propósito do APP
UNIP,br.unip.secretariaonlineunip,2,2023-08-25 15:27:58,"O aplicativo é razoável, mais poderia conter mais informações."
UNIP,br.unip.secretariaonlineunip,1,2023-08-23 11:34:40,não consigo acessar minha conta de forma alguma. coloco o mesmo UP no site e dá tudo certo mas no app só da erro.
UNIP,br.unip.secretariaonlineunip,3,2023-08-19 20:37:34,"Deveriam colocar aulas diretas sem interrupção pra quem quisesse essa opção, sei que os vídeos é pra não ficar tão cansativo etc, mas deveria ter essa opção a parte, o vídeo picotado é horrendo."
UNIP,br.unip.secretariaonlineunip,1,2023-08-09 22:58:15,"O app trava bastante durante as aulas, tem a opção de acessar o AVA mas direciona ao Google e demora. Os professores lêem slides, não usam outras palavras ou esclarecem, apenas lêem."
UNIP,br.unip.secretariaonlineunip,1,2023-08-08 20:38:37,nunca consegui fazer login. Aplicativo não serve pra nada pelo visto
UNIP,br.unip.secretariaonlineunip,1,2023-08-08 15:25:06,"Pessimo! Com o preço que pago na mensalidade, dava pra fazer um app melhorzinho..."
UNIP,br.unip.secretariaonlineunip,1,2023-08-06 02:35:52,não consigo emitir os boletos
UNIP,br.unip.secretariaonlineunip,1,2023-08-05 10:43:09,Não tô conseguindo logar de jeito nenhum
UNIP,br.unip.secretariaonlineunip,1,2023-08-04 20:09:56,"Não consigo baixar nenhum boleto, fala que a permissão foi concedida apenas."
UNIP,br.unip.secretariaonlineunip,4,2023-07-26 13:33:07,"Atende perfeitamente todo o propósito, acho que precisava melhorar a estrutura, por ex: a parte de estágio, é bem confusa, tudo separado e confuso."
UNIP,br.unip.secretariaonlineunip,2,2023-07-20 15:50:33,"Não estou conseguindo acessar a Secretaria Virtual do aplicativo. Já desinstalei, instalei de novo e nada !!!"
UNIP,br.unip.secretariaonlineunip,2,2023-07-19 21:00:57,"Aplicativo cheio de falhas, não dá opção de pagar a mensalidade parecelado, não dá opção de vizualizar a carteirinha e fica fora de sistema constantemente."
UNIP,br.unip.secretariaonlineunip,2,2023-07-19 14:06:25,Unip é a derrota personificada em faculdade! Se quer estudar procure uma faculdade profissional não tipos como a Unip que se limitam a vender cursos!
UNIP,br.unip.secretariaonlineunip,5,2023-07-05 13:43:34,Uma das melhores instituições que conheço
UNIP,br.unip.secretariaonlineunip,5,2023-07-05 11:33:17,"APP tem suas falhas, mas de modo geral está acessível e organizado!"
UNIP,br.unip.secretariaonlineunip,1,2023-06-26 12:48:46,"Deixa muito a desejar, comparado ao aplicativo de outras faculdades."
UNIP,br.unip.secretariaonlineunip,1,2023-06-22 14:28:44,Troquei a senha é Não consigo mais abrir no App. Sem explicação!
UNIP,br.unip.secretariaonlineunip,1,2023-06-18 02:28:34,Horrível pois nem consigo entrar com minha senha
UNIP,br.unip.secretariaonlineunip,1,2023-06-06 18:23:17,"Aplicativo muito ruim, as vídeo aulas travam demais"
UNIP,br.unip.secretariaonlineunip,1,2023-05-29 22:46:28,Esse App é simplesmente horrível.
UNIP,br.unip.secretariaonlineunip,1,2023-05-26 01:11:06,Quero meu App de volta
UNIP,br.unip.secretariaonlineunip,1,2023-05-25 22:08:45,"O aplicativo é horrível, não dá pra resolver nada da faculdade, nem pagar os boletos. Se o aluno não tiver um computador ele não consegue fazer nadinha nem em uma emergência"
UNIP,br.unip.secretariaonlineunip,1,2023-05-25 20:27:53,"Como sempre, fim do semestre um caos nesse app, não faz login e quando faz não carrega as informações. Para piorar esse ano resolveram que a entrada na faculdade seria exclusivamente pela carteirinha digital, e como acessar a carteirinha digital se nem o app nem o site entram?"
UNIP,br.unip.secretariaonlineunip,1,2023-05-24 21:04:13,"O aplicativo é péssimo, todo dia aparece um problema diferente, e todo dia eu tenho que desinstalar e reinstalar o app p conseguir acesso. Além das aulas online que travam frequentemente."
UNIP,br.unip.secretariaonlineunip,5,2023-05-24 12:38:54,"Eu particularmente gosto,acho ele bem organizado e prático."
UNIP,br.unip.secretariaonlineunip,3,2023-05-19 02:16:36,"Bom, porém poderia te atualização sempre.."
UNIP,br.unip.secretariaonlineunip,4,2023-05-15 21:04:42,"Estou chateada não consigo entrar ba minha página, com o meu RA e a senha, estou sem estudar uma semana"
UNIP,br.unip.secretariaonlineunip,4,2023-05-15 09:59:10,Precisa melhorar pois não tem acessibilidade no tamanho das letras agente que tem vista cansada sofre!
UNIP,br.unip.secretariaonlineunip,5,2023-05-13 21:25:47,"Fui bem atendido, com muita atenção"
UNIP,br.unip.secretariaonlineunip,4,2023-05-02 23:56:07,"Porque quando tento entrar pelo app fala que meu cadastro diz que os dados estão incorretos, sendo que consigo entrar normal pelo moddle."
UNIP,br.unip.secretariaonlineunip,2,2023-04-26 13:29:13,"não consigo salvar minhas respostas, respondi um questionário inteiro salvei o aplicativo fechou o voltou pro início, fui ver meu questionário estava vazio, todo trabalho que tive pra nada pra refazer de novo e isso já aconteceu diversas vezes"
UNIP,br.unip.secretariaonlineunip,5,2023-04-21 00:37:25,"O aplicativo estava muito ruim antigamente, nem entrava. Mas depois da última atualização estou conseguindo usar e está sendo uma mão na roda. Único ponto negativo que notei foi o botão de ""Atividades Complementares"" que não direciona diretamente para esse local, ele vai para a página inicial do unip.br e nem está logado."
UNIP,br.unip.secretariaonlineunip,2,2023-04-19 07:18:53,"Muitas vezes mesmo as informações estando corretas o app não loga. Fica aparecendo dados incorretos, e dps de um longo tempo loga. Muito ruim"
UNIP,br.unip.secretariaonlineunip,1,2023-04-16 21:32:59,"Péssimo! desde Novembro venho tendo problemas de acesso, hora conseguindo entrar, hora não. Atualmente estou sem conseguir acessar desde Dezembro, onde simplesmente parou de funcionar e o pior é o descaso, já que, mesmo entrando em contato com o suposto ""suporte"" não obtive nenhum retorno e segue desta forma. O aplicativo em si é bom, particularmente melhor que o site em muitos pontos, mas a situação que vem se arrastando é ridícula."
UNIP,br.unip.secretariaonlineunip,1,2023-04-12 10:07:46,O aplicativo precisa de atualização
Descomplica Faculdade,br.com.descomplica.fac,1,2026-09-24 14:21:25,plataforma péssima em todos os sentidos não caiam nessa!
Descomplica Faculdade,br.com.descomplica.fac,1,2026-09-23 17:44:52,"Péssima empresa não recomendo pra ninguém, depois que você compra o curso eles simplesmente somem, não existe uma forma de entrar em contato, o whatsapp só fica um bot que não dá solução pra nada, só tem respostas programadas, e caso você diga que quer falar com um atendente (nem existe essa opção) ele simplesmente fala que está fora de horário de atendimento e que a solução pode estar nas opções que ele fornece, e você fica literalmente sem conseguir contato para resolver qualquer problema"
Descomplica Faculdade,br.com.descomplica.fac,1,2026-09-01 20:51:44,"fiz uma pergunta referente ao cadastro que fiz a uma semana, porém não tinha o dinheiro na hora pra pagar e iria esperar pra receber e concluir a inscrição. o atendente poderia só ter me dito ""como passou uma semana vai ter de criar de novo 🙂"" mas não. bom desisti vou procurar outra até pq o pior atendimento q tive foi nessa aínda bem que não conclui a inscrição.."
Descomplica Faculdade,br.com.descomplica.fac,2,2026-08-29 15:35:34,"gosto muito das aulas e professores mas o aplicativo é um lixo! toda vez tenho problemas com aulas que não carregam, acho uma sacanagem pois paguei para ter um serviço de qualidade!"
Descomplica Faculdade,br.com.descomplica.fac,3,2026-08-24 08:06:39,"aplicativo em si é bom, porém trava muito, principalmente nas aulas e não é por conta de internet e nem de aparelho. Isso acaba atrapalhando demais durante o estudo 👎🏻"
Descomplica Faculdade,br.com.descomplica.fac,1,2026-08-19 23:35:58,sempre com instabilidade demora carregar lento e trava complicado estudar
Descomplica Faculdade,br.com.descomplica.fac,1,2026-08-18 21:49:07,"podia ter a possibilidade do aplicativo funcionar offline, como a netflix por exemplo, que permite que a gente faça o download dos conteúdos e consiga ver dentro do aplicativo. se eu compro um curso de quase 400 reais, o mínimo que eu espero é pelo menos acessá-lo estando sem internet"
Descomplica Faculdade,br.com.descomplica.fac,5,2026-08-18 03:48:23,"Pode melhorar, mas é complexo, dito isso, nota 5 estrelas! A faculdade é excelente também. Vejam os preços e cursos, você vai se impressionar."
Descomplica Faculdade,br.com.descomplica.fac,1,2026-08-14 00:45:50,"por gentileza, MUDEM ESSE APLICATIVO, ESCUTEM quem UTILIZA. Fechei um plano ONTEM e já tô ficando sem paciência. Não tem opção pra baixar as aulas!!! Nem todo mundo tem internet na rua pra poder assistir às aulas e pra quem tem internet, haja dados. O player é muito estranho. Você não pode apertar duas vezes na tela pra adiantar ou voltar. Sem falar que OS VÍDEOS simplesmente PARAM SOZINHOS, dá ERRO e o PRÓPRIO APLICATIVO justifica que o erro é nele mesmo. Tira toda a vontade de aprender."
Descomplica Faculdade,br.com.descomplica.fac,3,2026-08-11 15:28:57,"quero excluir minha conta ( se é que ela foi feita com sucesso ), e cancelar a minha inscrição,podem me dizer como faço isso porfavor?"
Descomplica Faculdade,br.com.descomplica.fac,2,2026-08-03 17:56:05,"professores maravilhosos e aulas boas mas a otimização do app e a maioria das questões deixa a desejar, além do aplicativo ficar todo bugado no tablet quando está em modo paisagem, ele na maioria das vezes que volta uma página, sai das questões ou sai da vídeo aula ele atualiza sozinho, além do mais que as questões também não batem com a aula, muitas vezes tem umas 5 questões que n foram nem se quer citadas nas vídeos aulas, além do mais que a interface do aplicativo é um pouco confusa"
Descomplica Faculdade,br.com.descomplica.fac,2,2026-07-29 20:26:10,"Péssimo aplicativo. nem da pra baixar as aulas para ver offline!!! acho isso um retrocesso gigantesco para um EAD! estou decepcionadissíma com isto! Além disso o player é básico de mais, nem se quer tem recursos de avanço ou retrocesso do vídeo com dois cliques, a imagem mesmo quando ampliada no celular, não fica na horizontal automaticamente, oa vídeos sempre começam com uma configuração esquisita sem som e com legenda, aí você precisa alterar toda vez que acessa(ps. as aulas+curso são ótimos)"
Descomplica Faculdade,br.com.descomplica.fac,2,2026-07-24 02:00:08,"professores são ótimos. O conceito e a metodologia tbm. a questão ruim é esse aplicativo, muito chato, fica deslogando sozinho, 1 ano pra carregar as informações; não tem cara de aplicativo, ta mais para um aplicativo com navegador de Internet(browser) dentro dele e ruim. O site muito bom."
Descomplica Faculdade,br.com.descomplica.fac,4,2026-07-18 15:31:37,Sinto muita falta de não poder bloquear a tela enquanto ouço as aulas. Algum update previsto em relação a isso?
Descomplica Faculdade,br.com.descomplica.fac,1,2026-07-18 09:36:37,aplicativo horrível muito mal otimizado.
Descomplica Faculdade,br.com.descomplica.fac,2,2026-07-13 12:11:52,"Nao consigo abrir o app, sempre fica naquela tela de carregamento"
Descomplica Faculdade,br.com.descomplica.fac,1,2026-07-03 14:28:28,"muito ruim o aplicativo. Não consigo assistir uma aula sem travar pelo menos umas 6 vezes, os professores são bons, mas as pessoas que trabalham nesse aplicativo parecem impostores. Lamentável!!"
Descomplica Faculdade,br.com.descomplica.fac,1,2026-07-02 21:23:17,A página fica fora do ar com frequência
Descomplica Faculdade,br.com.descomplica.fac,1,2026-06-19 18:42:22,era para ter conta Google Play
Descomplica Faculdade,br.com.descomplica.fac,2,2026-06-12 04:17:32,era melhor quando ainda tinha opção de download das aulas. Esse web vier ficou muito preguiçoso.
Descomplica Faculdade,br.com.descomplica.fac,1,2026-05-26 16:09:26,"Os professores são maravilhosos, mas o aplicativo e o site são terríveis!!! Antigamente era ruim porque a conexão sempre caia, mas permitia o download para assistir na rua sem internet, agora não da mais para baixar. eu trabalho e estudo, não consigo ficar em casa vendo aulas, preciso usar no transporte e a conexão é terrível. Além disso, o player é focado em web navegador, não funciona no celular. O ponto mais fraco do descomplica SEMPRE foi a plataforma."
Descomplica Faculdade,br.com.descomplica.fac,1,2026-05-25 21:47:13,"paguei o plano e não consigo ter acesso, ficam dizendo que meu email e senha estão errados, sendo que foi eles que eu cadastrei. e ainda pra piorar não tem um suporte que realmente ajude a solucionar o problema, horrível."
Descomplica Faculdade,br.com.descomplica.fac,1,2026-05-08 12:21:18,"certificado não sai, por causa de sistema. portal do aluno não acessível. tenta entra em contato p resolver, mas n da certo."
Descomplica Faculdade,br.com.descomplica.fac,1,2026-05-01 15:30:03,"aplicativo lento e muitas vezes não carrega o conteúdo. Uso tablet Vaio T10, outras plataformas de estudo funcionam perfeitamente, mas essa não. Não recomendo o app para quem usa tablet."
Descomplica Faculdade,br.com.descomplica.fac,4,2026-04-29 14:02:36,"Professores excelentes, ótima explicação. Uso o descomplica para vestibulares. Porém ao utilizar com a tela cheia o aplicativo fecha sozinho e fica carregando eternamente até ser fechado manualmente e reaberto. Não fica salvo a parte da vídeo aula em que parou, dificulta e atrasada o estudo dessa forma."
Descomplica Faculdade,br.com.descomplica.fac,1,2026-04-26 14:56:10,"Não consigo marcar a aula como vista, tenho que assistir tudo de novo para o sistema computar. Resolvam isso!"
Descomplica Faculdade,br.com.descomplica.fac,1,2026-04-21 07:56:20,"não carrega nunca esse app, aí não consigo assistir as aulas aonde poderia assistir (rua, trabalho). Antes eu recomendava a descomplica pras pessoas, agora eu falo pra correr, só tô ainda pq falta pouco pra acabar.."
Descomplica Faculdade,br.com.descomplica.fac,2,2026-04-17 11:46:51,"da muito erro e principalmente, não posso baixar as aulas(????????)"
Descomplica Faculdade,br.com.descomplica.fac,1,2026-04-14 08:46:47,"Não gostei do app! Minha experiência está sendo péssima, sempre fica na aba de notificações toda vez que entro no app, e tento sair mas não sai, volta para a mesma tela de notificações. Achei que o app era muito diferenciado mas não é, tem esse erro que é tão comum de resolver."
Descomplica Faculdade,br.com.descomplica.fac,1,2026-04-08 00:21:39,aplicativo não esta iniciando.
Descomplica Faculdade,br.com.descomplica.fac,1,2026-04-07 13:41:38,"O app não mantém o display ligado enquanto está assistindo a aula, que deveria ser o básico."
Descomplica Faculdade,br.com.descomplica.fac,1,2026-04-07 12:35:46,"Eu uso a plataforma logando com a conta Google, o aplicativo não tem essa opção, mesmo digitando e-mail e senha que seriam dessa conta que tenho o plano, fala que não existe login, que está errado a senha ou o e-mail, mas no navegador eu consigo normal."
Descomplica Faculdade,br.com.descomplica.fac,5,2026-04-05 17:27:37,Excelente aplicativo para quem planeja seu futuro ainda no ensino Médio
Descomplica Faculdade,br.com.descomplica.fac,3,2026-04-05 13:36:35,"Plataforma bem ampla e intuitiva, porém o atendimento é péssimo, não existe chat em tempo real com humanos, outra coisa que deixou a experiência muito ruim foi ter tirado a opção do aluno escolher a turma que deseja entrar, se vc compra o curso no final do mês não pode entrar na turma do mês seguinte e tem que fazer milagre pra acompanhar as aulas ao vivo que já estão mais avançadas."
Descomplica Faculdade,br.com.descomplica.fac,1,2026-04-03 15:45:36,"aplicativo não funciona, não abre, fica carregando e quando para de carregar vem a frase escrito que não encontrou a pagina. Só consigo ter acesso a plataforma pela internet."
Descomplica Faculdade,br.com.descomplica.fac,1,2026-03-23 20:49:08,"não funciona no meu smartphone, não abre nada só fica girando o logo"
Descomplica Faculdade,br.com.descomplica.fac,2,2026-03-19 19:36:23,"Estou sem computador e sendo assim, tenho que assistir as aulas pelo celular. esse aplicativo é um LIXO! da erro mos vídeos o tempo inteiro, perda de tempo pra conseguir estudar pois simplesmente não roda o vídeo inteiro, sempre da erro na mesma parte impedindo que chegue ate o fim da aula. Melhorem esse erro mo aplicativo de vocês, ninguém esta utilizando de graça pra ter algo que não é funcional!!!!"
Descomplica Faculdade,br.com.descomplica.fac,3,2026-03-18 14:03:29,"O aplicativo é lento e, quando pula de um vídeo para o outro, o vídeo seguinte apresenta erro e acaba avançando para o próximo, ignorando o anterior que eu deveria estar assistindo. No restante, o aplicativo é bom."
Descomplica Faculdade,br.com.descomplica.fac,2,2026-03-17 13:10:57,"Confesso que eu esperava mais do Descomplica. Paguei por um dos planos e quando tive acesso à conta, achei tudo meio ""razoável"". A interface é boa, mas honestamente acho os recursos fraquinhos para quem, em tese, paga pelo plano. Algumas aulas não carregam, apoios de aula também não. Acho injusto só ter mentoria para o plano MED. Como vamos aprender sem tirar dúvidas? Obs: têm dias que o aplicativo não entra, mal carrega, e eu me sinto um pouco lesada, porque literalmente pago pelo serviço."
Descomplica Faculdade,br.com.descomplica.fac,5,2026-03-13 03:23:56,Plataforma excelente! Ideal para aperfeiçoar os estudos e focar no vestibular. Recomendo muito!
Descomplica Faculdade,br.com.descomplica.fac,1,2026-03-12 17:50:03,"eu mal tenho tempo pra estudar ai quando fui entrar no app pelo celular passei 1 hora tentando acessar as aulas e não consegui até agora, fala que a página não existe e agora perdi o único tempo que tinha pra estudar hoje"
Descomplica Faculdade,br.com.descomplica.fac,1,2026-03-11 01:09:12,"Pessimo, usava no celular ele tinha varios problemas agora nem carrega mais os conteudos em meu tablet, lento e cheio de falhas"
Descomplica Faculdade,br.com.descomplica.fac,1,2026-03-07 13:09:55,"a biblioteca de aula só aparece as matérias de física, química, biologia e redação. Cadê as outras matérias? sociologia, geografia e etc não aparecem"
Descomplica Faculdade,br.com.descomplica.fac,1,2026-03-06 12:46:18,"nossa senhora que app ruim... primeiro que não me deixa entrar... fica apontando email e senha incorretos, sendo que está tudo preenchido corretamente..."
Descomplica Faculdade,br.com.descomplica.fac,1,2026-03-05 20:22:52,"A portabilidade do app para tablets não é adequada. O app não entra em modo paisagem, apenas retrato, fazendo com que as questões fiquem cortadas."
Descomplica Faculdade,br.com.descomplica.fac,1,2026-03-04 20:05:37,"eu simplesmente não consigo me cadastrar pelo email,sempre diz que algo está errado,mas tenho certeza que não está."
Descomplica Faculdade,br.com.descomplica.fac,1,2026-03-03 20:10:32,para os alunos que fazem login com o Google o aplicativo não funciona. login com Google tem que continuar usando o site
Descomplica Faculdade,br.com.descomplica.fac,1,2026-03-03 13:46:26,não consigo estudar por aqui por que simplesmente fica saindo a conta e toda vez que tento entrar ficam aparecendo pacotes de planos para comprar sendo q eu já tenho o plano mais cara de vestibular. não é prático usar o Google pelo celular pra ver aula e eu sou obrigado a ver pelo computador
Descomplica Faculdade,br.com.descomplica.fac,1,2026-02-27 18:38:22,o aplicativo nenhum site simplesmente não funciona e a plataforma não oferece nenhum tipo de suporte para os alunos. abrir um ticket de reclamação faz dois dias e simplesmente ninguém me responde.
Descomplica Faculdade,br.com.descomplica.fac,1,2026-02-23 19:30:47,app muito lento pra carregar e tiraram a funcionalidade de baixar aulas pra ver offline (pra mim essa funcionalidade é fundamental)
Descomplica Faculdade,br.com.descomplica.fac,3,2026-02-21 22:57:18,"Estou gostando muito do app, mas estou tendo um problema, ele tá muito lento e também não tá marcando quando eu estudo, minha meta é de 4 dias de estudo, eu assisto aulas e faço várias questões e não aparece lá na barrinha de metas que eu estudei 😥"
Descomplica Faculdade,br.com.descomplica.fac,1,2026-02-20 15:42:55,"o aplicativo não está entrando na área aluno,quando clico no já sou aluno ele volta pra parte de compra de cursinho"
Descomplica Faculdade,br.com.descomplica.fac,1,2026-02-19 23:54:43,"Essa avaliação aqui é exclusiva do app. Poderiam colocar opção de baixar aulas, como qualquer app de streaming ou de aulas possuem. Outra questão é quanto a velocidade, atualmente o app é muito lento. Além disso, fico chocada com um curso de pós-graduação não disponibilizar arquivos para download das aulas. Espero que um dia melhore!"
Descomplica Faculdade,br.com.descomplica.fac,1,2026-02-18 23:49:21,"péssimo comprei u, Tablet somente para estudar e não funciona, cadê a mobilidade ? acredito que irei seguir com a desistência"
Descomplica Faculdade,br.com.descomplica.fac,4,2026-02-18 18:04:27,"muitooo bom o curso, minha irmã usou ele pra passar no vestibular e teve resultados excelentes! Tô amando a dinâmica dos professores e os exercícios nem se fala, ótimos! me dou muito bem com o curso e valeu a pena o investimento. A única reclamação que tenho a fazer é sobre eu ter terminado algum conteúdo e no aplicativo não ter marcado como concluído e não mostra que eu concluí minhas tarefas ,só uma questão de toc mesmo ksks, mas acaba me confundindo e assisto as mesmas aulas."
Descomplica Faculdade,br.com.descomplica.fac,2,2026-02-17 14:06:37,"o site/app é mtt bom, os professores e aulas são ótimas mas ele buga mtt, eu assisto tds as aulas e tenho certeza absoluta disso mas quando eu fecho e abro no dia seguinte já diz q n vi aula nenhuma, isso é chato e esse curso n tem uma central de reclamação pra ver isso, tô achando horrível e frustante pq eu tento chegar no 100% de tudo e simplesmente n vai"
Descomplica Faculdade,br.com.descomplica.fac,5,2026-02-16 14:06:49,ótimo aplicativo para quem gosta de estudar
Descomplica Faculdade,br.com.descomplica.fac,2,2026-02-14 12:44:16,não estou conseguindo criar uma conta
Descomplica Faculdade,br.com.descomplica.fac,4,2026-02-09 19:04:36,"O aplicativo é ótimo embora tenha alguns problemas relacionados a lentidão de carregamento de páginas, mas algo que eu sinto falta e me beneficio muito em aplicações de cursos e ensino é a possibilidade de baixar aulas. Várias vezes eu quero assistir aulas do super-tópicos no trem mas evito pra não consumir meus dados móveis"
Descomplica Faculdade,br.com.descomplica.fac,1,2026-02-03 14:41:04,Gostaria que voltasse com a opção de baixar às aulas pra assistir offline.
Descomplica Faculdade,br.com.descomplica.fac,1,2026-02-02 20:06:31,"Adaptabilidade para tablets Boa tarde time Descomplica, gostaria de informar que a visualização em meu tablet Samsung esta comprometida, não funcionando a opção de deixar o tablet em modo paisagem no app, alem dos modulos ficarem cortados, e também não aparecendo as opções de escolher nas atividades."
Descomplica Faculdade,br.com.descomplica.fac,5,2026-01-31 16:39:48,Coloquem a opção para download das aulas novamente
Descomplica Faculdade,br.com.descomplica.fac,1,2026-01-27 21:36:56,porque eu estou botando minha senha e meu e-mail corretamente e fica monstrando que é inválido
Descomplica Faculdade,br.com.descomplica.fac,2,2026-01-26 22:20:19,mão consigo acessar pela conta do Google
Descomplica Faculdade,br.com.descomplica.fac,1,2026-01-24 18:49:11,"O app é muito ruim, uma vez cliquei pra expandir os avisos do app e simplesmente não deu pra fechar mais, nem saindo e entrando no aplicativo, volto e está expandido ainda, simplesmente não tem um botão pra recolher os avisos. Parece que lançaram sem testes..."
Descomplica Faculdade,br.com.descomplica.fac,1,2026-01-20 19:56:17,"impossível fazer login pelo site e o app é pavoroso, não carrega nada"
Descomplica Faculdade,br.com.descomplica.fac,1,2026-01-16 20:27:46,não consigo me cadastrar para utilizar o aplicativo.
Descomplica Faculdade,br.com.descomplica.fac,2,2026-01-15 23:18:02,não consigo logar pelo aplicativo utilizando login do Google. o modelo do meu celular é um Galaxy M51. poderia ser versão?
Descomplica Faculdade,br.com.descomplica.fac,1,2026-01-15 21:26:40,Não consigo acessar pois o reset de senha não funciona e não consigo acessar usando google como no site.
Descomplica Faculdade,br.com.descomplica.fac,1,2026-01-08 00:29:08,"No site e no próprio aplicativo dizem que tem a opção de baixar as aulas para ver offline, mas não existe essa opção. Tiraram não sei porque, espero que coloquem de volta. Fora isso tem outras questões usuais que são ruins."
Descomplica Faculdade,br.com.descomplica.fac,1,2026-01-01 17:24:01,pelo app não quer entrar pela conta do Google
Descomplica Faculdade,br.com.descomplica.fac,4,2025-12-18 00:28:17,Pode ser algum bug mas o aplicativo não oferece login através da conta Google.... ☹️
Descomplica Faculdade,br.com.descomplica.fac,2,2025-12-03 23:05:43,"o aplicativo não permite mais assistir off-line, não consigo compartilha certificados no LinkedIn e não posso mais ouvir com a tela apagada."
Descomplica Faculdade,br.com.descomplica.fac,2,2025-12-02 13:27:42,"1 - App lento e mal otimizado. 2 - Na tela de carregar os documentos não aparecem os botões de carregar, aparecem apenas na versão para desktop. 3 - Ao tentar retornar para uma página anterior o app retorna para a página inicial, para escolher novamente a modalidade de ensino (Médio, Graduação ou Pós). 4 - Após baixar um arquivo de matrícula ou carteirinha estudantil o arquivo não abri, mesmo o formato estando certo (pdf) e mesmo renomeando."
Descomplica Faculdade,br.com.descomplica.fac,1,2025-12-01 14:55:07,Não tem opção de se inscrever
Descomplica Faculdade,br.com.descomplica.fac,2,2025-11-30 12:57:54,"No aplicativo, embora exista uma tela para tal finalidade, não é possível adicionar os documentos (identificação e diploma de graduação)."
Descomplica Faculdade,br.com.descomplica.fac,1,2025-11-29 14:15:37,"não consegui nem o primeiro acesso, porque só aparece Entrar para quem já tem cadastro."
Descomplica Faculdade,br.com.descomplica.fac,4,2025-11-25 23:10:26,parece que eu paguei o curso e não consigo entrar na minha conta do curso
Descomplica Faculdade,br.com.descomplica.fac,2,2025-11-25 01:57:11,"a atualização anterior era bem melhor, tinha a opção de Assistir offline e além disso demora muito para abrir tendo dia que nem abre a aula"
Descomplica Faculdade,br.com.descomplica.fac,2,2025-11-24 16:15:50,"App sem login com Google, assim fica difícil utilizar."
Descomplica Faculdade,br.com.descomplica.fac,2,2025-11-10 07:19:00,"O login não mantém, toda hora q vai assistir uma aula tem q logar de novo.. eu sou dev e já trabalhei com Android, isso não é complicado de fazer, sério. Deem uma atenção nisso pf, além disto, manter a tela ligada nas aulas, assistir e o ecrã ficar desligando é bem chato e atrapalha o estudo."
Descomplica Faculdade,br.com.descomplica.fac,1,2025-11-06 17:26:25,"assinei, mais nos meses q mais ia ultilizar não entra, só fica aparecendo os planos para comprar..."
Descomplica Faculdade,br.com.descomplica.fac,1,2025-11-05 02:54:02,"Cadê a opção ? Comprei na ""Promoção leve 2 pós graduação e pague 1"", não consegui resolver meu problema, não consegui falar com o suporte, não consegui adquirir o outro curso. CADÊ O ATENDIMENTO COM SERES HUMANOS?"
Descomplica Faculdade,br.com.descomplica.fac,1,2025-10-30 21:56:46,"O aplicativo está extremamente lento para carregar, não há mais a opção de download para assistir às aulas offline e, ao assistir em tela cheia, o display desliga sozinho. Além disso, o acesso à secretaria da faculdade agora direciona para um link externo, em vez de oferecer as opções dentro do próprio app. A Descomplica, em 2025, está piorando a cada dia."
Descomplica Faculdade,br.com.descomplica.fac,1,2025-10-29 12:21:51,"Tranquei a matrícula e estão me mandando boleto. Não consigo contato com ninguém pra cancelarem esse boleto. .Não vou pagar e, se sujarem meu nome, vou exigir indenização."
Descomplica Faculdade,br.com.descomplica.fac,2,2025-10-28 23:45:51,"Os professores são excelentes e o conteúdo é ótimo, mas o aplicativo é muito lento. Quando saio de uma aula por engano, demoro cerca de três minutos para voltar ao ponto em que estava, o que quebra o ritmo de estudo. Seria ótimo se o app perguntasse se quero retomar de onde parei sempre que eu o abrisse, e também tivesse a opção de ajustar a velocidade dos vídeos (como 1.25x)."
Descomplica Faculdade,br.com.descomplica.fac,4,2025-10-23 19:01:17,"Gosto muito! Mas é chato quando fica aparecendo anúncio de provão logo quando entra no app e não da pra tirar. eu quero estudar normal, no meu ritmo."
Descomplica Faculdade,br.com.descomplica.fac,1,2025-10-23 01:28:22,"""descomplica"" já começa errado a coisa mais complicada é entrar nesse aplicativo"
Descomplica Faculdade,br.com.descomplica.fac,1,2025-10-21 16:58:22,"Que horrível a experiência de abrir esse app meu Deus do céu, que isso, não abre e o pior fica só carregando, e nada.... Horrível, não tem como estudar por aqui, quero abrir meu curso mas tá difícil por aqui.... 😡😡"
Descomplica Faculdade,br.com.descomplica.fac,5,2025-10-20 20:07:29,🟩 O app têm melhorado bastante
Descomplica Faculdade,br.com.descomplica.fac,5,2025-10-20 13:54:47,poderia o app estar disponível para smart tv
Descomplica Faculdade,br.com.descomplica.fac,1,2025-10-03 00:32:42,não consigo fazer meu cadastro sempre da erro no e-mail ou na senha
Descomplica Faculdade,br.com.descomplica.fac,1,2025-09-20 01:50:32,"Ao acessar o app, aparece uma janela de notificações que não tem botão para fechá-la. Inclusive ao clicar no botão disciplinas, essa maldita janela de notificações abre novamente e não consigo usar o app. Precisa resolver isso urgentemente!"
Descomplica Faculdade,br.com.descomplica.fac,1,2025-09-16 18:59:31,"Vamos as considerações. O app é muito lento acredito por mal otimização ou lentidão nos servidores da descomplica. Não é possível baixar as aulas para assitir offline o que é um absurdo praticamente tirando a praticidade que o aplicativo deveria trazer. Bugs que comprometem a indicação de progresso nas matérias, as vezes eu olho o indicador de progresso e está tudo fora dos conformes. Tela que apaga quando as vídeo aulas estão no modo tela cheia, o que torna a experiência irritante."
Descomplica Faculdade,br.com.descomplica.fac,5,2025-09-16 15:28:12,O aplicativo não abre em celular
Descomplica Faculdade,br.com.descomplica.fac,2,2025-09-16 09:10:25,"amo o curso, só app que tem dificultado um pouco. Ora ele funciona no modo paisagem (horizontal), ora ele só fica no modo retrato... é ruim não poder ficar no modo paisagem..."
Descomplica Faculdade,br.com.descomplica.fac,1,2025-09-14 17:54:27,"O aplicativo só funciona no modo retrato, não funciona no modo paisagem e isso é muito ruim na hora de utilizar em um tablet. poderiam arrumar ?"
Descomplica Faculdade,br.com.descomplica.fac,3,2025-09-10 18:12:01,Olá tudo bem meu nome é Michele eu tenho esse aplicativo é que eu tô colocando meu login tá dando que inválido aí eu queria saber como que eu posso tá mudando a senha e o login
Descomplica Faculdade,br.com.descomplica.fac,1,2025-09-08 22:39:35,App não abre no Galaxy Tab!
Descomplica Faculdade,br.com.descomplica.fac,2,2025-09-08 15:27:34,simplesmente horrível fiz minha assinatura pelo site mas quanto tentei logar simplesmente fica voltando pra área de assinaturas por favor arrumem isso
Descomplica Faculdade,br.com.descomplica.fac,2,2025-09-08 01:17:00,"ele só da opção de entrar, não de criar uma conta, péssimo."
Descomplica Faculdade,br.com.descomplica.fac,1,2025-09-07 20:50:50,"Olá! Não estou conseguindo acessar a secretaria. coloco meu número de RA e a senha, porém diz que o servidor não está disponível."
Descomplica Faculdade,br.com.descomplica.fac,1,2025-09-02 01:20:53,"A plataforma possui ótimas aulas e materiais de apoio, mas o aplicativo é péssimo, assim como os canais de comunicação para reportar problemas como esse. O dispositivo que eu utilizava para acessar o curso não está funcionando e não consigo acessar o curso pelo aplicativo no celular, o que está atrasando mais ainda meu progresso com os estudos. Esses erros precisam ser corrigidos urgentemente!!!!"
Descomplica Faculdade,br.com.descomplica.fac,1,2025-09-01 04:06:38,"Antes eu conseguia acessar as áreas das matérias e até assistir as aulas, agora não consigo mais. Eu entro e não consigo visualizar nada..."
Descomplica Faculdade,br.com.descomplica.fac,2,2025-09-01 02:34:13,"aplicativo está com um big, onde a tela apaga no meio da vídeo aula."
Descomplica Faculdade,br.com.descomplica.fac,1,2025-08-28 01:35:49,"Péssimo! Não há a opção de exclusão da conta. Caso considere se cadastrar e, posteriormente, deseje que seus dados não estejam mais associados a eles, poderá enfrentar dificuldades."
Descomplica Faculdade,br.com.descomplica.fac,1,2025-08-26 00:54:18,Pelo app não tem a opção de logar pelo Google
Descomplica Faculdade,br.com.descomplica.fac,1,2025-08-25 20:30:30,"não tenho conta própria no descomplica, uso a conta do google, opção ofertada por eles, porém no app nem aparece a opção de logar com conta do google!"
Descomplica Faculdade,br.com.descomplica.fac,2,2025-08-25 02:09:41,"não consigo acessar minha conta pelo aplicativo, pois está vinculada ao Google e na página inicial não aparece o ícone para realizar o login através do Google, apenas email e senha comum"
Descomplica Faculdade,br.com.descomplica.fac,3,2025-08-23 13:59:25,"app mal otimizado, muito lerdo"
Descomplica Faculdade,br.com.descomplica.fac,2,2025-08-21 18:24:01,Está dando erro na hora de enviar documentos. A página não me deixa adicionar documentos e retorna para a página anterior. O site está com o mesmo erro.
Descomplica Faculdade,br.com.descomplica.fac,3,2025-08-17 23:25:58,"Aplicativo não muito bem desenvolvido, ainda falta corrigir o sistema de atendimento por IA."
Descomplica Faculdade,br.com.descomplica.fac,4,2025-08-14 17:44:02,"Bom aplicativo, mas poderiam implementar uma opção para parelhar com Chromecast para podermos assistir aulas na TV."
Descomplica Faculdade,br.com.descomplica.fac,3,2025-08-14 17:31:43,"o aplicativo em modo tela cheia deixa o celular apagar a tela, ou seja, se vc bobear a aula para pq o celular travou. pra logar no app é onda, pra quem usa sso é melhor cadastrar uma senha."
Descomplica Faculdade,br.com.descomplica.fac,3,2025-08-13 12:40:29,"Ao abrir o app não está aparecendo a opção para conectar com a conta do Google, que costumo utilizar na plataforma tradicional."
Descomplica Faculdade,br.com.descomplica.fac,1,2025-08-12 22:27:48,Que ódio! Simplesmente minhas disciplinas saíram da plataforma. Como faço pra estudar?
Descomplica Faculdade,br.com.descomplica.fac,1,2025-08-10 18:15:49,Não dá pra fazer login com o gmail
Descomplica Faculdade,br.com.descomplica.fac,1,2025-08-10 10:21:48,"Nossa, que app ruim! não entra com a conta, não abre nada, sempre volta à mesma tela. péssima experiência de usuário e para novos clientes."
Descomplica Faculdade,br.com.descomplica.fac,1,2025-08-08 17:13:47,Não consigo acessar o site para estudar. Não consigo utilizar o app pra estudar por que as notificações não saem da tela. Não sei o que fazer.
Descomplica Faculdade,br.com.descomplica.fac,1,2025-08-02 10:31:53,"pago o curso mas nao estou conseguindo entrar na minha conta. Ninguém retorna , nao tem suporte, vou cancelar......inviável"
Descomplica Faculdade,br.com.descomplica.fac,1,2025-08-01 18:27:08,Login via google no android não está funcionando por conta disso o app fica inutilizavel.
Descomplica Faculdade,br.com.descomplica.fac,1,2025-07-29 19:00:55,"É bem difícil de usar, o design não é fácil de usar, e além disso fica travando frequentemente.."
Descomplica Faculdade,br.com.descomplica.fac,1,2025-07-27 08:57:36,"o aplicativo não abre no meu celular, não consigo nem entrar na minha conta! o aplicativo é uma decepção, deixa muito a desejar pra não usar outras palavras, pois como é possível um aplicativo nem ao menos conseguir entrar em uma conta onde a mesma funciona normalmente no notebook. MELHOREM E RESOLVAM ISSO !"
Descomplica Faculdade,br.com.descomplica.fac,1,2025-07-27 01:33:49,no tablet s6 Samsung simplesmente não abre
Descomplica Faculdade,br.com.descomplica.fac,5,2025-07-18 13:52:04,A plataforma é ótima mas de dois dias pra cá não estou conseguindo acessar minha conta estou estudando pro Enem . Gostaria de saber o que preciso fazer pra entrar minhas senhas . Infelizmente não estou conseguindo entrar . 🩷🩷🩷🩷bjjs edit: Obrigada por responder consegui resolver o problema gente Gratidão 💕
Descomplica Faculdade,br.com.descomplica.fac,5,2025-07-18 02:32:41,"pedi pra mudar de email pelo ticket aí disse que era só botar que esqueci a senha com o novo email e iria enviar msg mas não deu certo no app hoje 17/07/2025 eu vi entrar na plataforma pelo navegador e estava o email antigo, coloquei pra ver planos depois meus dados e estava o email novo, fiquei delulu das ideias e não to entendendo nada. Eu não consigo entrar no app, mas se der pelo notebook então... que bom."
Descomplica Faculdade,br.com.descomplica.fac,5,2025-07-17 12:47:22,"só burrice minha. não tava entrando porque não era graduação, era vestibular 😞 e eu nem vi."
Descomplica Faculdade,br.com.descomplica.fac,1,2025-07-17 10:11:50,"Péssimo, não abre fica na tela branca o tempo todo e não fica logado."
Descomplica Faculdade,br.com.descomplica.fac,3,2025-07-17 05:58:10,"Comprei um Tablet S6 especialmente para fazer o curso e adivinha não consigo utilizar pois o APP simplesmente não abre no Tablet, e tem já li que tem outros usuários com o mesmo problema."
Descomplica Faculdade,br.com.descomplica.fac,1,2025-07-17 00:17:06,"Acabei de assinar um plano e baixei o app, mas não consigo fazer login, mesmo minhas credenciais estando corretas. No site consigo logar normalmente"
Descomplica Faculdade,br.com.descomplica.fac,1,2025-07-15 22:58:33,não consigo acessar só fala que minha conta é inválida
Descomplica Faculdade,br.com.descomplica.fac,1,2025-07-15 14:55:43,"não recomendo, muito ruim eu não consigo entrar msm colocando meu e-mail e senha, sendo que ele tava pedindo e tava dizendo pra mim tenta novamente sendo que tentei mais de cinco vezes, e tá impossível, não recomendo!!!!"
Descomplica Faculdade,br.com.descomplica.fac,1,2025-07-15 11:15:40,"o Descomplica me complicou.. Fiz o cadastro pela parceira TIM e no redirecionamento para o site, fiz meu cadastro com a conta Google, mas quando uso o app, não tem a opção de entrar com o Google. Resolvendo isso, volto e faço uma avaliação melhor, não tem como ser diferente de 1 se há dificuldade de passar da entrada do aplicativo."
Descomplica Faculdade,br.com.descomplica.fac,1,2025-07-15 10:05:06,o app consta como indisponível toda vez e diz sobre um erro inesperado. tenho que ficar usando no navegador. péssimo
Descomplica Faculdade,br.com.descomplica.fac,1,2025-07-10 19:24:23,"Não consegui nem acessar o app, ao tentar acessar coloco meu e-mail e, é dado que ele não está cadastrado, e pede uma senha que não sei de que."
Descomplica Faculdade,br.com.descomplica.fac,1,2025-07-09 11:26:06,"já sou aluna, mas por esse app nao consigo acessar nada, só aparece a mensagem que algo deu errado"
Descomplica Faculdade,br.com.descomplica.fac,1,2025-07-04 15:09:47,"horrível, suporte péssimo"
Descomplica Faculdade,br.com.descomplica.fac,1,2025-07-04 07:41:43,"Aplicativo não funciona. Fica apenas na home page, na área de venda de cursos e não consigo ter acesso ao login (Mesmo quando vou na aba de ""Já sou aluno"" no menu. Ao clicar nessa opção, ele volta pra home page). Tentei até simular que iria comprar algum plano para ver se em alguma etapa apareceria o pedido de login e eu conseguiria ""driblar"" esse bug, porém nem mesmo a opção de comprar o curso pelo app funciona. Para utilizar a versão mobile, estou tendo que logar pelo navegador do smartphone."
Descomplica Faculdade,br.com.descomplica.fac,2,2025-07-03 21:20:57,"Era um app simples, mas bom. Conseguia adiantar as aulas offline, baixando elas quando estava com internet, e assistindo no ônibus. Agora não consigo assistir, pois tiraram essa função. O app é pesado e as aulas consomem muitos dados. Estou com as aulas atrasadas pq o lugar onde tenho mais tempo para assistir é no transporte público 😓"
Descomplica Faculdade,br.com.descomplica.fac,3,2025-07-02 14:29:46,"Precisa melhorar ainda, app bem agarrado"
Descomplica Faculdade,br.com.descomplica.fac,1,2025-07-02 10:40:37,"O aplicativo é péssimo, trava muito, estressa bastante, parece que é um problema recorrente e que não resolvem!"
Descomplica Faculdade,br.com.descomplica.fac,1,2025-07-02 01:20:57,Não aparece mais a opção da operadora TIM.
Descomplica Faculdade,br.com.descomplica.fac,5,2025-07-01 21:31:46,"até agora está excelente, não só o app mas o curso. preço acessível, bom atendimento e aulas e materiais de qualidade. espero que continue assim"
Descomplica Faculdade,br.com.descomplica.fac,1,2025-06-29 13:09:52,"Não estou conseguindo entrar na minha conta. Afirma que é problema no e-mail ou senha, mas quando eu clico na opção de enviar uma msg para o meu e-mail para trocar de senha afirma que houve um erro. Por favor me ajudem, preciso estudar😟"
Descomplica Faculdade,br.com.descomplica.fac,1,2025-06-28 01:03:50,Nao consigo entrar. Fica com erro.
Descomplica Faculdade,br.com.descomplica.fac,1,2025-06-27 22:58:08,"Falta didática dos professores, as aulas são muito curtas, os conteúdos NÃO abordados de forma clara e objetiva, É MUITA ENROLAÇÃO. Muito arrependimento, por isso não cancelam, sabem que é ruim! UMA DECEPÇÃO, não merece nem uma estrela, imagine 5."
Descomplica Faculdade,br.com.descomplica.fac,1,2025-06-27 13:20:23,"Desde que o app foi atualizado não consigo acessar, já tentei o suporte e nada, há fiz de tudo !! estou frustradissima pois em 2024 eu estuda bastante por ele e qual virou o ano e atualizou só consigo acesso pelo computador. muito chateada!"
Descomplica Faculdade,br.com.descomplica.fac,5,2025-06-27 12:29:10,"Bom dia. Participo a Equipe que depois de atualizar para essa nova versão, não estou conseguindo acessar minha conta. Diz que ""ainda não tenho acesso a plataforma"". Gostaria que me ajudassem, pois estou realizando curso. Sendo que estou acessando pelo navegador.😔 Obrigado 👍"
Descomplica Faculdade,br.com.descomplica.fac,3,2025-06-26 03:31:39,está dando erro não entra
Descomplica Faculdade,br.com.descomplica.fac,1,2025-06-25 16:45:30,Minha conta foi deslogada e não consigo mais acessar.
Descomplica Faculdade,br.com.descomplica.fac,1,2025-06-24 23:08:16,"o app é muito ruim e depois da atualização piorou.... continua bugado, mas além disso agora não é possível baixar as aulas pra assistir offline. é de muita incompetência ter como público alvo de vcs os pobre e a gnt não conseguir assistir às aulas no transporte público. (tô fazendo essa avaliação no trem, com o mesmo sinal q não carrega os vídeos, obrigada)"
Descomplica Faculdade,br.com.descomplica.fac,5,2025-06-23 16:53:21,"conseguir logar minha conta, vlw 😃"
Descomplica Faculdade,br.com.descomplica.fac,2,2025-06-20 02:43:44,"não consigo criar uma conta, só dá opção de entrar em uma conta q já é minha e eu nunca tive conta no aplicativo"
Descomplica Faculdade,br.com.descomplica.fac,1,2025-06-18 14:58:42,"Estou extremamente decepcionada com a nova versão do aplicativo da Descomplica. A experiência de uso piorou drasticamente em comparação com a versão anterior. O principal problema é a lentidão: demora demais para carregar qualquer página, tornando a navegação insuportável. Além disso, no meu cadastro, a tela principal fica presa nas notificações, impedindo o acesso a outras funcionalidades importantes. Já tentei reinstalar o aplicativo várias vezes, mas o erro persiste, o que aumenta ainda mais"
Descomplica Faculdade,br.com.descomplica.fac,1,2025-06-12 00:46:47,"Experiência péssima. Pago pra não conseguir desfrutar de quase nada na plataforma, todo dia alguma coisa não funciona como deveria, seja a plataforma de redação ou as vídeo aulas que simplesmente não carregam. Mesmo reportando o problema, permanece e na verdade, parece que depois de relatar, tudo piora."
Descomplica Faculdade,br.com.descomplica.fac,1,2025-06-05 16:50:52,"não consigo entrar com a minha conta do Google, não tem essa opção e eu paguei a mensalidade com a conta do Google, como é que eu vou entrar no app na minha conta desse jeito?"
Descomplica Faculdade,br.com.descomplica.fac,1,2025-06-04 12:35:03,não tem a opção de se cadastrar.
Descomplica Faculdade,br.com.descomplica.fac,1,2025-06-03 23:28:19,"estou tentando criar minha conta mas só aparece "" Ocorreu um erro "" e nunca sai disso, sendo que não tem nada de errado a não ser o app! alguém me ajuda ?"
Descomplica Faculdade,br.com.descomplica.fac,1,2025-06-02 18:34:11,Serviços não funcionam direito. Não tem como falar com uma pessoa. Horrível.
Descomplica Faculdade,br.com.descomplica.fac,1,2025-05-30 13:14:01,"não entendo como uma instituição de ensino do ramo de tecnologia tem um app que não funciona, não consigo subir os docs (da bug), você entra na central de ajuda e é redirecionado para a tela inicial. já me arrependi de ter me inscrito nesta instituição."
Descomplica Faculdade,br.com.descomplica.fac,1,2025-05-29 08:10:48,"eu faço login usando o Gmail, nesse novo app não dá pra logar com social media putz... como vou fazer login ?"
Descomplica Faculdade,br.com.descomplica.fac,5,2025-05-28 00:29:41,"gostei muito, tem feito a diferença em meu aprendizado."
Descomplica Faculdade,br.com.descomplica.fac,2,2025-05-27 21:32:24,"as aulas travam, arrumem pfvr"
Descomplica Faculdade,br.com.descomplica.fac,1,2025-05-21 23:20:05,"aplicativo horrível, muito mal otimizado, demora para carregar as páginas do APP mesmo com uma boa Internet. NÃO REDOMENDO."
Descomplica Faculdade,br.com.descomplica.fac,3,2025-05-19 10:00:05,Estou com problemas para assistir as vídeo aulas usando dados móveis. O que poderia ser ? Já tentei alterar as configurações mas nada adiantou.
Descomplica Faculdade,br.com.descomplica.fac,4,2025-05-16 23:18:33,o aplicativo vive dando problema e o suporte deles não funciona.
Descomplica Faculdade,br.com.descomplica.fac,5,2025-05-16 19:50:55,Edit: Está funcionando ok. Provavelmente corrigiram o erro. Muito bom ficou o APP.
Descomplica Faculdade,br.com.descomplica.fac,1,2025-05-15 22:15:25,"Não costumo avaliar nenhum aplicativo, mas como eu preciso muito desse para conseguir concluir meus estudos , lá vai: aplicativo extremamente lento dificultando navegar entre as disciplinas, estou logada no meu tablet, mas por algum motivo não consigo logar no meu telefone, sempre ocorre erro mesmo as credenciais estando corretas. precisa melhorar isso aí viu descomplica!"
Descomplica Faculdade,br.com.descomplica.fac,2,2025-05-14 20:40:32,"nao estou tendo uma experiencia agradavel. já consegui utilizar o app mas já é a segunda vez que ao logar recebo a mensagem ""ocorreu um erro. tente novamente"" e não consigo nem logar e nem recuperar a senha pois aparece a mesma mensagem. entrei em contato com o suporte e me informaram que o problema é meu celular (que já havia conseguido acessar antes) e que não tinha o que fazer e eu deveria acessar pelo site. qual o sentido de existir um app???"
Descomplica Faculdade,br.com.descomplica.fac,1,2025-05-14 16:48:46,infelizmente esse aplicativo não marca as aulas vistas Enem os exercícios e e por isso fico confuso não sabendo as aulas que já assisti e nem aos exercícios que já respondi não tem uma marcação para saber qual foi a última hora que eu assisti nem o último exercício que responde toda vez que saio entra no aplicativo é isso toda vez que eu volto não sei qual foi que eu fiz porque não tem marcação nenhuma e não fica salvo a última aula que eu fiz
Descomplica Faculdade,br.com.descomplica.fac,2,2025-05-11 13:49:12,o aplicativo nessa nova versão não consegue reproduzir a aula toda pois entra no modo proteção de tela e para a reprodução. tentei resolver e não consegui. alguém tem uma dica de como resolver isso?
Descomplica Faculdade,br.com.descomplica.fac,1,2025-05-07 10:46:33,gostaria de conseguir fazer a inscrição a princípio. Se para se inscrever è assim imagina o app.
Descomplica Faculdade,br.com.descomplica.fac,1,2025-05-05 13:22:42,Acabei de baixar o app e trocar minha senha de acesso de graduação. Consigo logar pelo desktop na web mas não pelo app mobile. Fica o questionamento se os cursos de TI são realmente de qualidade
Descomplica Faculdade,br.com.descomplica.fac,5,2025-05-04 20:45:25,show de bola!!! vale a pena baixar!! não estuda quem não quer!!! Descomplica facilitou a vida da minha família!!!
Descomplica Faculdade,br.com.descomplica.fac,1,2025-05-03 11:21:25,"A outra versão já tinha alguns problemas de adiantar aulas que ainda não tinha assistido, mas essa conseguiu ficar pior. Não carrega as aulas, aplicativo lento, removeram a opção de download, o que dificultou muito o estudo para muitas pessoas, inclusive pra mim. É a primeira e última pós que faço com a descomplica."
Descomplica Faculdade,br.com.descomplica.fac,1,2025-05-01 21:24:38,"A última atualização foi uma péssima decisão! Demora pra carregar, demora pra liberar de eu escolher o curso (já que fiz uma outra graduação há alguns anos) e mais uma eternidade pra ir pra página certa e disciplina. Além disso, ela tem seus dias de simplesmente carregar é nada!"
Descomplica Faculdade,br.com.descomplica.fac,4,2025-05-01 17:13:59,"depois que se acostumar com a interface, roda bem"
Descomplica Faculdade,br.com.descomplica.fac,1,2025-05-01 13:19:02,Agora é impossível minimizar a tela... o aplicativo não roda mais em segundo plano .
Descomplica Faculdade,br.com.descomplica.fac,1,2025-04-30 12:47:29,"PÉSSIMO!! SIMPLESMENTE PÉSSIMO!!! Só dá erro, já fiz redefinir senha e continua dando erro eterno.. Frustrante!! E pra completar, o site some tudo.. todas as aulas já assistidas, exercícios feito. Complicado!!!"
Descomplica Faculdade,br.com.descomplica.fac,1,2025-04-30 00:28:06,"trava muito no tablet, mal consigo usar"
Descomplica Faculdade,br.com.descomplica.fac,1,2025-04-29 16:49:19,eu achando que era de graça tem e que pagar o plano pra acessar o estudo
Descomplica Faculdade,br.com.descomplica.fac,1,2025-04-28 22:33:15,"Aplicativo visualmente agradável e fácil de mexer. Porém, nesta última versão está super lento, com as páginas demorando para carregar e, muitas vezes, ficam em branco sem carregar, precisando atualizar. E o meu é um Edge 50 Pro. Não é um aparelho fraco para executar um App apenas para ver aula. Falta corrigir o problema de má otimização do novo layout, da última atualização."
Descomplica Faculdade,br.com.descomplica.fac,2,2025-04-28 21:16:58,Fui deslogada e não consigo mais entrar pois não aparece mais a opção de entrar com Google Gmail.
Descomplica Faculdade,br.com.descomplica.fac,1,2025-04-26 00:54:27,"A página de atividades fica cortada no Tablet, quase não dá para ler as questões. Isso ocorreu depois da nova atualização, espero que melhore."
Descomplica Faculdade,br.com.descomplica.fac,3,2025-04-25 15:32:29,"Eu já fui aluna da Descomplica ano passado no outro aplicativo. Nesse ano fui entrar e estava informando que tinha que estalar esse novo aplicativo aqui. Eu baixei e entrei, porém quando chegar que pede o e-mail e a senha coloquei a minha senha do ano passado e meu e-mail e não foi.Depois tentei com minha outra conta e com outra senha, porém não foi. E o ruim é que não tem como criar uma nova conta com outro e-mail.E agora não consigo entra no aplicativo.E agora o que faço??? Eu quero estudar."
Descomplica Faculdade,br.com.descomplica.fac,1,2025-04-24 03:45:48,"Um absurdo terem tirado a opção de download dos vídeos!! Ajudava demais a estudar no metrô, agora que fico dependendo da internet, é impossível ver as aulas no transporte... Só complicou mais a rotina de estudos"
Descomplica Faculdade,br.com.descomplica.fac,2,2025-04-23 00:32:57,"O aplicativo está pouco responsivo para telas menores, principalmente na parte dos exercícios, onde oculta parte dos textos, sem a possibilidade de usar na vertical, para tentar ler toda a questão."
Descomplica Faculdade,br.com.descomplica.fac,1,2025-04-22 03:39:45,"Essa última versão ficou muito ruim! Removeram a opção de download das aulas, eu que estudo dentro do trem, ficou muito ruim. Conseguiram complicar algo que estava descomplicado, visto que o último app tinha esta função."
Descomplica Faculdade,br.com.descomplica.fac,2,2025-04-21 18:40:36,"Amo as aulas, didática e metodologia do curso em si. Porém achei o aplicativo lento, não carrega as abas para estudar os assuntos gravados, prefiro mil vezes o app que usava ano retrasado ou estudar pelo computador"
Descomplica Faculdade,br.com.descomplica.fac,1,2025-04-21 15:16:17,"Paguei o curso anual, não consigo acessar minha conta pelo site e nem pelo novo app. Pede para eu pagar o plano novamente...foi só dinheiro jogado fora."
Descomplica Faculdade,br.com.descomplica.fac,2,2025-04-18 03:34:07,"Após a última atualização, a tela escurece durante as aulas até que a mesma fique bloqueada. E o App demora muito mais para carregar o conteúdo"
Descomplica Faculdade,br.com.descomplica.fac,1,2025-04-18 00:31:21,"o app antigo era bem melhor, fiquei muito decepcionado que não tem mais a função de baixar aula pra ver offiline"
Descomplica Faculdade,br.com.descomplica.fac,5,2025-04-14 17:46:53,"Ainda nao testei o aplicativo, mas estava estudando apenas pelos vídeos do YouTube e pelo site e gente?? que perfeição, os vídeos de 10 minutos me fazem ficar estudando por 1:30 e chutando baixo em! vale a pena tentar muito"
Descomplica Faculdade,br.com.descomplica.fac,3,2025-04-14 16:19:39,"O app é bom, mas não gostei que tiraram a opção de download. Era ótimo para assistir longe de casa e ajudava muito."
Descomplica Faculdade,br.com.descomplica.fac,1,2025-04-14 14:45:47,"O app ficou péssimo depois da última atualização. Demora demais para carregar o curso, quando carrega. Não existe mais a opção para fazer download das aulas. Não está claro se, pelo app, as aulas já são baixadas automaticamente ou funcionam como se estivesse assistindo as aulas no site. Se esse for o caso, o app se tornou inútil. Já desinstalei e instalei novamente o app, e o problema persiste. A atualização foi muito ruim, Descomplica. Necessita de reparos urgentes."
Descomplica Faculdade,br.com.descomplica.fac,1,2025-04-14 09:40:14,"Gosto muito da faculdade, mas esse aplicativo evolui pra trás. Como que alguém ganha pra desenvolver um lixo desses?"
Descomplica Faculdade,br.com.descomplica.fac,2,2025-04-13 17:15:56,"era mais simples, os videos seguintes entravam em autoreproducao mais rápido, o leitor de texto era mais simples e funcionava, agora mudou para funcionalidade igual a do site, e não funciona."
Descomplica Faculdade,br.com.descomplica.fac,3,2025-04-12 22:47:53,"O aplicativo fica apenas na vertical, eu tenho um tablet com teclado. Seria melhor que seguisse a orientação da tela."
Descomplica Faculdade,br.com.descomplica.fac,3,2025-04-12 22:35:52,Recém vou iniciar o uso.
Descomplica Faculdade,br.com.descomplica.fac,5,2025-04-12 20:36:32,"Aprendi muito com essas aulas on LINE, também fiz alguns cursos on LINE grátis"
Descomplica Faculdade,br.com.descomplica.fac,1,2025-04-12 14:31:53,"Horrível, não tem suporte algum, suporte pelo aplicativo não presta wathsap não acha, quando e pra realizar matrícula e uma maravilha consegui falar até com o papa, depois que precisa de alguma coisa não consegui nem falar com o suporte robô kkkk horrível."
Descomplica Faculdade,br.com.descomplica.fac,1,2025-04-12 13:59:22,"Sou estudante de Engenharia de Software. particularmente não gostei da mudança de um app nativo para um web viewer, entendo a praticidade de manutenibilidade, mas a aplicação ficou lenta. Eu utilizava o app quando o site estava com instabilidade, mas agora não tem mais para onde correr. Para isso funcionar bem, vocês precisam melhorar a performance do site e o suporte dos servidores para contemplar um número maior de requisições simultâneas."
Descomplica Faculdade,br.com.descomplica.fac,1,2025-04-12 00:09:35,péssimo o aplicativo. não consigo assistir minhas aulas. por favor ajeitei isso rápido. tô perdendo tempo
Descomplica Faculdade,br.com.descomplica.fac,4,2025-04-11 21:18:17,"Está ótimo , mas não funcionar em modo paisagem atrapaha demais."
Descomplica Faculdade,br.com.descomplica.fac,5,2025-04-11 19:10:29,"muito bom para o que se proproe, bem legal para quem não aprender certas coisas na escola ou terminou o ensino médio a uns anos tbm, começa do básico ao mais completo isso e bom nas matérias que vc tem dificuldade eu em matemática por exemplo, e o melhor curso do mundo pode até não ser mais para o valor pago tá muito bom excelente"
Descomplica Faculdade,br.com.descomplica.fac,1,2025-04-11 13:00:06,"muito ruim, não consigo nem achar as aulas, o aplicativo está bugado."
Descomplica Faculdade,br.com.descomplica.fac,1,2025-04-10 12:27:37,ruim não consigo acessar.
Descomplica Faculdade,br.com.descomplica.fac,1,2025-04-09 13:21:55,"“A simplicidade é o ápice da sofisticação” é uma frase atribuída a Leonardo da Vinci. o aplicativo era extremamente SIMPLES e FUNCIONAL com a opção de baixar todo o módulo para estudar Offline, após a última atualização basicamente se tornou um navegador o que deixou tudo mais lento, pelo meu navegador o acesso é mais rápido, o que torna o app totalmente sem sentido"
Descomplica Faculdade,br.com.descomplica.fac,3,2025-04-09 01:03:12,"Uso o app desde o ano passado e nunca apresentou problema, mas depois dessa última atualização, tem vídeos que apresentam erro e não reproduzem. Precisa consertar isso. obrigado"
Descomplica Faculdade,br.com.descomplica.fac,5,2025-04-09 00:02:57,"Será q alguém pode me ajudar? Estava fazendo o curso e o app parou de funcionar. Curso de Empreendedorismo... já estava bem adiantado e agora naum quer começar de onde parei... por favor, please! 😐😐😐😐😐"
Descomplica Faculdade,br.com.descomplica.fac,5,2025-04-07 15:34:41,só queria que colocassem tanto no app como no site da plataforma opção de tema escuro.
Descomplica Faculdade,br.com.descomplica.fac,1,2025-04-05 15:58:28,"sou cliente há muito tempo mas esta última atualização ficou horrível!! não roda em segundo plano! Toda vez que sair, agora tem que logar no app... ficou horrível"
Descomplica Faculdade,br.com.descomplica.fac,1,2025-04-04 12:54:35,Por que tiraram a opção de logar com a conta do Google pelo aplicativo? Sendo que no site ainda está disponível essa forma de acesso. Infelizmente não consigo acessar o aplicativo por conta disso.
Descomplica Faculdade,br.com.descomplica.fac,2,2025-04-04 08:05:22,"Vocês conseguiram, com essa versão que não faz nada além de puxar o website pra dentro do app, piorar a experiência do usuário - que já era BEM ruim em termos de app."
Descomplica Faculdade,br.com.descomplica.fac,5,2025-04-03 22:40:29,"Com a nova atualização vim dar 5 estrelas, aplicativo agora está completo e rodando tudo liso."
Descomplica Faculdade,br.com.descomplica.fac,3,2025-04-03 15:16:33,"Depois da atualização, o app virou praticamente a versão do navegador. E não existe mais a opção de baixar a aula?"
Descomplica Faculdade,br.com.descomplica.fac,2,2025-04-03 02:18:56,"Preciso declarar imposto, porém, quando entro nas opções geradas pela IA.smin, não encontro com a escrita que ela informa, e na hora que tento realizar a solicitação da declaração personalizada, pede para eu adicionar um documento que não sei qual que é, e só tem o botão para selecionar o arquivo e não consigo solicitar a declaração."
Descomplica Faculdade,br.com.descomplica.fac,1,2025-04-02 22:12:55,"o aplicativo está com problema desde da nova atualização, não consigo acessar minhas matérias, sempre quando entro no aplicativo pede para abaixar um novo mas eu já estou com novo e sou redirecionado para essa página, já reinstalei e nada mudou."
Descomplica Faculdade,br.com.descomplica.fac,2,2025-04-02 20:46:57,"está bem instável, algumas abas vão automaticamente para tela de erro."
Descomplica Faculdade,br.com.descomplica.fac,3,2025-04-02 15:13:59,"Mudou o app, mas piorou a experiência. Ao logar, prioriza as informações de curso expirado, ao invés do curso vigente e em andamento e, aparentemente, tiraram a possibilidade de baixar as aulas, pois não encontro de jeito nenhum. A melhora foi no player de vídeo, que não está mais apenas em modo paisagem."
Descomplica Faculdade,br.com.descomplica.fac,2,2025-03-31 17:28:22,"Não consigo acessar minha conta, o site e o aop não acessam a ela sendo que tenho o Enem top."
Descomplica Faculdade,br.com.descomplica.fac,5,2025-03-28 19:37:25,Muito bom! Aulas rápidas e informativas. Professores com una didática dinâmica. Exercícios pata treinar. Provas no nível do que foi ensinado. Super indico para quem procura ensino online :)
Descomplica Faculdade,br.com.descomplica.fac,2,2025-03-28 18:54:38,"cheio de bugs, cada dia uma novidade nessa semana. Hoje ele carrega e fica tudo em branco 🥲 uma semana sem estudar direito para quem estuda sério é um surto"
Descomplica Faculdade,br.com.descomplica.fac,1,2025-03-27 20:29:31,"Os cursos são bons, mas o aplicativo é horrível. frequentemente trava e tiraram a opção de Download, que era uma função muito importante para eu acompanhar as aulas."
Descomplica Faculdade,br.com.descomplica.fac,1,2025-03-27 14:05:44,"tava MUITO melhor antes gente, pq fizeram isso? agora qnd as aulas acabam elas nao vao automaticamente pra a proxima, eu nao consigo abrir os materiais interativos, alem de travar muito mais! voltem com o antigo, era muito melhor"
Descomplica Faculdade,br.com.descomplica.fac,3,2025-03-27 12:23:01,"Estou assistindo as aulas pelo app há quase um ano, porém, recentemente deve ter acontecido alguma atualização que as aulas travam, demoram pra carregar, além de eu não conseguir assistir tela cheia no celular porque a tela logo 'se apaga'. Estou fazendo Mba em Marketing e Branding, as aulas são maravilhosas e dinâmicas!"
Descomplica Faculdade,br.com.descomplica.fac,1,2025-03-26 21:45:39,"Olá! O aplicativo não contempla o acesso por meio da conta do Google. Como meu cadastro está vinculado à ela, não consigo acessar a plataforma por meio do aplicativo."
Descomplica Faculdade,br.com.descomplica.fac,2,2025-03-26 21:36:03,Gostaria de saber quando é que via ter a opção de logar no app com a conta do Google. Porque eu fiz a minha conta com a conta do Google e simplesmente não tenho como acessar o app porque não tem essa opção.
Descomplica Faculdade,br.com.descomplica.fac,1,2025-03-26 09:55:22,"Era funcional, agora o aplicativo virou apenas uma página de navegador, não consegue nem executar os videos em segundo plano. Façam um rollback do app."
Descomplica Faculdade,br.com.descomplica.fac,4,2025-03-26 09:05:48,"Pessoal, a opção de fazer o download das aulas não aparece mais..."
Descomplica Faculdade,br.com.descomplica.fac,1,2025-03-25 22:27:12,"O app desloga da sua conta se você sair dele, é impossível trocar o e-mail da conta, a plataforma é muito mal-organizada etc"
Descomplica Faculdade,br.com.descomplica.fac,1,2025-03-25 21:47:50,não funciona no tab 9 plus
Descomplica Faculdade,br.com.descomplica.fac,1,2025-03-25 21:29:56,"O aplicativo perdeu sua melhor função, a de download das aulas, o único motivo pra se ter o app instalado no celular. Se for pra só poder ver conectado melhor a tela do desktop ou no próprio navegador."
Descomplica Faculdade,br.com.descomplica.fac,3,2025-03-25 15:20:28,"comecei a usar o app ontem entao ainda nao tenho uma opiniao formada sobre. no entanto, nao consigo acessar o app na horizontal pq aparentemente a orientação de tela nao funciona. é algo do app?"
Descomplica Faculdade,br.com.descomplica.fac,1,2025-03-24 23:15:50,"tô querendo assinar o plano ,mas quando eu baixo o aplicativo ele simplesmente não carrega as páginas. infelizmente"
Descomplica Faculdade,br.com.descomplica.fac,1,2025-03-24 20:35:32,"Simplesmente o app não permite que eu acesse o curso. Fiz minha inscrição pelo botão Google e não tem o botão para entrar, apenas o acesso com e-mail e senha. adquiri a pós hj e já estou com esse tipo de problema. não tem nenhum tipo de chat que não seja com um robô"
Descomplica Faculdade,br.com.descomplica.fac,1,2025-03-22 16:36:11,"O app fecha constantemente, suporte ruim que só atende quando começo a comentar em todos os posts do instagram, mas a pior das coisas é que estou vendo aula em que a professora SÓ LÊ O SLIDE apresentado e acrescenta coisas redundantes como se não tivesse domínio do assunto. Gente, pagamos uma pós para absorver conhecimento e não apenas escutar leitura de slide!!!!!!!!! Contratei essa pós muito animada com a proposta, mas tem sido um pouco desgastante."
Descomplica Faculdade,br.com.descomplica.fac,1,2025-03-18 13:50:25,"Aplicativo não atualiza com as i formações do site, da erro quando clica nas notificações, dá erro ao clicar para ver as notas, e não tem várias funções que o site tem... Acaba se tornando inútil."
Descomplica Faculdade,br.com.descomplica.fac,1,2025-03-17 23:11:49,"não consigo acessar as aulas pelo app, tenho que logar no navegador"
Descomplica Faculdade,br.com.descomplica.fac,1,2025-03-17 20:15:24,"aplicativo tá mega instável. não está fazendo emissão de certificado, disciplinas e cursos somem da grade de aulas. ficar entrando em contato a cada erro (de forma rotineira) está ficando cansativo demais e o Descomplica nunca foi assim"
Descomplica Faculdade,br.com.descomplica.fac,1,2025-03-17 17:32:56,"muito ruim quando você precisa de alguma documentação relativa ao curso, a única coisa que você consegue fácil é declaração de matrícula, de resto você não sabe nem onde solicitar direito, histórico, comprovante de pagamentos.. nada.. é tudo bem complicado"
Descomplica Faculdade,br.com.descomplica.fac,1,2025-03-17 01:13:40,servidor instavel no dia da entrega dos projetos me prejudicou. eles tem que extender o prazo.
Descomplica Faculdade,br.com.descomplica.fac,1,2025-03-14 10:40:07,"O Descomplica me vendeu um plano de 5 anos com pos ilimitada e depois de 1 ano bloqueou meu acesso. Me enganaram. Eles nao tem nem telefone de atendimento. Chamei a atendente no instagram, pedi o contrato e pasmem, eles nao tem o contrato. Fujam dessa empresa. Nao ligam para o cliente só querem o seu dinheiro. A missão de formar pessoas não é importante. É enganação. Só perdi dinheiro. Tentei economizar pq nao tenho dinhero pra fazer uma FGV e acabei perdendo meu dinheiro nessa empresa duvidosa."
Descomplica Faculdade,br.com.descomplica.fac,2,2025-03-14 10:07:54,"apesar do layout limpo e que parece prático, as opções de ir para algum lugar com base em alguma notificação, NUNCA funcionam. conferir notas e atividades entregues e sempre desafiador, pois ao clicar na opção, sempre dá erro.ja desinstalei o app mais de.uma vez e conferi a orientação quanto ao uso do app correto mas mesmo assim a experiência continua sendo ruim."
Descomplica Faculdade,br.com.descomplica.fac,1,2025-03-12 02:05:25,"A página e boa porém esse aplicativo eo pior inconstante e sempre com bugs e erros, investiram bem no primeiro sobre o pré vestibular porém esse para faculdade e abandonado, muito ruim mesmo, uma pena de verdade."
Descomplica Faculdade,br.com.descomplica.fac,2,2025-03-10 10:23:13,Mesmo baixando as aulas o app apresenta lentidão e trava os vídeos.
Descomplica Faculdade,br.com.descomplica.fac,1,2025-03-01 14:32:30,"Não consigo ver/fazer nada pelo app, sempre dando erro, quando carrega."
Descomplica Faculdade,br.com.descomplica.fac,1,2025-02-27 00:06:31,Péssimo. Não consigo contato com vocês é ainda o APP não possui muita utilidade.
Descomplica Faculdade,br.com.descomplica.fac,1,2025-02-26 23:02:47,Estou com problemas de abrir no S25+
Descomplica Faculdade,br.com.descomplica.fac,1,2025-02-26 20:28:36,o aplicativo tem um bug o qual não carrega as disciplinas e nenhum conteúdo.
Descomplica Faculdade,br.com.descomplica.fac,2,2025-02-25 01:08:30,"Deixa a deseja na experiência, o aplicativo não mostra todas as matérias, a caixa de rolagem fica travada"
Descomplica Faculdade,br.com.descomplica.fac,1,2025-02-24 18:26:57,"Não consegui o meu certificado, complicado isso sim."
Descomplica Faculdade,br.com.descomplica.fac,1,2025-02-22 15:40:01,"Guys, é com imensa insatisfação que faço essa avaliação. Considero inadmissível o app da universidade onde estudo, e que tanto preza por modernidade, ser tão inútil e infuncional."
Descomplica Faculdade,br.com.descomplica.fac,1,2025-02-21 20:01:16,"Eu configurei o app para baixar as aulas na melhor qualidade possível, e mesmo assim continuam com qualidade baixa os downloads das aulas que faço."
Descomplica Faculdade,br.com.descomplica.fac,5,2025-02-19 15:07:04,ótima plataforma. Ótima equipe.
Descomplica Faculdade,br.com.descomplica.fac,1,2025-02-18 22:36:25,"irmão, que app ruim!!! é um caos escolher o vídeo que você vai ver, trava toda hora, te dá a opção ""resolução do professor"", mas não aparece nada... haja paciência"
Descomplica Faculdade,br.com.descomplica.fac,4,2025-02-17 22:44:57,"ainda tem muitos bugs, precisa melhorar a sicronização do apk com a página da faculdade, as vezes aparece erro que não é possível carregar a aula."
Descomplica Faculdade,br.com.descomplica.fac,5,2025-02-15 14:48:34,"Muito bom o app, de fácil utilização!"
Descomplica Faculdade,br.com.descomplica.fac,1,2025-02-14 15:29:59,Simplesmente não reproduz as aulas. Horrível.
Descomplica Faculdade,br.com.descomplica.fac,3,2025-02-12 13:12:52,"Estou usando o aplicativo a cerca de duas semanas. E tenho que dizer que é minha primeira experiência com o ensino a distância. O aplicativo em si é bem simples e objetivo, sinceramente eu gosto dessa interface, dá para mexer nele sem se perder. Porém comparado ao site ele deixa muita coisa de fora, como por exemplo não ter a opção de visualizar as lives gravadas e não mostrar quando tal atividade deve ser entregue."
Descomplica Faculdade,br.com.descomplica.fac,1,2025-02-11 23:42:06,Nunca vi um app / portal travar tanto. a ponto de dificultar assistir as aulas.
Descomplica Faculdade,br.com.descomplica.fac,1,2025-02-06 17:03:07,"Não consigo mais acessar, a opção de login via Google está indisponível mesmo zerando cache e dados do app. A tela de login padrão é redirecionada a outro login para contas da própria descomplica"
Descomplica Faculdade,br.com.descomplica.fac,4,2025-02-05 22:21:15,Conteúdo muito bom. Mas tenho tido bastante problema com bugs e lentidão para carregar algumas mudanças de tópicos.
Descomplica Faculdade,br.com.descomplica.fac,1,2025-02-05 12:55:44,"Faculdade tá mais pra complica, pouco tempo pra fazer os cursos"
Descomplica Faculdade,br.com.descomplica.fac,2,2025-02-05 01:34:03,App bugado dms bixo... Melhora isso aí 😤
Descomplica Faculdade,br.com.descomplica.fac,3,2025-02-05 00:04:57,Aplicativo passa muito tempo carregando... tanto o navegador web quanto esse aplicativo mobile
Descomplica Faculdade,br.com.descomplica.fac,3,2025-02-04 04:53:01,Falta melhorar bastante para mobile
Descomplica Faculdade,br.com.descomplica.fac,3,2025-02-04 02:33:29,"falta os recursos da versão web, como a parte de anotações inteligentes."
Descomplica Faculdade,br.com.descomplica.fac,1,2025-01-30 17:21:37,"Aplicativo trava muito, quando troca a aula, ele trava. Tendo que sair e entrar novamente."
Descomplica Faculdade,br.com.descomplica.fac,1,2025-01-30 01:48:04,"Não consigo nem logar no aplicativo, uma vez que o mesmo não crealiza no login através da conta do Google, só permite logar com uma conta própria, o que não tenho."
Descomplica Faculdade,br.com.descomplica.fac,1,2025-01-27 21:35:00,"Aplicativo péssimo, apresenta falhas repentinamente."
Descomplica Faculdade,br.com.descomplica.fac,4,2025-01-27 20:27:08,O app trava bastante.
Descomplica Faculdade,br.com.descomplica.fac,1,2025-01-27 16:47:06,"Esse aplicativo precisa ser atualizado, semestre novo, módulo desatualizado, tem que ter utilidade!"
Descomplica Faculdade,br.com.descomplica.fac,1,2025-01-26 15:20:21,"App bugado, nunca consegui assistir a nenhuma aula por aqui"
Descomplica Faculdade,br.com.descomplica.fac,5,2025-01-24 19:03:06,É muito boa versão mobile
Descomplica Faculdade,br.com.descomplica.fac,1,2025-01-23 18:07:43,"horrível, como estudante de engenharia de software da própria faculdade, aconselho a ninguém usar esse app, usem o browser e ainda assim é ruim. enfim."
Descomplica Faculdade,br.com.descomplica.fac,3,2025-01-23 11:20:58,"O app vem melhorando muito, porém agora tem um problema no player de video que ele trava e reinicia a aula."
Descomplica Faculdade,br.com.descomplica.fac,5,2025-01-16 13:06:56,Ótimo! Iniciei meu tecnólogo a um mês e estou amando! Algumas aulas desnecessárias mas acredito que em todo canto seja assim. O importante é que o principal é ótimo!
Descomplica Faculdade,br.com.descomplica.fac,5,2025-01-14 15:29:01,"Até agora muito bom, iniciei faz um mês, satisfeita com conteúdo, comunicação objetiva e clara"
Descomplica Faculdade,br.com.descomplica.fac,2,2025-01-11 10:28:09,não tem local para acessar minha avaliação
Descomplica Faculdade,br.com.descomplica.fac,1,2025-01-09 18:10:42,"muito simplório, não consigo enviar o material de conclusão"
Descomplica Faculdade,br.com.descomplica.fac,5,2025-01-08 20:33:06,a plataforma é muito bem elaborada para estudos! facil navegação
Descomplica Faculdade,br.com.descomplica.fac,2,2025-01-08 16:48:05,"A plataforma é ótima, o problema é que se sair da aba, abrir outro app em segundo plano ou bloquear o aparelho por mais 15 minutos ou mais, tenho que logar sempre colocando email e senha. Muito chato isso..."
Descomplica Faculdade,br.com.descomplica.fac,5,2025-01-07 12:54:28,Gostei muito pois é bem explicado e sem complicações parabéns.
Descomplica Faculdade,br.com.descomplica.fac,1,2025-01-06 08:36:07,Não consigo nem rolar a tela para escolher o módulo
Descomplica Faculdade,br.com.descomplica.fac,2,2025-01-06 04:42:52,"Interface simples porém bugada, não da para ver as notas dentro do aplicativo, precisa melhorar."
Descomplica Faculdade,br.com.descomplica.fac,5,2025-01-03 00:38:44,toda empresa deveria saber disso
Descomplica Faculdade,br.com.descomplica.fac,4,2025-01-02 01:09:13,Aplicativo que cumpre as expectativas.
Descomplica Faculdade,br.com.descomplica.fac,2,2024-12-31 17:50:29,O aplicativo tinha tudo para ser bom. Mas ele tem tendência a pular os videos e ignorar os comandos para voltar. Eu acabo gastando tanto tempo tentando selecionar a aula que falta a paciência.
Descomplica Faculdade,br.com.descomplica.fac,1,2024-12-25 03:26:39,"Uma interface simples, mas que não funciona. Bug de carregamento a todo instante. Perguntas e respostas diferentes do site, sendo que o gabarito considerado é o do site, inclusive errei questão de atividade no app justamente por isso. O próximo vídeo não inicia automaticamente após a conclusão do vídeo anterior. As atividades só constam como concluidas se abrir o site na mesma, para atualizar a informação no app. Quando fecha o vídeo não volta de onde parou, passa para o próximo. Não é só isso"
Descomplica Faculdade,br.com.descomplica.fac,1,2024-12-17 16:08:18,Muito ruim. Qualidade baixíssima. No YouTube tem coisa melhor sendo feita por amadores. Curso de gpt foi um cara com a câmera ligada fazendo pesquisas aleatórias.
Descomplica Faculdade,br.com.descomplica.fac,3,2024-12-17 15:00:32,"aplicativo trava muito, e deixa a desejar em suas funções"
Descomplica Faculdade,br.com.descomplica.fac,1,2024-12-17 14:16:50,"App horrível. Mal serve para assistir as aulas e o pior é que só serve para isso. Não carrega nota de nenhuma atividade, péssimo mesmo."
Descomplica Faculdade,br.com.descomplica.fac,5,2024-12-16 00:13:11,Estou enfrentando um problema ao tentar encaminhar o e-mail de redefinição de senha. O link de esqueci minha senha não está enviando o e-mail para a caixa gmail. Poderiam verificar e corrigir? O SSO do google não está efetuando o login nesse app.
Descomplica Faculdade,br.com.descomplica.fac,3,2024-12-15 01:30:15,"app muito bugado, ainda bem que o site é melhor"
Descomplica Faculdade,br.com.descomplica.fac,2,2024-12-14 12:41:34,Não consigo assistir as aulas no app. E quase tudo que preciso fazer sou direcionado para o site. Então o app acaba sendo inútil.
Descomplica Faculdade,br.com.descomplica.fac,1,2024-12-10 20:54:59,"a faculdade é boa, mas esse app não serve pra nada. não tem nada que tem no site. vc só consegue ver vídeos e nada mais, não consegue nem ver notas e nem entrar na secretaria por ele"
Descomplica Faculdade,br.com.descomplica.fac,1,2024-12-10 17:14:36,🔴 As atualizações desse app são raríssimas
Descomplica Faculdade,br.com.descomplica.fac,1,2024-12-10 16:59:20,"Parceria com Tim não funciona. Ao tentar me inscrever no curso gratuito para clientes Tim a plataforma informa que meu número não é Tim. Sou cliente Tim. Se solverem meu problema, reavalio o app."
Descomplica Faculdade,br.com.descomplica.fac,3,2024-12-10 16:48:37,"o app é muito bom , professores bacanas ,listas muito boas. Mas assinar é igual fazer um pacto com diabo. É muita burocracia pra cancelar e mds"
Descomplica Faculdade,br.com.descomplica.fac,3,2024-12-10 08:55:30,aplicativo não mostra as notas como no site. De resto é bom.
Descomplica Faculdade,br.com.descomplica.fac,1,2024-12-09 23:33:28,Péssimo! Não roda no meu Tablet galaxy tab s9 FE plus
Descomplica Faculdade,br.com.descomplica.fac,1,2024-12-07 22:31:38,"Precisam atualizar o aplicativo para ter as mesmas funcionalidades do site, pois esse app está muito limitado. Infelizmente isso vem atrapalhando bastante. 7/12/24: Editando para formalizar que não melhoraram em nada. Apenas pioraram. O site não abre, fui ver o aplicativo, e adivinha? Também não. Parabéns, Descomplica. Péssimo!"
Descomplica Faculdade,br.com.descomplica.fac,1,2024-12-07 17:15:55,"péssimo app, não atualiza as aulas com site, é lento e só dá pra baixar 5 aulas"
Descomplica Faculdade,br.com.descomplica.fac,1,2024-12-06 23:24:00,Precisa evoluir e colocar a parte da secretaria
Descomplica Faculdade,br.com.descomplica.fac,5,2024-12-06 21:13:33,"Infelizmente fica a desejar, não disponibilidade dos materiais de estudo em PDF para baixar."
Descomplica Faculdade,br.com.descomplica.fac,2,2024-12-05 10:32:11,O aplicativo está travando os vídeos quando passa de uma aula para outro automaticamente.
Descomplica Faculdade,br.com.descomplica.fac,1,2024-12-04 21:03:45,Trava constantemente.
Descomplica Faculdade,br.com.descomplica.fac,5,2024-12-01 02:22:45,"Muito o app, facilita muito!!!"
Descomplica Faculdade,br.com.descomplica.fac,1,2024-11-30 00:19:12,no tablet ele fica abrindo o áudio do video e desliga sozinho e continua o áudio e não mostra o vídeo da aula tudo bugado
Descomplica Faculdade,br.com.descomplica.fac,1,2024-11-24 15:11:30,péssimo app. completamente bugado. ele não consegue nem fazer reprodução automática sem travar.
Descomplica Faculdade,br.com.descomplica.fac,1,2024-11-21 11:01:58,"Problema com chat via WhatsApp horrível fica num loop irritante falando se quero fazer algum curso sendo que já sou matriculado , e outra não consigo trocar senha na opção secretaria para que posso enviar os documentos, complicado esse serviço de ajuda , sem falar que nas ajuda teria um consultor ou atendente desde ontem não tive resposta alguma ,"
Descomplica Faculdade,br.com.descomplica.fac,1,2024-11-19 15:50:33,N funciona quase nada
Descomplica Faculdade,br.com.descomplica.fac,5,2024-11-16 02:02:29,Excelente aplicativo.
Descomplica Faculdade,br.com.descomplica.fac,3,2024-11-13 22:29:41,"Há bastante erros, mas quando funciona atende o proposto"
Descomplica Faculdade,br.com.descomplica.fac,4,2024-11-13 19:15:29,"controle de qualidade de videooo, no celular não tem"
Descomplica Faculdade,br.com.descomplica.fac,1,2024-11-11 02:28:48,"Faculdade boa, mas aplicativo ruim, para uma faculdade com vários cursos tech a descomplica deixa muito a desejar np aplicativo, basicamente é pra assistir aula, tem um bug que não inicia o próximo vídeo, faz tempo e não arrumam. Não abre as notas, e é só ver as aulas e as questões. Muito fraco o aplicativo. Mas como falei, a faculdade é boa, só o aplicativo que é péssimo."
Descomplica Faculdade,br.com.descomplica.fac,1,2024-11-10 20:27:41,"não funciona no Tablet, ao clicar em ver vídeo ele fecha e volta para página inicial"
Descomplica Faculdade,br.com.descomplica.fac,1,2024-11-08 17:11:57,"Em 2023 eu fiz a compra de uma promoção, no qual eu comprava 1 e ganhava o outro de graça, eu comecei a fazer o de neuropsicologia e por motivos pessoais tive que dar uma pausa, fui fazer novamente e diz que não tenho nenhum curso liberado, atualmente ainda estou fazendo o primeiro, pois fui informado que só consigo iniciar o segundo quando terminar o primeiro, achei estranho aparecer isso ja que paguei o valor total em pix e não tem nenhum prazo de validade, não falo com IA, respondam"
Descomplica Faculdade,br.com.descomplica.fac,1,2024-11-05 18:01:08,O app e plataforma ficam fora do ar
Descomplica Faculdade,br.com.descomplica.fac,2,2024-11-04 23:30:01,"A faculdade é boa, estou amando de estudar nela, o app fica rodando infinitamente, quando tô cansado de usar o computador, as vezes, quero usar no app do celular para estudar um pouco, mesmo eu abaixando as matérias ficar rodando. Deveria melhorar isso. Uma faculdade que é nova, está bombando, precisa urgente melhorar o app, e fora que muitos alunos não tem acesso imediato ao computador por vários motivos, aí que o app deve ser rápido e funcional. E ainda continua o app fica rodando."
Descomplica Faculdade,br.com.descomplica.fac,1,2024-11-02 18:50:01,"Estou tentando contato pra informar que o APP da plataforma não está funcionando e não tive retorno ,estou perdendo aula, quero saber se vão estender o prazo ou me ressarcir?"
Descomplica Faculdade,br.com.descomplica.fac,1,2024-11-01 21:26:20,"Para ver as notas tenho que acessar o navegador pois essa opção não funciona mais no aplicativo. Já abri chamado pedindo uma solução, nunca foi resolvido. Já perdi a conta de quantas vezes reinstalei o app na esperança de voltar a funcionar."
Descomplica Faculdade,br.com.descomplica.fac,1,2024-11-01 11:05:41,"Aplicativo trava toda hora. Para assistir as aulas tenho que ficar abrindo e fechando o aplicativo, isso é insuportável"
Descomplica Faculdade,br.com.descomplica.fac,4,2024-10-31 16:27:08,"é bom, só poderia ter as mesmas coisas que aparecem quando se estar no navegador, como por exemplo: A aba de aulas ao vivo, com as lives gravadas."
Descomplica Faculdade,br.com.descomplica.fac,1,2024-10-31 05:57:18,Não consigo fazer login via Google 🫠
Descomplica Faculdade,br.com.descomplica.fac,2,2024-10-24 19:35:14,"Muito complicado a questão de Aproveitamento de Estudo, você precisa fazer tudo, vezes pra cada matéria que você pretende usar, sendo que pedem documentos difíceis e caros da sua faculdade anterior, eu já desisti e vou tentar uma outra que realmente seja descomplicada."
Descomplica Faculdade,br.com.descomplica.fac,1,2024-10-23 22:10:33,"Aplicativo mal desenvolvido, assim como a plataforma do site. Estou fazendo pelo computador pois o app simplesmente não aparece o módulo em que estou. Péssima experiência com a descomplica desde o site até o app, sem falar na ausência de whatsapp para contato, exceto o financeiro, porque pra essa questão eles são ótimos em atender. Pra uma faculdade que se diz inovadora e ""descomplicada"" é bem burocrática e desatualizada."
Descomplica Faculdade,br.com.descomplica.fac,1,2024-10-21 12:47:21,Plataforma muito ruim pra conseguir feedback e informações! Não há comunicação clara.
Descomplica Faculdade,br.com.descomplica.fac,5,2024-10-20 23:29:06,excelente aplicativo!
Descomplica Faculdade,br.com.descomplica.fac,2,2024-10-20 15:55:42,"o app está falhando muito,não consigo abrir as aulas muitas das vezes"
Descomplica Faculdade,br.com.descomplica.fac,2,2024-10-15 12:15:55,"Não consigo acessar, sou aluna e fica dando falha no login e diz que deu erro no serviço Google"
Descomplica Faculdade,br.com.descomplica.fac,1,2024-10-14 12:11:23,"resolvam esse bug do spinner, e também da reprodução automática que tem que ficar dando pause e play pra comtinuar atualização: link fornecido do suporte não funciona, tive problema na plataforma. perguntas no questionário de aulas que ainda não foram passadas me induziram ao erro ao responder"
Descomplica Faculdade,br.com.descomplica.fac,2,2024-10-13 16:24:11,falta recurso de planejamento
Descomplica Faculdade,br.com.descomplica.fac,1,2024-10-10 20:14:20,muito difícil de usar este aplicativo! todo momento da erro. Os cursos somem!
Descomplica Faculdade,br.com.descomplica.fac,1,2024-10-10 02:07:27,"As aulas são boas mas o app horrível ! Trava, apresenta erro"
Descomplica Faculdade,br.com.descomplica.fac,1,2024-10-08 17:16:26,"Ruim, complicado e pouco intuitivo."
Descomplica Faculdade,br.com.descomplica.fac,5,2024-10-01 13:12:30,Experiência excepcional!
Descomplica Faculdade,br.com.descomplica.fac,2,2024-10-01 12:34:40,"aplicativo não possui algumas funcionalidades do site, tal como realização de provas e do pitch via app"
Descomplica Faculdade,br.com.descomplica.fac,1,2024-09-30 17:58:56,"travando bastante, dando erro e demora para ser atualizado"
Descomplica Faculdade,br.com.descomplica.fac,1,2024-09-26 02:33:52,"Não consigo ver a nota das minhas atividades. Acho que já está na hora de uma atualização, né Descomplica?"
Descomplica Faculdade,br.com.descomplica.fac,1,2024-09-24 17:46:42,"Tenho o tablet da Samsung s9 fe plus no qual eu não consigo usar o app nele, não aparecem os vídeos somente o som ou até mesmo nem isso, fica a tela branca, desloga, ou aparece 0 no nível das aulas e vc simplesmente não consegue escolher o vídeo que irá assistir ou alguma aula nesse app. A faculdade apresenta o app como solução para mobilidade podendo baixar as aulas enquanto na prática isso não acontece. Na hora de buscar ajuda eles falaram de forma resumida que é para estudar no navegador"
Descomplica Faculdade,br.com.descomplica.fac,1,2024-09-23 18:17:02,"Não consigo logar pelo app, pelo navegador loga, mas pelo app não."
Descomplica Faculdade,br.com.descomplica.fac,1,2024-09-23 15:40:18,"Gente, melhorem, tem muito a melhorar. Começando por colocar todas as funções do site. Não vale a pena usar um app se tenho que acessar o site para maioria das funções. Uma versão híbrida do site seria fantástico, não precisam desenvolver app nativo para aulas."
Descomplica Faculdade,br.com.descomplica.fac,1,2024-09-23 13:58:39,Gente é sério.... Que app ruim. Tô fazendo ADS e quando terminar queria q a Descomplica me contratasse pra cuidar desse app... Eu heim
Descomplica Faculdade,br.com.descomplica.fac,5,2024-09-20 14:30:21,"otmos conteúdos, plataforma super organizada e dinâmica"
Descomplica Faculdade,br.com.descomplica.fac,1,2024-09-18 22:32:42,"Sinceramente não sei oq está pior, o site da faculdade ou o aplicativo. Aplicativo não carrega as notas, ao responder as questões o app não grava, as vezes grava mas computa como errado ao ver no site a resposta marca como correta... Impossibilita baixar as aulas, mesmo sem nenhum download o app acusa que já existem aulas baixadas e por isso não pode baixar novas aulas. É extremamente frustrante a ferramenta de estudo da faculdade"
Descomplica Faculdade,br.com.descomplica.fac,2,2024-09-18 02:37:09,"Trava constantemente, não passa automaticamente para o próximo vídeo, é preciso sempre dar o play para avançar. No meu caso que uso o tempo de deslocamento para o trabalho para fazer o curso, não consigo pois é preciso ficar mexendo no celular enquanto dirige."
Descomplica Faculdade,br.com.descomplica.fac,1,2024-09-17 18:13:32,"Faculdade digital? Que roubada, nunca tive retorno de nenhum dos comentários que fiz nos vídeos das aulas. Estou tentando resolver um problema há dias, não existe um número que alguém atenda, tentei resolver por mensagem e simplesmente as pessoas que respondem dizem que o setor responsável irá entrar em contato. Pior escolha que eu poderia ter feito, é o barato que saiu caro."
Descomplica Faculdade,br.com.descomplica.fac,5,2024-09-16 22:28:12,nunca pensei que estudar fosse me preender tanto!! estou amando ate agr 💜
Descomplica Faculdade,br.com.descomplica.fac,1,2024-09-16 20:48:10,"Vive dando erro...some curso, nota não aparece. Decepcionante."
Descomplica Faculdade,br.com.descomplica.fac,3,2024-09-13 14:00:54,"É um bom aplicativo, porém tem que melhorar, tem poucas funcionalidades, e não conseguimos colocar uma foto no perfil, por ser um aplicativo de ensino a distância meio que seria obrigatório. Contaria muito para a experiência do usuário."
Descomplica Faculdade,br.com.descomplica.fac,3,2024-09-13 13:13:53,"não dá pra ver as avaliações do módulo, oh saber resultados. o fale com nosco não é efetivo."
Descomplica Faculdade,br.com.descomplica.fac,1,2024-09-13 01:13:36,"A proposta é incrível, mas o produto é péssimo. Não consigo acessar às aulas, toda hora trava, não carrega nada 🫠"
Descomplica Faculdade,br.com.descomplica.fac,1,2024-09-12 14:58:40,"Impossível efetuar o login no app. Com login e senha-> ""Falha ao conectar com os servidores"" Login com conta google -> ""Eita! Houve um problema ao tentar acessar os serviços do Google"""
Descomplica Faculdade,br.com.descomplica.fac,1,2024-09-12 12:40:34,"O Aplicativo parece que foi esquecido, só piora e muitas vezes não sincroniza o conteúdo já consumido."
Descomplica Faculdade,br.com.descomplica.fac,1,2024-09-09 09:56:39,Toda vez que tento assistir uma aula a app desloga da minha conta.
Descomplica Faculdade,br.com.descomplica.fac,1,2024-09-08 00:17:16,Não consigo abrir minha conta de jeito nenhum
Descomplica Faculdade,br.com.descomplica.fac,1,2024-09-07 14:57:43,Um lixo! Vou processar essa empresa
Descomplica Faculdade,br.com.descomplica.fac,1,2024-09-06 02:58:17,não funciona no tablet Samsung s9. só fica na vertical e não abre os vídeos
Descomplica Faculdade,br.com.descomplica.fac,1,2024-09-02 13:04:55,Não consigo entrar na minha conta no Pc e nem entrar em contato com suporte pelo app.
Descomplica Faculdade,br.com.descomplica.fac,3,2024-08-23 19:53:20,"Não estou conseguindo ver detalhes das disciplinas quando vou em ""Exibir notas das atividades"", como notas, exercícios realizados."
Descomplica Faculdade,br.com.descomplica.fac,1,2024-08-21 00:57:57,"esse aplicativo não funciona, e ninguém resolve, só manda mensagem automatica"
Descomplica Faculdade,br.com.descomplica.fac,1,2024-08-19 12:04:26,"A possibilidade de login com o Gmail não está sendo mais possível, o que impossibilita o meu acesso."
Senac,br.com.senac.portalaluno,5,2026-09-24 14:37:17,Aplicativo excelente!🤩
Senac,br.com.senac.portalaluno,1,2026-09-22 21:38:25,"Horrível coloquei login e senha certinho,tá dando que alguns dos dois esta errado sendo que não esta pra declaração de curso da pra ver que é só pessoalmente."
Senac,br.com.senac.portalaluno,2,2026-09-14 14:45:41,"nao consigo entrar no meu acesso mesmo botando os dados correto, não envia email de redefinição nunca para alterar"
Senac,br.com.senac.portalaluno,5,2026-09-10 22:11:28,aluno do SENAC desde a sua fundação em Juazeiro do Norte
Senac,br.com.senac.portalaluno,5,2026-08-28 20:28:03,"Excelente!!! O aplicativo é muito bonito e funcional! A navegação é intuitiva e facilita bastante a experiência do usuário, tornando tudo mais simples e prático."
Senac,br.com.senac.portalaluno,1,2026-08-04 13:23:48,"Não é possível usar o aplicativo usando o e-mail e senha do próprio site, não entra de jeito nenhum e também não é possível trocar a senha pois o e-mail de recuperação nunca chega."
Senac,br.com.senac.portalaluno,3,2026-07-21 17:11:39,"Não recebo o código de validação, para ser feita a troca de senha"
Senac,br.com.senac.portalaluno,5,2026-07-17 03:25:51,Facilitou até demais!
Senac,br.com.senac.portalaluno,5,2026-06-08 18:18:22,Muito bom! Visão geral do acadêmico Senac.
